x0,x1,x2,x3,x4,x5,x6,x7,x8,x9,x10,y0,y1
-1.2942230140981605,0.32578809830986094,0.8720744101878931,0.6902875751583609,-0.08721038977233381,0.3783815194409668,1.0686749585302868,-0.9621542057407635,1.2334833914559735,0.996182958761517,-0.7855284452660224,-0.029846559472457873,1.2841436649455018
1.7870915045756544,0.40205490363894053,-1.7223531865679278,-0.6859681012765646,0.1903429376142754,-2.5369214204080595,0.9971954378660239,0.14806390202609016,-0.565582005808071,0.9926862143721136,0.0338423780872053,3.703817217410826,-3.5897748210730787
-0.05846472664285426,0.2127049124359936,-0.22100020550468302,-1.8769460946130685,-0.19313352143275161,-0.26287517385516573,0.29348244229532394,1.3639047683222536,-1.2041249530631737,-0.3709478954386338,-0.20108924729072203,-0.8736148741946813,-1.1623992958303888
0.5328268198985222,-0.7462479476109395,0.1800352416103678,-0.4408882781665331,0.2710440881718201,-2.500786892256683,2.209329501171514,-1.3239129878397173,0.48446111547163334,0.21638594108193834,1.6688160062072355,2.7574770940808127,-1.8800745733429303
1.9972138809329207,-0.805418391703882,0.09322471893459965,-0.31255680632582306,-0.16827754785090093,-1.395277833769548,0.8362324176406827,0.02470975244542596,-0.7237828737010177,0.7127694778622312,0.7325590116844013,-0.14434278109514848,-3.5673088908247528
-0.3770539869382112,-0.9731305062990392,-1.1960557935085812,0.2058123939263302,1.1561326034215471,2.0702063388664214,-0.35122629316290327,0.10020260108370452,-0.5172708056235794,-0.34203892306510636,0.6673313598290275,-2.110194910142481,0.0761799475568844
1.8721858949693397,-0.29776359725718027,0.385043867374136,-0.5567583773032162,0.9746176677692935,0.4457525287608735,0.8809366800196119,-2.25453731133993,0.6664478435387676,-0.32749934825568766,-1.0194904015439563,-5.565862971419918,-4.932477447906092
0.5213612252118093,1.3238764407637527,1.4698795484318186,-3.065579064630189,0.9245685911632716,1.7061823229361492,-1.9116286949822463,0.899878174003399,0.4842927787884096,0.31690236862504856,-0.7271450756099138,-6.016773041045083,-5.035779146315603
0.6778444623430385,-0.3469130592034317,0.5331072082941256,-0.27272780686643705,1.207234428786205,0.22535041071275408,0.015483580239493663,0.8411806639934326,0.3761064448836041,0.9631413863812728,-0.2628746267669271,0.6008463419114942,-2.366088446243208
1.4098471146027463,0.6600013003237858,1.4379973196386067,-0.2002710839259305,1.4393604766216552,0.6415895497953301,-0.6407993073754003,-0.1169299354705392,-0.3591817772621897,0.166344285296654,2.5184305855803935,-3.4216214499648365,-3.0358555371566958
0.9826988144987115,0.212543125465689,2.0280268193373847,-0.12880957311489322,-1.4477578670944453,1.4070128390063417,-0.8800069184361993,0.7244050655778544,-0.04305326933675251,-0.9671361790162007,-1.4747644787878795,-4.784009932080306,-0.8960166152250395
-1.8512591020146305,-0.9294262412024544,-0.3656418044715421,-0.37488855363489865,-1.44246932412139,-0.5256874696262709,-0.36884885582899224,-1.1589762444523857,-0.3695673692672876,0.793292816430552,-0.21688833266509935,-0.9623035270547062,3.0802755610115593
0.6873960560249665,0.6646059976027044,0.14483138919799443,0.5380357532806289,0.20324612041445997,-0.3624446890018775,1.2369533851306267,-1.7203606167987682,0.514376858129617,0.05381226693917958,-0.2396145124526892,-1.3417509855747023,-1.4239181950801536
0.36565084102805034,0.6314323266805254,-0.8543098479263654,-1.4601860323363978,1.5679032050306865,1.6903231084737378,-0.9347881868749212,-1.5388693413747754,-0.8307796888891994,0.7991419362595883,0.16179910126610242,-7.257965577341087,-3.416819073430705
0.010911972898794147,-0.7344669410320255,-0.4472617659073966,-0.1576429349931528,-0.8307359064216071,-0.5851915451082133,-0.15784304101457933,0.3965887308956387,1.1364590213753094,-1.0121022857853859,1.4293911072844085,3.8096614551902257,0.41310843507491696
-0.32068129211486074,0.6105186273722224,-0.9713568019473225,-0.5125357092762356,-0.32057799992465574,1.1278122581320247,-0.35616810948171135,-0.9330219906393068,0.5433754205731071,0.4071114853327169,-1.2806056930347922,-2.628352319216162,-0.9632790724017815
-0.014925428291637075,-0.4185643872353097,0.5276800182464754,0.20661774150075524,0.21251342356931222,0.5303346577021951,0.44418769492099053,-0.09187754554131804,-0.012779699735469864,-1.039617434722208,-0.5278112721700208,-1.1421094105527057,0.5228417751924291
0.7145042934118474,-0.056216570155486055,0.32987458344936854,-0.1188182390827528,-0.8335516766836503,-0.03995045672332841,-0.3393913406619448,1.6820784495224774,0.8490723260385382,0.58935173969975,0.6669538831324188,2.850303012177627,-1.5583221458543404
-0.2510110121561989,0.10790553935791004,-1.1455959657513652,0.8638348049112452,0.39332818247886203,-1.6250654671321165,-1.9362157203148922,0.8111915798060202,-0.6456570654281151,0.2979599768092743,0.6855337291948199,5.610513987621463,3.1307114820259363
1.1394173442434417,-0.13366681879847983,0.5133213144075336,-0.41519701386602215,0.8919533813301178,-0.6694868892793976,-0.10004503792989805,0.367904865398612,-1.5987583793541122,-0.29665677727772344,0.6455829682446161,-1.566316016488879,-1.2091644952791787
-0.8050261216012845,1.4824448522051943,-0.7957316453933994,-1.7116292098305943,0.1410699275959035,0.7830564055609206,1.6519361161241088,2.657859449038239,1.0362185280606047,-1.997225310666969,-0.3256394434664656,4.032229749121135,-0.8648340245569415
-0.21742557729448211,0.049737050153301945,0.27038106380716315,1.0141468333692751,0.1488510650276859,-0.46107067670974433,-1.8663750188464754,-2.578629932038526,-1.0999709591208435,-0.5477332588786777,-0.6518351601650088,-4.095167157545578,3.1494827562341507
1.3561812183743374,0.027010455582930592,-0.24761132781625222,-2.2077287510097845,0.5839828700154757,0.8170655347255867,-0.6265688068467948,-1.863419352744806,-0.2390446067678993,1.2031981210162273,-0.011976956981781785,-7.78345809001174,-5.955603685998066
-0.9449512155062071,0.8764592004802702,-1.2597012519180162,-1.0978767693333475,-0.1472089041115002,-0.853834505752888,-1.0303752679388765,0.38871536953716385,-0.12730968205200743,0.3568707841021136,-0.8740922573062173,2.117654309991793,1.105182812483084
0.7475815189430647,1.001968112803562,1.601021847109034,1.5651282984224202,1.1575498763062206,-0.5640504565431583,0.5435094686893162,1.1831852312440099,-0.03207886837559522,-0.3430023191988237,0.4085976834396755,3.12629135787865,0.7352594261184748
-1.895842889576224,-0.8656888814209438,-1.0683216511680094,-0.7240015209578893,-0.73370766988228,-0.03020996410593533,-1.1719251798634993,-0.6139412484409642,-0.12332352282324698,-0.5518149437908529,-0.31479793921548604,0.14052877046234905,3.5581053803842266
-0.4105967065064763,0.6019374645484326,-0.6119472850988353,-0.8065470487113154,-2.737384840599975,-0.17310954379669632,-1.669068027107733,1.1498527255350843,-0.8121583871892477,-1.368680347022929,0.7377418169323113,0.2381994124148239,2.590088964416662
-1.4026153350765487,-0.9010311263547081,-1.1755414724453994,1.6775744171448583,-0.5721100636976372,0.24717008930444742,0.11011154315259888,0.4859127666215842,-1.0752488019572919,-1.7892913972654143,1.6280459696537881,3.1111830513130467,5.825234385560421
1.7187915990677538,-0.255084751227185,-0.09489494625464477,-0.4269608551109514,1.5451179294928077,-1.7137411419991235,-0.34621877049457345,0.3340816439738232,0.11053389607323852,-0.6578184930491131,0.11339556844621813,3.0677262515531027,-2.575836243801092
-0.8338215737199569,0.09415941527246943,0.5834400294948282,-0.016382764060852477,0.1478676440312818,-1.0478840621613252,0.6116324790267461,-1.3938703527317557,1.6658484506486269,0.7133907749082521,3.0580731291544634,2.5893087593246364,0.19285326717482648
0.5422998002057675,0.48351845264568366,-0.28208949442621445,-2.013727454929835,0.6687116533288625,-0.1615155434321924,0.07020007747974671,-0.2798219048389968,-1.5332555716983682,0.3253487947361598,-0.9287684633710007,-4.8994945819009965,-2.8115153087708045
-1.0035561540677969,0.8505746588387497,-0.8532280498482178,1.5577315165555814,1.7064907201165422,0.4345595793442739,0.11678446181183649,0.43985508760369896,-0.5396987510386123,-0.5711541388780292,0.08448044793293527,2.715689766078102,3.5140070718420016
0.8603588380735117,-1.6669878940568126,-2.5182312897420362,-1.0028153006646816,0.33969643208781947,1.5378242255821308,-1.0529736562923682,-0.3080332662143588,0.2381290257164941,0.8499179634487274,-0.5225401252139177,-2.028192040709126,-3.759142861954887
0.8069051912766418,-2.1553606198690094,-0.3662368029876671,0.09093088394117743,1.3644810494839312,-0.5110232929305306,-0.4299646974120239,1.0037527225524028,1.342812538401877,-0.6662065573712073,-1.4100935798910792,5.089954394677251,-1.4704593694063393
0.5456948292760679,-0.47203574787750513,-0.2679059549593582,-0.730541955584008,1.0721585705961048,-0.6012874835448204,-0.782370353613328,-0.4539132551341148,-0.09967480234728375,0.031155308834557572,1.3501635201446318,-0.16574289354197158,-1.646754533523
0.9890636713478649,0.5327559804773595,1.4651823211193813,-0.30895107837130925,-0.41225262510298405,0.32015549174855557,-1.236187796472197,2.125785801689854,1.724574661830069,0.9007513143604405,2.2011949421245633,2.997468871749724,-2.7733539253469477
1.3061784713788187,0.5314946109746288,-0.2059536426065693,-0.35250228851464316,0.988109103213007,0.8977382059071416,-0.03198580618301119,-0.8561090289179194,0.14576747764279704,0.6427762597912005,-0.9546116092365295,-3.7541003774018074,-3.9502699911812797
0.6936210864494393,0.6005397931816544,-0.46430582705540846,-0.3659070260926594,0.22502150231866913,0.4161484354877919,-0.9064580377902328,-1.181676342355225,0.9447339403838753,1.8549017889570982,-0.3270864041953596,-2.0745355429704033,-3.0664941919809707
-0.40910623619644537,0.5582153442420379,0.04113551593637612,-1.3715404253063457,-0.004917112590828048,-0.24954316373490812,-1.5030464545508906,0.5103709092771379,1.8211414290646282,0.5287624870216694,-1.8848955008016157,2.262633937973347,-1.3565633529234185
0.8902298494584442,0.18356438870048367,-0.03647026523990638,-0.6279318706566576,-0.5260735212910836,-1.365348993270123,0.5775837676994003,-0.3499303619280685,-0.5150052352076202,-0.7496309096348277,1.8308472520468209,0.14897726160030436,-1.216648787438471
1.119814879030012,0.6988489363452617,-0.8890011866845436,1.547849233825973,-0.2087809867711226,0.7147769813251691,-1.5128269827460628,0.42964604462450934,0.46378232008451764,-0.5897865136991707,-1.368577919837586,1.5427181989929348,0.46146070862156174
0.6750052154198551,0.6202115516318832,-1.4117373688188741,-0.7957270833615493,1.4827776406970021,-0.8421362181733177,-0.4454186139625627,-0.14562602063946567,-1.4302466699885623,1.5178857836681026,1.2716473990488835,-0.3454076870389402,-2.332538015835443
-0.14841577517103305,-2.1678933394707656,0.10308184207765078,0.5820011456739921,-0.40463078235019007,1.233828432087166,0.6479049100959415,-0.687376082974144,-1.882760445350283,1.4256080184669797,-1.184586369035427,-6.09364082459194,0.18765876127559725
-0.13006209022983808,0.16228140064236707,0.7186914634306605,0.8234277292366036,-0.28660066013196683,-0.5219796177569866,-0.5191178291241465,-0.4626887095789091,1.2521632083701348,-0.9919296626351012,-1.2582881967495367,2.271812535185185,1.7458711031281235
0.05899156004783044,0.7737866541150455,-1.4128337350605684,0.882774038516385,1.137170224592008,0.7623763609910353,0.10134452560160384,0.9526226326171853,0.48159777571554796,-1.3211305679201653,-0.612696932466528,3.456475608841195,0.8866258143852508
0.4287134917734342,1.2086690505015123,-1.3430687060810904,0.7992014465184777,-1.1902035645074514,1.382223028600684,0.5133721181217414,-0.13640397780231872,-0.8179235363186746,-0.10273887266691113,1.4230208086855707,-2.346119624652932,-0.06714204805786031
0.07512081136771266,0.16473079618260889,0.6258995532769552,-0.6554250925032798,-0.8032203213741171,-0.5805772839392334,-0.10749192127757257,-0.21069946340806142,-0.3139717992650484,0.5390942908167651,1.3041644906366603,-0.9886679443420181,-0.7012105203923074
1.1521390863504402,0.11814324293871108,0.32058139503366356,-0.09938012602168218,1.6125632901938436,0.23987775958618365,1.3580856750158403,0.3077588431519327,0.7931517998077264,0.45510270325883234,0.18603526329614772,0.5499963770554042,-3.773178078243643
-0.09542126605824419,-0.14931360302870356,0.043033594138684704,0.17034775432370836,1.9185609011661153,-2.000399319953719,0.039480380429953894,-0.0415365147079205,-1.4522324317674549,0.4465835538813916,-0.7595280407558219,1.8890073869526027,1.197120409958318
0.008467440392335752,-0.15303956612699304,-0.11964200426075607,-0.5078177497404418,0.22042881246168608,-0.7841941935062661,-0.9693269440476193,0.03455965590765383,0.7225322450861403,1.0123326361572207,0.05784118657313247,2.045926059883572,-1.0432343647907094
0.8118754869649136,0.14743719848025383,2.3482574144732755,1.1368851992090288,-0.5661542688821801,-0.6409263254813173,-0.4683387834632674,0.9622536318111644,1.6601673910965662,0.525183907275581,1.6666185714818396,3.785019543894081,-0.40635513472141177
0.6246903643489633,0.7887124731366537,0.8266440622658425,1.784768673207581,-1.9811545502259291,-0.3998333313549273,1.7800293973696824,0.7534076396106255,-0.24226292191479207,0.5587247360407772,1.6686523945097387,1.7562957359977767,0.7034285051665139
-0.7143556770310546,0.14530341923157922,0.02654868257955977,0.4755164712051886,-0.09708768353248765,0.4089882390840899,0.9131310822131564,-0.9154566822891369,1.4707318838252628,-0.05398244647462392,-1.5574867467150348,0.4958724211102852,0.40213706573188346
-0.7265207652760179,0.2254593973284489,0.8614065794188267,1.3684003004066068,0.803219582663839,-0.2793055609316765,0.41400944531480943,0.10640579331801665,0.48989682619824126,1.3966939741300153,-0.3942124301747378,2.4952600322557257,1.6151642644912259
-0.257787954996376,1.446484176049967,-0.05828180698944397,-0.770599375946532,0.4470673206326131,3.474431241838578,-0.3676480892090224,0.8876191006474587,3.2305439478136067,0.45450797594034953,-0.29551258880682807,-0.7271274020211661,-3.748130049486857
2.191498279836763,-1.191602773051911,-0.5700780837081905,1.437509784476508,1.4777543798751018,0.4023844758136457,1.5523090648329698,-0.2201115192753064,-2.0481299374049633,0.14214514819955745,-0.9764329038352211,-3.059126656930267,-2.535765013677182
-0.6034478803842076,0.015140491196577576,0.4149098613973828,-0.30827322699309617,-0.3510913569871047,-0.06045009717584599,-0.32094711929430997,1.7894180703092986,0.04294168024549334,-1.2642967734966368,2.943041499456919,3.521527711237712,1.8343980836120144
0.8154901060424126,0.8852551404074607,1.17513306248489,0.7655379437544306,0.15872124055618161,0.9193992796605196,-1.9137820620041763,0.762165877560549,-0.5464435532466404,1.3022819410655073,-0.9406197558265821,-2.6680378252253636,-0.6078094736273273
0.8963679783285634,-1.2973449061153173,-0.16482039833793077,1.8380984625890797,-0.3246376692320154,-0.8736284612745594,-0.3803603640017573,-0.47285995287448296,1.3030612081700725,1.4876528343365407,1.0821636118621611,4.216762017366259,-0.4300079673413865
0.8378489085717025,-0.6373875306116763,0.5414195256679669,0.3180981571744938,-0.8993475761112438,-1.1567848846545072,-0.6904026004803008,-0.20586036266180963,1.4558043416889257,1.4094158804263206,1.2840574954390342,2.9094481826592298,-1.641773793502528
0.8528728386857112,0.9068250082691433,-1.9507404984274515,-1.9577684251956093,-0.6043336484588047,-0.6198453818259191,-0.3993963944749617,-0.43945390578331944,-1.623399619952835,-1.0168462431372474,-0.7817690856075057,-3.0474701461605553,-1.857199239702561
0.5489444078577899,1.0845436175353,-0.5708428524926935,-0.24574457035499303,0.1683920148972951,-1.4353319947816239,0.5666534512525316,1.0870802587681434,-0.6426091301631307,-0.023527369740870527,-0.1719884043767735,3.282663587342298,-0.5526906522233248
0.7412044449944412,1.2135926636586323,-1.9409405363271837,1.1007722845733827,-2.1476362285512605,0.4428774633714698,1.1052379327030364,0.18337183365876425,-0.43563475930666284,0.6573585113956636,-1.2358196976914986,0.17816366582243734,-0.25955623200448624
1.3323008784372068,0.04587467999630569,1.0811837679936565,-0.47738007146622025,1.5595519140024827,0.1647428881363479,0.13326290274063332,-0.19650731281401615,-2.183678249702093,0.4346718784960162,0.30312308537110555,-5.896534917757323,-2.4298138904293918
-0.6793820836397452,-1.1148306141690705,1.1897601234979849,0.7176083024577727,1.697429530832329,0.06992958877926456,0.23833414687867283,0.1254816521679159,1.346612988240198,-1.1799045295657398,-0.7990869553250193,3.023575924715311,1.7872309687408725
0.0327337322113461,-0.2868983609844053,-0.5084579791748256,1.6139838125293955,-0.4095996760206439,0.08358437073640954,-0.325148862220114,-1.0974452468223062,-0.4486054422239514,-0.9020087467901299,-1.304019483470865,-0.7166044994234665,2.8343990841142617
0.00460590762172874,-1.4359946095951963,-0.5612220947745319,-1.131654121847427,-0.869489368180482,0.1558750149475377,-1.0750776970422216,0.7622596999618624,-0.8627834057116461,1.2595570404241763,-2.4972296269750136,-1.7653985621920674,-1.0167464847864953
0.8473908970377172,-0.119718648661025,-0.30427789039008035,-0.7876979785081014,-0.9968633659005683,0.47943069846571523,-0.17633709003631318,1.1199329024897013,0.6407744030003132,-1.1880315671328558,0.22553776237498874,0.7701941505650569,-1.8174925847291767
0.49569097721628513,-0.44687869349069287,0.27213957195580585,-0.5035909397454268,0.24662336209808455,0.840226498482029,-0.9811759956500076,0.9047876941436908,0.3105864671401139,-0.7841315390019277,0.08131247819695907,-0.5270341052001405,-1.071288391674757
-0.37600764554001576,0.19174346680242713,0.5170391427020035,0.8309318308615476,-0.5187888047991946,0.8617311324402157,-0.05800866749284133,0.1669935048070207,1.5016436026663509,-0.8996463818559994,-0.49923135578863287,1.3558846199448256,1.2901334344260411
1.6693827699955723,0.0630519745400114,1.2827000915128994,1.1284784333101139,-0.04042958156822262,-0.9662151644046362,1.2087581046506102,1.5383539358664824,0.5364213084611907,-0.8398440687658756,-2.5281107598259567,3.5361085845225486,-1.0154830384819777
1.2296789600280347,0.816097695738326,-1.0276720810274145,0.8944060310573504,0.1944390993196536,2.4437783635619406,0.7476504386368117,0.7200108764447871,1.5146940643025897,-0.34520736693231896,0.47704750367793936,0.3543339182934598,-3.0064665114896814
0.26082991559447155,-0.36404028771967195,-0.062644314365571,0.5740180850350912,-0.9883471785648857,0.6216308671082736,2.3694628373009547,-1.387825684707461,-0.7817323760013966,1.2008051628718,0.1504806971273314,-4.529067338551473,-1.2298750934407918
0.20064599048467258,-0.2085682742619617,-1.2545627645447741,-1.3628090386975262,-1.697800919761727,-1.5425381924868196,-0.7850551095208312,0.8740031608355832,-2.769671122903747,-1.4383528765460778,-0.6285148721598823,-0.9123241506859343,1.8998430921793057
-1.4330180801233037,1.590033041535027,-0.3947768012624578,0.06426967956774979,-0.03051471200613876,1.7416687596507983,-1.3145274838714724,2.1250110130112394,-1.7672692505730594,0.4091250938822659,-1.0500317713532967,-1.4468675725390752,3.07513817209208
-2.639579934538664,-0.7722634179170829,-0.5458688949940962,-0.1141520958142868,0.16661219492461846,1.2820151045640726,-0.7616556858447989,1.0084184969458927,0.6065386975514719,0.054960386941661325,-1.9724490413372389,2.036827343851584,3.9101619696424272
-0.2358202236485676,0.3249643798848997,1.1353989165162424,1.2029754394186307,-1.7636782906724982,0.7665306768683333,1.038922420394927,0.8711116540345512,-1.003505121664322,0.10446634540078639,1.0999721672595888,-1.5203347232868751,2.079316280646247
-1.5977491285856948,-0.5816466013464128,0.057446467592559274,0.46572620251069907,-0.8996975624748421,-0.9178697770337367,0.8875240337801191,0.4179809626668794,0.4222038946945087,2.3685573892160914,1.557409738523388,4.059601935120869,2.014001785565625
0.7929586361404659,-0.9610078394897215,0.23452721268813695,-1.7464084310761603,0.37164421440952033,-0.22855396798700248,1.9919697574887583,-1.2265387593801378,-1.1760474189983279,-0.17214444315620733,0.8860300982195523,-5.368322805616027,-3.8176092566637516
0.4156154904871713,0.5522216988574205,-0.36512060089041143,0.16423199069478875,0.6861832691725925,0.11217186803740561,0.21853483657609868,0.9329366056764078,-0.7345459301751351,-0.8400209801169359,1.5368449287297228,1.0961403328873878,0.09211489538717349
1.0920019117519444,-1.552113675279523,0.6913976602865242,1.4989626296692056,1.716215952120487,-0.014893210864700262,-0.7235302517177513,1.386973573469313,0.69814583080102,-0.015765039721541748,0.8302418980889992,4.458399640443802,-0.5882239102833402
0.03923808889576907,1.9051803182989635,0.29840024043602115,-1.4587634165069083,0.12380257679800578,0.8761678420812793,-0.815352860348388,-0.4006972905889205,0.05899620722081797,0.31877156596475703,-0.09162482181471235,-4.230245871114109,-2.0909455252740257
0.9684716459608261,0.7665084743298572,-0.3937613528227714,-0.7411691943849685,-0.386995546178531,1.9587062080620445,1.666648979952577,-0.3994589924505405,1.509808525678735,1.503435808304323,-0.19496857135985377,-3.6029941444797244,-5.69822414224865
-1.7921814236724265,0.14641132570524687,-0.13122428068440087,-0.2765364293252228,0.8412598337183064,-0.7217502315431389,-0.3028971119968407,0.8080549266800657,-0.7979657218526182,0.689940982985919,-1.030898092470421,2.107775658901967,3.2887884300992636
-0.7655139621265246,-0.1250397354950064,-1.0448118670845705,1.6144284839088043,1.1815563301947398,-0.7502219899990091,0.9624409042713422,1.462711874802068,0.2954370770100857,-0.2017573420042646,-1.165106706559574,7.5907527492610605,2.6841840598937976
-0.46522997412252187,0.09554326747828955,0.05454312818791921,0.7651340181232686,1.1548532610968647,0.30096966744029297,-0.6081650494906397,-0.7803823401352848,0.30386694930496416,0.019066044569610197,-0.06515952165711308,0.03399908974828791,1.3357422591199588
0.4712030988290748,-0.32454179858424737,1.333745555255685,0.14396358274011317,-0.04678213931767526,0.49003369213595993,1.8811923710717218,-1.3527186835796312,-0.6553238135168954,1.550601770895318,-0.25187900126226104,-5.710016069017637,-2.311634390944025
-1.3089103429383397,0.9050864153345758,0.11069843181575398,-0.509730226340556,0.5451687138331875,0.5700172130006521,0.5971783553675344,0.07859957487602823,-0.3127411297449885,0.5613047443706548,-1.887011980503333,-1.6553296061862266,0.8560545947613549
1.1990113966589173,0.166332806635155,1.2333841180160456,-0.8705875543319527,0.99821026363021,1.5715327261142409,-0.8898658353287464,0.5373451285197021,-0.9654496488330963,-1.0323783458247677,1.0843721116653966,-5.700134646476359,-2.538323154800426
-0.8702724394731457,1.0215108431516733,0.9704323262715175,-0.44614769461796033,-0.6397682708169045,-0.3272392726024939,0.6426560180278557,-0.26714048180042127,0.11066150335001722,-0.8642677759693627,2.039361891124167,-0.3249619543942029,1.6375701695764942
0.01755476723253681,-0.14810127723964495,-0.996283618255513,0.7722380053187708,-0.044904280754878886,1.1270120889435886,-0.7787212279696292,-0.686792301837288,-0.24525429819191005,1.1262264439910676,1.1526696174489626,-1.6440447086470322,-0.13054797184531808
-1.671860983645387,1.6024864294689583,-0.1252982363522407,0.49054711806068607,-0.06756618144921471,1.0532189391860722,-0.2995900549601468,-0.4930185444825994,0.38858034583609374,-0.16905912441622092,-0.979140951611141,-0.890875842657041,3.053152811211553
0.21938903451237607,0.7664882441691645,1.534892734813651,0.1840624582746446,-1.2265753528588266,0.6493207690108984,1.0716579169630078,1.6078852902839624,0.6630866528951082,0.4834066415177256,1.7255600544961756,0.8651544264745247,-0.9467046898096755
-0.4213483094938886,0.616921650567744,0.8409360872516884,-0.7680409137388868,-0.34464562680087135,0.6632076592259313,-1.6649114741264743,0.8162902457362048,3.3876169682659922,-0.3412437896470784,0.48723354756081694,3.6400006992396556,-1.0144276200866535
-1.5941285286481637,-0.9234025625646717,1.6282717216712976,0.7849552378643887,0.6388589563137406,-0.019376549737771236,0.695017837419337,0.9149784363824417,-0.06644137867935684,-0.27823897626802424,-0.6973023482894833,2.0678446558999677,3.5966866403518174
2.4064890465097935,-0.08767356368341342,-0.2096948697158787,0.2771362304116661,0.01430075892729959,-0.5576061943922201,-1.7127668868049606,1.3334505267835624,-0.5705183396228036,0.43666824295983175,0.9006742661026438,1.4189271401699934,-2.738817435338569
-0.20971940170150447,0.09347993994676682,1.691173018866653,1.8825737373655136,-0.8652167222934453,-0.02092937821003533,0.9915041446063114,-1.1618308743741985,1.593740404738008,-0.3233235007401616,-0.2544322669915667,0.8618632570808122,1.6974517293895606
-0.5551591581088023,-0.030881821499985293,-0.20636277677708495,1.0329316375966042,-1.5217284225948153,0.6901944317471138,-1.4895642317304596,-0.3955177600787933,0.046069531067580896,-0.14980011755280637,-0.5539295133043287,-0.7930896639078849,2.9838791871711803
1.3935162474615734,0.6683999041817694,0.15670494229595758,-1.6690536286446,1.0617902753044408,0.11823393813036807,-0.8180205418084809,0.4552046938027061,-0.39843644756595636,1.108289185872713,-0.5354618584887412,-2.7817699985549957,-4.661969371109308
-0.7387414130019048,-0.8790636680358914,-0.8234991903882678,1.0261919425544006,0.38207113107542123,0.36461348341768673,0.7138036258176893,-0.25451739651196487,-1.3873523775057417,0.318127168869422,0.625895636545565,-0.5897190305667839,2.4054248815551253
0.9546930195817936,0.03371402105364337,-1.390848891825975,0.9651835582423244,-0.23661253196422413,-0.9320661590021971,-1.6260517214882588,0.10920843378626259,0.42198395618296586,0.19632275162000482,0.7764651325030667,4.3731010042311,0.21642449385067403
1.1327292200401045,-0.7175260834254388,0.11846656465514238,1.139178036432276,-0.5835465501007483,-0.0956230321085831,-0.12524845127886042,0.8580968824696144,1.2548459990488303,-0.8118253731520603,-0.5184962315439998,3.6144181722214794,-0.4551666493270819
0.3752430361166754,-1.9782929731288887,0.24352265236709827,-0.7665343570701783,-0.2458446122409832,-0.2094890853482477,0.7817106633231584,2.593739560464638,-0.15067448852405246,1.1577215721366845,-0.7700188349820136,2.95911037673165,-2.0235322946783008
-0.08589463872603131,-0.28799803141724434,0.7906548740555195,-0.1790147606094686,-0.025491762647482458,0.38301162770745717,-1.2913712493631608,0.920033237164309,-1.88644650933981,-1.23333789964634,-1.6435356439984636,-2.91554628287934,2.2703396144132824
-0.1303777332165026,1.8851129632936419,-0.37389171591547155,1.6336207745554685,1.3826857408705613,0.01028018208613235,0.7218935043059835,-0.030620908624027252,0.22515255642032686,-0.2943633525336498,-0.9212932597611013,2.546787608488012,1.5869784166271257
-1.5498904811368959,0.14338268755846242,0.2654159439412257,0.2607182371668212,-1.473928639905301,-0.12342210888835319,-0.9929698659417767,-1.3103786423177788,-0.8742754280722084,0.24385571097404324,-0.7734753286960624,-2.8258121193790133,3.8970549106217716
0.6588110572101588,0.02429232714083892,-0.7560512090540867,-1.4397821648344566,-0.06308377815201925,1.0000233234677558,-1.3560184219970983,0.8789056007893722,0.7724535418905569,1.451356975544184,1.334536754748819,-0.37587016021338904,-3.8231193310952913
1.3060195250303737,0.7329371998670519,-1.7022804976246384,0.33408392308551715,-0.16858069433437023,2.147831069040348,-0.011943728237019797,0.6808289666837338,-0.2498082051615734,1.2546712747790345,1.0100381830821663,-2.1661730956987877,-3.486427954748915
-0.2310846132192651,0.16133589105662932,-0.8238769929025038,0.9860093213218328,1.6664788767534953,0.6760321641136181,0.8587534011404531,0.0534952710038041,-0.26032461824859443,-0.08375242217613861,-0.9011415128030517,0.9618485095162734,0.6054039646216471
-0.5969028386854909,0.2543580770648914,-0.6363872810745725,-1.6163021063204572,-0.3442787467562328,-0.7301221690744483,-0.6392135439230144,-1.0323387127755987,-2.7671061449154712,-0.26712942311225174,-0.1362037798133157,-5.357196639100058,1.2540827746505872
2.2084076910653305,-0.16891268450594568,-0.9930414351810581,-2.016525633267579,0.0350630983974228,0.5184471233805034,0.09392373977512382,-1.4835855085438883,-2.142638452683391,-0.7408151966536436,2.010304631486078,-8.680017739364715,-5.142164572730069
-2.08571599569144,0.04332497118610425,-0.3133326340710066,-0.3247753622068937,-0.7371281769898783,-0.5502096680995819,-0.7893080837493321,0.9969680586904403,-0.509872212288152,-0.6042505896025597,-0.15102245641156925,2.8935749260646078,4.74299644217404
-0.3535386411204484,-1.7045354680351346,-1.3179333151312091,-0.9401749654783228,-0.4501173672480224,0.3767944969961518,-1.4629124980175612,-0.019307899833847814,-0.7925252471452066,-1.3143517554373088,1.1098808419537902,-1.0593572251240067,1.1347876532563472
0.17922633476642907,-2.2938657777501046,1.6139278365683842,0.7497729727575281,1.181074048310917,1.2594144069539905,-1.3172862311045428,0.09971556311809276,0.9646718049425035,0.2071483152111347,0.23526207445584332,-0.7861795274507737,-0.1278598747131204
-1.107487647549084,-0.0018299176226978728,-0.6146442094468132,-0.5279446745134392,-0.7105790328223875,-1.362659042804879,0.20798264097855587,0.22545854707496607,-0.10292937231801262,1.2518085836118438,-0.7085108003823416,2.6992798959178694,1.2558175583374582
1.1504100988299257,-0.4313997166414208,-1.5765063911141641,-0.3520131441646228,-0.5225663180926137,-0.3569907847616522,1.0004901338139076,2.667866696336715,-0.2738554576714734,0.9223854017322828,-1.0281202556376654,4.389592627889235,-2.8450152590018587
-0.1547901389753962,-0.5328430918301584,-1.434658042071462,0.8407096963963444,1.7022359511501084,0.16984273426323615,-0.45820991457394944,0.577981272076268,-0.1322833551691407,-0.8098598392604217,-0.7985314269006323,3.383031785393331,1.3600135532760278
-0.526781747147309,0.2703054366502203,-0.6145539571468503,-0.9298157436135801,0.31107787252479563,0.2062599514868984,0.5680304308824936,0.1219994626203832,-0.5516972740280072,-1.7353145300356452,-1.5428664233560412,-0.9708734074865976,0.873206890538308
-0.5250746780682823,-0.5821226218446277,1.7969073501670692,-0.6137813629762755,-0.2773182209312269,1.6219463949881103,0.19744397557029394,0.28817109930060286,0.4872930978591989,-1.6908430502543768,0.624612975688735,-3.3950953823897603,0.45319254731650677
0.9625996175243292,1.6267584847772343,0.3407366759399176,-0.08748333425990568,-1.861580956040379,0.8666042582448557,0.33508296815815575,-0.9003065323304331,0.28634999379793996,0.7406020839051396,0.4281253011016971,-4.363103239658993,-2.3483596302755636
0.694003172372211,1.2348829369969763,0.6457674531976263,0.7635592318412547,-1.5701459418146702,0.04449495951351379,0.2849695782658934,1.2220502763397252,-0.051533592540507635,0.4486709221524824,0.6795247209194633,1.039074288922218,-0.06011544070132818
-0.5711553999521756,1.1687579824584342,-0.4105803141100897,-0.38216703533694973,-0.5881581244034682,2.6649310767471417,0.8566469021774032,0.409398120770064,-1.8585388692932714,0.011015094331085721,-0.29203941848612824,-6.924679168063224,0.09645517603233619
1.1364894242498094,-0.7710498771661913,-1.4057399556925567,-0.9473128916487439,1.2529740189541225,0.1750115364722153,1.1725842189066595,0.11005907549592064,-0.8004500925969514,0.893816206349118,0.9097023263292637,-1.1315971991660823,-4.277145649892177
-1.9064239332111765,-0.02507757963268623,-0.09154175160071348,0.4652466010206182,-0.33851679846624255,1.462205182840243,-0.7841675744264278,0.4088844304631606,0.47751061269475975,0.48959306336516734,-1.707020700517351,-0.1600209331472669,3.1234335031365386
1.2711039365504497,0.9362894010953575,1.709250241266165,0.4528571585143545,-0.7891816556737847,-0.8740971933000121,0.9596529772347995,1.7758092232934375,0.4029119078559287,0.07744879999487939,0.8914733724817963,2.857794505689433,-1.3732051656775648
-0.20442318517916785,-0.7850605046812981,0.21391219013230353,0.6240211753859101,1.1200662387490163,0.9199242675055659,1.1705811531315062,1.5803127015185612,-0.4365398629229036,-0.25694383382972447,-1.1596084721849542,1.239561441406861,0.4539788892886083
2.5916069850774233,2.0790313681266093,-0.33671606598360215,0.2649358809779808,1.1998434658706079,-0.4580440130479887,0.4189138775646178,-1.4246335298519541,-2.01842552232229,-0.6161900350096634,0.026777504403532052,-5.184480511759216,-3.0941009049108383
0.02370115711529233,-1.0748809927725915,-2.2764924796323323,0.48244913051915356,-0.3705529877586255,1.115414079063327,-1.8524239933809803,-0.25518965273684946,2.4198696959188495,-1.1663032108826246,-0.8015564649960232,3.8865409158608104,0.275300965891497
-1.8247667834564,-0.4217070908376228,-0.9463704146785199,-0.12017506452062703,0.29573111595689405,-0.2946367686541403,1.2897104800963806,1.1212636093176798,0.766583172309768,1.9324772011987976,-0.7951287353790047,5.2308486536394225,0.9893097296644038
2.5667638306816616,-0.7520639075813323,-0.5329169718998741,0.046407206131798426,0.5963778459588731,0.27854838669654475,-0.9413078376090723,1.1931543750183702,0.018110772827940755,-0.5323914038227042,0.41513231451932253,0.9511397464755555,-3.9203348793059636
0.6804143683983015,0.905777740539484,0.22153973031062946,-0.8789441296822751,-0.881112775664171,-1.0921596812840582,1.123786513937752,-0.6090621215137726,0.6466591060225559,0.7936882358796027,-0.31857568026350147,-0.31852221712337114,-2.942797603614214
-2.9705587583906086,2.7900679345808848,-0.45571556666038104,-1.3064124326393978,0.24221961658431918,-0.8122712063846023,-1.6707464705775747,-0.7095783423931399,2.0131549928728685,1.5004919208007939,0.6024461170299252,3.929643988343213,2.575927808187277
0.4868359582948973,-0.4845520938601831,-0.24531728058452218,-0.7871913538986376,-0.5712720798080463,0.6605134594579541,-0.47155620406628884,-0.24329446027743082,0.4483228130213082,-0.7808684057864529,-0.43294774461580965,-1.8251375933005924,-1.559512222078709
-1.5423540797350954,-1.4678337069482883,0.6785809608965516,-0.7899519885390637,1.1390475010219312,-0.23823980404245587,1.321417016220203,-0.800029933839358,-0.38391585148462565,-0.8806950141108777,0.042596734660891346,-1.1834215075958914,1.6771255970209895
1.734904125252898,-0.2808589668251386,-0.2267998520945261,0.4202712863563352,-0.8466103358859015,-0.4745434338287028,0.6650789444238042,0.5585862947999131,2.1894760736205017,0.48174440334695934,-0.29645945175846006,4.2730923899413,-3.866575716583824
0.26576670782246703,0.940022657608137,-0.04727272333095186,1.7660764574451817,0.8366487404673989,0.33581542485799365,-0.12063522737070266,0.0005527830154755938,-0.9911769734472057,0.5856153090902712,-0.33007495909347506,-0.40757361228126904,1.5045910321468494
-0.9303600074352801,-0.44921766297638765,0.28944495448335755,-1.6205374259125291,0.3739680130773134,-1.4154850528660574,0.5314611202624261,0.26255042638269643,1.725453394840943,1.3244522182045777,0.5477467941187626,4.173992672553898,-1.6811101431301803
0.47744687231733113,0.2447300109040211,1.057805027455457,2.293334361126593,0.4371042058367682,-0.9752599907529763,-0.2141429031833471,-1.1001824937429945,0.9237501771574663,0.42238646381179434,0.8310690935506514,2.883953152035512,1.4852320515111999
-0.5300599121607781,0.6898693902119253,-0.3960781065858996,0.041966067538404206,-0.3574538273897209,2.4383680503682794,-0.2320185922318595,0.3558348849580807,1.7759631062489192,0.10976146464071669,0.3617640439700283,-0.4572987217652602,-0.9036749383506071
0.4968665814048444,-1.9081694751477456,0.8882091154302093,-0.3377201479149568,1.4040573184038627,-0.19875123741075754,1.1603731097139667,-1.1341022672424603,1.3041284180897288,-0.2944825345479853,-0.302608133405729,-0.31318736507909684,-2.471954839458259
1.5379369045907685,-0.6725985265318449,0.33872315111474216,1.440724607074056,1.6377200532368639,0.5545118122442177,2.653952837142113,-0.4110639690012844,-1.0480034604650263,-0.4313467910736766,-1.8582193221403924,-2.615065065088185,-1.8696358551654693
1.0169635064655635,-0.3249445755059534,-1.6480211088994494,1.130909628136774,-0.20433814600460443,-1.4352919529661694,0.9497637749661901,-1.6489345157203148,0.35320215954764744,-0.43573257494635825,1.119439976394422,2.8483313311323597,-0.36070782252547384
-0.4071585769764444,1.433949379681365,0.04735969153693545,-1.7556415237977916,-0.5403887245180673,0.644670899041737,-0.9763646076711037,-1.305122352813608,-0.4984006031094211,1.203776581232535,-1.121776490432182,-6.492283501253045,-1.5780025656151004
0.851012317696979,0.1474823186611503,1.2968801706418138,1.6110612791002261,-1.2051284774121553,-0.6174151946982251,1.2582814095780648,1.4459277477575219,-0.556132335582887,-0.12563717939580138,-0.3542845336160166,1.9033501266884323,1.0151235149737365
-0.15822192899050863,0.14730436103483455,1.8619701458488338,-0.8643933108124099,0.6641130553524057,-0.27141464580379826,1.4789243425584444,0.8757559055545273,0.7383065612218285,-1.4334743709136863,-0.7212654572751359,0.6998487751622289,-0.5985257790978333
-0.3393830712392179,-0.4912774473621438,-0.37406434651898,-1.503914185066994,0.6757672058723466,-0.28609112169832673,-1.1812627705972303,-1.177491993880942,0.4858573851121688,-1.2295815123592388,0.34083867353390723,-1.1783418943923416,-0.28311781404551994
0.5889458789060328,0.6906123274299095,-1.0917716655926295,2.1706221678255337,-0.8013997651670278,-0.1609551204478422,-0.2934115760506368,-0.2787143150682457,-1.4143344890618177,-0.0540953398145458,-0.1716220435773467,0.28599843426552324,2.5535475032485166
0.19030594584819596,2.4966753534744544,1.0456472612394854,-0.6537699893356181,0.9391814311086106,-1.3252738717807313,-0.9228653454702959,-1.1433975948275328,-0.6341111558283862,-1.5559170883167788,2.3297359689719244,-1.5862995171051903,0.8504628485338261
-0.07652467349740294,-1.4936242549171312,0.37192492343652106,-0.3943069595172597,-1.675158473208257,0.9464399385604976,1.5920957187991864,-0.9328503650826762,0.27739566854910824,-0.8161290246681357,0.38036342454512484,-3.6608363173032625,-0.6815802175549877
0.42848441615352173,-1.9983799610370183,-1.049651308823589,-0.05586147152368724,0.18022400030113025,0.4710913926115603,0.6422438565353803,-1.6055380310515805,-0.38146627384095966,-0.21058804361504968,-0.14779697575939532,-3.056818545252587,-1.2886203110320413
0.8866558078224414,-0.8948243328030632,0.4260735298840353,0.24369322618689018,-0.010133364207008624,-1.1392102908740478,-2.036929057309665,0.8082960424577166,1.3440175532274754,-0.5710875315360078,0.8638665818551405,4.9811828063196,-0.10962833234819847
-0.642357974672103,-0.04018895606801015,2.341223019603685,-0.05495942493637517,-1.14027150600066,1.4266734366878502,0.8894903114646181,0.9394624322099686,-0.48136024299548813,-0.580867845479096,0.5008198044172975,-3.708264692805486,1.150184319654586
0.24400506170372335,2.444488478112126,-1.0990636121144126,0.36166493692548274,-0.08435248228881913,0.24391721823939536,0.17163339465681327,0.5122317070105313,0.574295594940769,1.0941333731113907,0.41622406717184235,2.1288080567349863,-0.969530577831025
0.8003387612973291,-2.166514286394971,-0.1661868934388814,0.0324451063877754,-1.2206158384628034,0.1059207521994319,0.1320690779215325,0.3906397375105638,1.3407973124557406,1.5031055774848168,0.3671264530503108,1.8108582221280276,-2.648158117855778
-0.5481637793461932,-0.6959855195241935,0.23575884425731775,-1.100037571471956,1.4465926400815563,-0.2137084262324674,-1.0478704554510043,0.3173975107536274,0.5620138399700109,0.9589421424371948,-1.2798967702316264,0.791692914282537,-1.0786806535820852
-0.6763515461137749,-0.6422708782314743,-2.115487736806312,0.542395877366665,0.5132405161766649,1.5151503501181234,0.31962839310905466,0.3793994493545045,1.096729989740044,0.13926331876165537,-0.5006246249895024,2.6286590537252343,0.20461890728365587
0.7898040474927961,-0.857760408766368,0.7704993647032254,-0.43848311996272027,-0.3691030212850674,2.0933190892051665,0.7106318999445921,0.12631110802019402,0.32055114721798206,-0.5572567485026424,-1.0284160193546803,-4.782995403537772,-2.7028692585497565
0.5006261644113265,-0.07387427575274441,-0.6823898560980486,0.6050985945805671,0.33427755363097833,0.5737195685884201,0.0038729121318166588,0.28307049735105017,1.0389827186007283,-0.15932032575808328,-0.7619830766735959,1.974214075585302,-0.835693373227473
0.4360354641726701,-1.6352925156622906,-2.2569524424569187,1.4324493128698828,-1.9149361040736168,0.3884502654506022,0.2710004986800988,-0.8355804117601081,-1.2017219413734668,-0.9823152851872473,-0.3159408417652035,-0.9122693139457492,2.013520636046936
-0.10759157965478892,-0.5649995128956973,-2.28551877147486,0.2054746405507053,-0.06540805541694739,-0.9827128105447418,0.9515787702434926,-1.2228182067384132,-0.17833744890033487,1.0428322477748226,-0.12477278726412246,1.9210630139704514,-0.27261423448275884
0.1605500964520698,0.7304518058005101,1.4987144269336776,-0.4110810972794614,-1.4687601933252108,-2.0556608914247425,-1.078668647179355,-1.9195994282941335,-0.6516997732813071,-0.026534799779903754,-0.9027941573643525,-3.2186166835080976,1.430309573233962
-0.44382862137690726,-0.029573885450369163,2.27925005086513,-0.8421863629748028,-1.678833572794964,0.9098810422406084,-0.2162161243175188,0.015425210715744939,-1.3923537297596182,1.3991120449916907,-0.44547123122215715,-7.535579710735491,-0.002656065847990177
-0.328150616044152,-2.2285016243509586,-0.06611826646528285,0.05890398073763028,-0.19048865449423555,-1.5331430880647565,-0.23792585742620384,-0.4728725310354287,-1.0438618045281183,0.9736545937228293,0.15574777606281387,0.8579339988190418,1.1400781264418995
1.1144925222104416,2.200921962667533,0.7636554556051126,-0.12134640760333282,-0.0910751782632825,0.5981805620073142,-0.7231183891931232,1.1407141446797802,-1.8024028240517436,0.01628532636477015,0.49194630244037224,-3.4725268707008587,-1.050713338468643
-1.6327080153214892,-1.4386091490640012,0.09929829530293242,0.27612854851105784,1.0997400909293376,-0.3878306167266886,0.20358424061429312,0.7213036851252076,1.0819856196962985,0.14533300334274976,-2.0515014764003454,4.700050396768265,2.4895792710479347
0.17530971892530584,-1.2565106409221836,-0.1934777532802702,-1.6158688188489716,-0.2127310654428832,-0.574572954680685,0.6859560697010583,1.016932336292227,0.4764210649345933,-0.08858995871428711,1.0108969731450734,2.1814774275633,-2.393246523527807
-2.0227144562710264,0.9124554950505478,-1.9163282515292779,-0.7189626793835728,-1.1311614266826162,0.07539037325792164,2.8658843750637564,-0.3882592140862825,0.12717070649419687,-0.8521587529073903,-1.4701642065067935,1.175254901381955,2.033949527669712
-0.5822571216705112,0.8677957438028133,0.6066617793359621,-0.6675587723415949,1.3818235671997048,-0.6202332371146477,-0.9369461457837011,-0.03230011713095308,0.6603130289230447,0.36470164019531504,0.8017918703783751,1.6524526896541625,-0.05570150133442739
-0.07674122945041861,0.10064441850191594,0.4260159105833079,0.5831832754471138,-0.7569393440928502,-0.3407605546311045,0.43753030780134283,-0.29104629992119135,-0.14323981993089588,0.8878988456836732,-0.739609707229737,-0.48761903794329964,0.5062385972970385
-0.6174753689049168,-0.2554809645046979,-0.9217634023101858,-0.10407438790009252,0.9542545126308459,0.07133497408192827,1.044587543509731,0.07694185039777439,0.4302849309754881,-0.8123578398942808,-0.9323504932198645,2.1291055532893353,0.617592014994211
-0.23780906336284985,1.110943566395071,-0.6766949025334563,0.22852241161906864,-0.24668767832982055,-0.5885890115903796,0.6567203572138272,0.10344338851798919,1.7551660141161205,-0.9212707909182555,-2.8014387704175827,4.413062673820719,0.3544117435713259
-1.3316852275644415,0.5751710068676836,-1.468526478971122,0.34836674054548644,-1.1007420148543368,0.6506052286537679,0.3086430933757864,-0.9691143566714141,1.2876449675750261,-0.3058902127369443,-0.29207788201671286,1.3601502770051086,1.950189039574979
1.6745275473072507,-1.9665457935119732,1.2442604932521917,-1.1858621257318445,-2.0737985380256196,1.5712112470645645,-1.595911706304941,-0.9021149087517063,0.5048399297399361,-0.4772937948506726,-0.568353316541041,-7.56792840546846,-3.858441517402005
0.3805098331550453,1.3773442514304097,0.05641082180442945,-0.3836557723248353,-1.377436463956519,-0.3172015548028314,-1.0114586282311544,0.8720745800660039,-1.682853069789681,-0.7195439992820511,0.7462017458627885,-1.5274856230521578,1.1367823566222088
-0.5843835467215354,0.5357681329741508,0.6754051161223572,-0.8562444181886203,1.0068098291010066,0.9858731594477393,1.568208503124121,-0.6849648284573062,-0.2548911536452334,0.4684483539642488,2.222486162902694,-3.5282604312576336,-1.408033681670193
2.739409476313734,-0.14981673003460835,1.5126968576784516,-0.3199925391954838,1.4090925171311952,-0.4158885672017312,-1.1041852569112913,0.09484471427809878,-2.18153908769448,-1.933346196980877,0.17900023552194488,-4.999349850368236,-2.3855367336188835
-0.38500162487850537,0.20600007737512196,-0.5498393635169052,1.9505949754429157,0.8505706204080755,-1.3263075287064183,0.5987563069642601,-0.48858848709028074,1.9301044624360688,-0.22216045069038748,-0.35955864229380824,7.639783972034595,2.049087380679268
-0.5606731593698886,0.1984218254030663,-0.06301737637614846,0.11780656601734328,-0.2768348605232576,0.873134458027318,-1.4989266306569753,-0.21189105785561752,0.276591491419277,-2.569719972618517,-1.1499503146629748,-0.8680506752331816,2.728956840206268
-1.5853417077732126,1.898152771343138,1.399566055509143,1.8894773329834404,1.5860444598454881,-0.8072341091208636,-1.6075979488439562,0.6664571281322482,-1.109490351357809,0.2735168602801911,-0.9778768184729502,2.5880518650958453,6.051358834503169
0.8831278988183474,1.0468608163881412,0.14706731628138947,0.5367585242811107,-2.3483924415325417,1.755790459393803,-1.0139564033926094,-1.1710130828594298,0.14460877797076163,-0.03041778500407815,-0.03180305787324727,-5.842379788875645,-0.7728730202623942
-1.063118335296027,0.17026856344035093,-0.57548311248818,-0.45662190319822077,-1.5219819686422618,1.145239542891099,0.14643365281731086,0.34411281150132145,1.693028927711588,0.5667941871311105,0.10580758167627184,1.1762204739783606,0.15546587172902865
-0.9957762844687711,0.46453223784949293,0.03791378175961655,2.0649598793894173,-1.2088123641933852,0.5718874435633099,-0.024668392188006524,-0.04276724963388641,-0.8767730996680984,0.5440804677615261,1.2203298169010293,-0.02993052128146985,4.284740005736964
-1.0711826755109584,0.6066228298394587,-0.6906340950458939,0.6075205654735828,0.27455543830287044,0.25485348529011226,0.14741469336352805,0.9821366865337398,-1.2615484181473504,-1.0970578539005118,0.31697718806050607,1.3613590416680326,3.7297344266235797
-0.0010206416157153664,0.2928811593659902,-1.2956970872896112,-0.6418915780006489,-0.15733370132884666,-0.657585061574038,0.5619299613649057,-0.3288404771389124,-1.0146887093666694,-1.4409210830285057,-0.32844904604754654,-0.1379252136406102,0.6886013970766748
0.8715134423284304,0.8468503057896294,0.7068312191633573,1.6331616811942922,-1.8231671722270655,-0.4197851375286059,-1.3819430907209103,0.3219586449817157,1.0781637200663245,0.748243732253271,0.3062772732382856,2.6333945060708532,0.8678848331647766
0.21684507286480725,-0.3162155746840256,-0.8050882250268622,-0.5205043728036591,0.21967137364950978,-1.6016955629396166,-1.8109197590868629,0.8760540043432689,-0.25043037589526623,-0.9736447618904353,0.669133088972018,4.478294048890718,1.0472895765269967
-0.4703114466691527,0.7255597047106362,2.7725988199439953,-0.48969457407288836,-1.3272631422871142,-0.35799148788402246,-1.367585709393652,0.20467743684637735,-0.007969088743048304,-0.2465763178678094,0.18567539466165048,-2.4426678771873536,1.6977571431786718
0.7840162480727465,-0.5073608186055145,-0.5762856092818961,-0.21392839354557747,-0.9006828381772064,-0.08048542398547683,1.1499215418278943,0.4030461135907423,-0.045026750796269645,0.7782877896992806,-0.44573938946422276,0.04714627709243048,-2.2297092314851126
-1.8132619619582655,0.03989675212763247,0.31109568839306767,0.35103479770535617,0.17609754589047927,0.7379848633424575,-0.4347284745139992,-0.16606805253239004,1.4467172609871999,0.37032299420629083,0.2612704841786407,1.761841127029746,2.5244425723197272
0.6418522946739961,1.0014356697447635,0.30560340266994773,1.03342466445986,-0.6822544192528147,-0.21237492907788996,0.050201193230293734,-0.9031511505148984,0.5580214067576242,0.3356635754218157,-0.47511359662900526,-0.3362071455906519,-0.17664442449781748
-2.130075455430962,-0.618962402044231,-1.2115927244193687,0.6384162045177048,0.1993447754525868,1.444890685822022,-1.033328093766258,0.022984950870016875,-1.347432255572029,-0.2024002602785251,0.8638514042155441,-1.1097393077296716,4.914734962175619
-0.40060348092738446,1.19892845817898,0.15150297922486144,-1.450539415035024,-2.166136306493104,-0.4279693384360042,0.42435360354478796,0.3829136276335653,1.0312286567948399,0.8862554064440333,-0.18518850965454248,0.45097379812775373,-1.3348829651592165
0.5621149981127479,-1.125200551884754,-1.677490198294954,-2.7049353720413367,-0.6820064027809257,-1.9099315176152236,0.46119351305477324,0.20789795123283242,0.4626903417891528,1.2686999111114337,0.16313473031218817,2.5443351244292334,-4.564421677903241
0.6400428193040729,-0.2748679474222928,0.35072096122892116,-0.6947273392214285,1.243817168951687,-0.5736925570796997,-1.9845917787039045,-0.09031766812330398,0.33247663855147214,-1.2310938704272694,-1.3406289914473277,0.36368906077088103,-0.3978497716266191
-0.5806837404451274,-0.7370803290105166,0.4118959784748211,1.360349476570104,0.5375915797216284,-0.016181106392927472,1.3976643099731345,-0.9929119115223225,1.098969288240295,0.8314686500579238,-0.5675691324945377,1.5282640059486352,0.7958890898953488
-0.532497072962893,-1.8044131009684903,-3.6639609870419867,-0.3087890616022374,-0.42373928371320524,1.6737674403213478,0.6641101938894985,0.307799466229765,1.0261591111041217,0.3388607823100657,-1.1427703844745531,2.492596373913982,-1.275702805067561
-0.28974663863505284,-1.0385895377069583,-0.7344283041681416,0.648997492353708,-2.076398825258935,-1.9686579249721186,0.23902397552546756,-0.5025254822336824,1.1699077373172475,0.5151467734608889,-0.8173507436779096,5.345920897682071,1.5460949257191892
-1.1845364343063665,0.8596005767193211,-0.12217830520105863,-0.027752130074371956,0.5015736432986441,1.799813532123064,1.1179844499891387,-0.880809905865418,1.7328061993779078,-0.15225030763336575,-0.2753655805857978,-1.2994571422084582,-0.14212690018473723
-0.40582205650885783,0.663371745247749,0.3260872690198923,-0.7200355913423793,1.5745408905865224,-2.346962030047877,-0.9785104516112922,-0.041653562196855384,1.0155871123646918,-0.5528088955585024,-0.9699200289226277,5.153705517872226,0.7903958856694495
0.3920797066881393,1.0078947244404077,0.3662737180188781,0.20363804342392905,1.2151866788385248,-0.0008941855616743415,-0.9604790563823244,-0.9208780354125827,0.7369177760666722,0.6188157770644654,-1.4070644131399137,-0.7424317339361741,-1.1438711285015288
0.1470434169332166,-1.050539928153174,1.714239156032838,-0.039756524683924654,0.6559165951469136,-0.045014010079383215,-0.4982085924477345,0.17858328505059712,1.2080952508621599,0.13193301278270692,-0.8867811801156504,0.5717544214080158,-0.9125280572760781
-0.5054033003667525,0.20061900419339945,-1.1674074264338896,0.2128636570701298,-0.37086673269601916,1.304975826770564,0.5762846888936776,-0.5663059578503994,1.1726648891590137,0.8393360108496064,2.3687405945408053,0.4268401438662019,-1.0269653476438658
-0.7385066627784034,1.6350353810058322,-1.3178113819217858,0.47812590838623936,-0.597575837314044,0.2366244284473854,-0.7780366804351441,-1.220262385614059,1.8719769791243361,-0.7670927697692582,0.15211296533652943,2.5102454693127285,1.7003641294423795
1.2349834186282052,0.34691523904768345,-0.7729714893316789,-0.6847744359439688,0.6931245138334767,-1.1899322288558933,-0.6700956252553393,0.4577622749798484,1.1196938088784003,-1.7057915010205797,0.15985257231002062,4.1985568989385476,-1.8595472022341102
-0.5518588161869532,0.19685891635516017,-2.087635095470551,-1.5562984635758579,-1.0219145278976751,-0.540230649709221,-0.2496622429810887,-0.78811071304434,0.283076833424635,1.3281771554174218,1.4468407387243585,0.49289218153997066,-1.6099977003473036
1.2900380295375964,0.3385583507434652,0.8172356874719688,0.8715478922178549,-0.6688518291984085,-0.6071064510203764,-1.2366513432196282,-0.5982154989656606,-1.7200461253557018,-0.11156415234324711,0.2397832186346735,-3.421422122958322,0.6207299505129172
-0.039020734910001735,-0.26642817601452784,0.7377329488459794,-0.1708353873883118,0.3764394299217027,-0.27197117780055885,-0.2256882646844686,-0.2848681700837941,-0.8130911761093254,-0.10698503171847877,2.382963109904128,-1.1553762903991205,0.47846714403950025
0.25085074378002425,1.9187060560057771,-0.7990691243702888,2.130317620043694,-1.9674347332753022,0.8305505783604737,1.4647266575510978,0.39449445674246514,-0.19733060292576066,-0.4652957282219983,0.9312680075395842,1.1522156768235137,1.8892070233977567
-1.3355412967941898,-0.9076119530860306,1.0467180687493016,-0.26540691869297883,2.102265744670006,-0.4351894842055286,-0.4878346866244379,0.6355245360250138,-0.22175770932193334,0.2864300691079069,-1.6047400875981563,1.4290709590056183,1.847654335361039
-0.18172797198052096,1.9443470578723452,0.18749213919131313,-0.39198733743372416,1.0620469940642139,0.08129257264103132,-0.9444044516396952,0.9863127865159538,-0.11901257218634478,0.14249976439168938,0.872668373978261,1.1638295366770322,0.0035019373049473557
-0.8114182428316884,-0.3467542779523876,-0.37517472388244966,-0.31135276388728705,1.1213629129295322,3.2342718756947693,0.2444953378502437,-0.4103769344083105,2.3325878788257786,-1.5114373525407647,-2.335509346439162,-2.2925580603643523,-0.9379487963178843
0.31082580700457635,0.017378148765570527,0.3483525673107081,-0.510838462548376,0.07002463775523146,0.028772245856393725,1.1661091307142075,-2.2415259997022052,-0.7366875431167045,0.05746763770224015,-0.05973706835896933,-5.833051450460134,-1.4820120453954766
-0.1214174724886868,0.07126379022488022,1.6377601309981902,-0.47658706027953684,1.1876045782361022,-0.8735477022819402,0.28893571359501313,0.3907672853111397,0.9989808922893683,1.0829253186573924,0.7730939261982804,2.077350501009571,-1.4090575307221394
0.673149049703075,2.9111875756942363,-0.4557686623813935,-0.08209733069626937,1.7048650040944673,-0.8407138442437012,-0.9127514209989788,1.0699184390246828,-0.3994001335235424,-1.1557031871881116,-0.8852931910011445,2.7610940751019193,0.02567250409869317
0.5962738533418143,-1.6158951558360113,0.5048034246520762,-0.05115283678590756,-1.3398795101860586,1.7594692151961253,0.3931239104500376,-0.38078930040201797,-0.1036635698849013,-0.15527686405587213,-0.45101776387770603,-5.055473933543794,-1.5645321666011103
0.32695782318466,-0.12947722454504565,0.311049360193016,-0.12714412601345862,-2.1234994507845744,-1.3121490630686456,-0.7133776460252134,-0.9200473053610472,-0.2567136469574647,-0.7423244971617527,-2.872213895975345,-1.3451955267859246,1.2177669470101429
-1.8206716285936049,2.3842672683153197,0.6360852839156795,-0.6394108849440894,-1.3394012710460395,1.5844684808623213,-1.5081353145467171,-0.552070635987396,-1.1775669777770812,-0.3479290485071943,0.5995833343803986,-6.091391061284867,3.472392837540178
0.02052892871286937,0.7225973524277743,-1.6294884495841457,0.5382180187248768,-2.3846124113957807,0.47990098932093644,1.6464788024352124,-0.7855628160015624,-1.0282314535957575,-0.15698264662234432,2.5606929053483074,-2.107387184269978,0.6357505572326342
0.6252679626251773,-1.166669811958348,1.360771612456163,1.3321282695376162,-0.24925151263464837,-0.15757519450450266,-1.213368885745997,-0.20897664505159763,0.07895448116469912,-1.6043078843486496,-1.308592947632159,-0.10699878726317316,1.9989006584219622
-1.0742776042703532,0.9086721393840417,1.0180008776702514,0.4680645810670394,0.5690385038725698,0.4606542296875133,0.508103517316372,1.4273844406680722,-0.4940753297403385,-0.541976019663998,-0.1116721221262742,0.8985869186526899,2.585142725333152
0.11632289181330584,0.5852278653742041,0.9064363897343765,1.478321286679289,-0.35600402089558814,-0.1643935839397728,0.11177859255228553,-0.4190405951979744,-0.6422282488435954,0.07529412629532971,-1.3079627987826083,-1.3775179892193692,2.000913049639659
-0.0189497285167897,-1.6406465100967857,0.2986313915392789,-0.012649722161024298,1.7510688625772077,0.18978945300154615,-0.5767086794115209,-1.2238311137192834,1.3462019270532728,0.6538880328977896,-1.1525320518628754,-0.3779436273337883,-1.4924487568218505
0.7801793238636346,0.8112410984214966,0.30859710693168707,0.8381257286920348,-0.6362095091283706,-1.6050046072371988,0.3431357960636192,-0.041428596300648206,0.5228100069162979,0.6842016944095505,0.654447676053603,3.352196056599657,-0.37672920116122377
0.6691971926922395,-1.3445347261595662,-0.7104568899775673,0.6362430006166117,-0.5701871399404511,0.11416281673316882,-0.08910567405185352,1.0590174018619298,0.39100222229857207,-0.014664811446608137,0.8862768266133246,3.3465371878883077,-0.5024505974910282
-0.019837910846313877,0.4966258109308299,0.45032586382828027,-0.20651770419641574,0.5242255687677129,1.1590274300538255,0.9992506670416993,-0.14644379957729142,1.6017697995859304,-0.884569842982903,0.941626166439999,-0.2245051978832069,-1.481397719090403
1.838355260340649,0.4173108832871696,-1.2221370897293682,-0.7192541174557762,-0.26621102190392376,-0.4262246841292548,0.5223286199472621,-1.826858893103494,-0.16552285441139433,1.6705837645014898,0.43046569785679467,-3.5424366088351547,-5.281492711294628
1.2070694449903878,-1.2996485041724655,1.8193138529079427,-0.3838416479284012,-0.14224418970712996,0.582977118965428,0.6855234234741957,0.5039593444794178,1.0355390644987137,-2.402663646473304,-0.006414064917997488,-1.022456291974127,-1.7723609785534202
1.5502521642494402,0.0956629689326885,-0.282599486446414,0.0030845670652699265,0.11835602564159657,-0.1590256483494426,1.030567580200011,-0.8992735574439681,0.9464647151992296,0.14993172409671646,-0.19926368164044653,-0.6529810118336017,-3.597194979911311
-0.41519046415861877,-0.20352036180718963,0.7471325832398852,0.7508859163712039,0.9283667363217573,-0.8109453538424661,-1.2193912038665693,0.2237586261289752,-0.7302120583433998,-0.1741919504836296,-0.39627831441741634,1.3900516458479495,2.7527631911769297
-0.3720462782937686,0.4719316631887678,-0.18074509710015843,0.10039763963672989,-3.229087537499331,-1.1351859864625482,0.4040331011032391,-1.459700246181838,-0.9999432270080018,-1.2691114148803468,-0.3891758405809961,-2.284209033395141,3.0801974093742053
-1.356714616254432,0.08838989196001043,-1.9400907614499712,1.6454070462813786,1.0921446605495504,0.5191914110456729,-0.8696031056458826,-0.0033941815011898566,-1.0917610694703286,0.11672630848352467,-1.3236404409335827,2.0063366232286612,4.390990619912668
0.7971524761379508,-0.2258825310002912,-0.46249451545628245,3.023379504630627,-0.8897219730694731,-1.757320670351857,-1.443415694636738,1.1359442511048916,-1.5834381801633635,0.46751607976679904,-0.09910193963408327,5.375055141781508,4.438681082334666
-0.9584986585463585,0.1971957718302252,0.22826967333897932,-0.24959704240634126,-1.1883215904151692,-1.0036311419554187,-1.3628051451888947,0.2210696844949596,-0.5378430625731094,-0.2948426282033777,1.3718233549098717,1.3220661306031518,3.088722626180871
-0.16111374474182497,1.1644836270249355,0.6989485231676285,0.2890383247575615,-0.46022408231362527,1.4017655212336604,-1.033952263633519,-0.17789898538736354,1.430196627138202,-1.3836243563618715,2.554182148324395,-0.40296531192161106,0.5725736845219822
-1.5680657264473135,2.116939809104077,-0.9067161146877741,-0.12156011327406023,3.237729980914964,-1.1988909208614826,-0.788691599680173,-1.1189765091380788,0.020753953281719428,0.5516309876584246,-0.10776786211567,2.8826164589573544,2.0229497390877476
1.761986334772592,-0.27084101508153047,-1.107138537994716,0.6955214462651667,1.0994483639174562,-0.2968741069249263,-0.9948055600341013,0.11302349313645274,0.412512929374974,0.1859063239024336,0.3804163257549426,2.4289377633559703,-2.4446708676500113
0.6504874951520659,-1.002918843259181,0.12630441270791373,-0.8812471279018976,-0.26513437723056066,0.5328253047628205,0.042355730091236186,-3.242745751001374,-1.5035124083235627,1.5668395946648475,1.6049886645394675,-9.701273278387227,-2.9471052788610868
-0.39545769761368876,-0.3034166167803189,1.2147221623553186,-0.05767536849095589,0.23360587253834356,-0.008861151534577687,0.12662709195172,-2.546816456663614,-0.27726589137868357,-1.0380830838110373,0.8416576210799235,-5.154675089327514,1.1401730577110958
-2.9515287352235564,0.06478779781384582,0.7358491499319936,0.8941970613402835,-0.45231782882944943,0.10389977007374862,0.2278279903044035,0.3134264225908572,0.5414397109908541,-2.223957643759971,-0.3454051680993681,3.2196811985807923,7.505434690714916
0.482966168733151,-0.34226024737995,-0.9034691796954925,0.208323836694604,0.9318628614227695,-1.1976733043355146,0.06362927547255212,-0.8271151813499455,0.04323542052982253,1.7439008710052073,-0.6769516964949883,1.8011483172923817,-1.5853032868754644
0.15389022357666424,1.452128168506295,0.5561725294562898,0.3710560905622221,1.2118627288587738,1.4787182152918519,-0.6036559389319002,0.6201400319499705,-0.9341189145244363,0.037679818081233996,-2.1123597555524904,-3.6826611360763675,0.12035081892199202
-0.4026629632068004,0.8900688065669382,-1.3899384075615955,-2.072898723931786,-0.2764218412463664,1.2016093481236898,0.9238642354618726,-0.9688332759594744,-0.08671100232911993,-0.2545005858543816,2.012722831875488,-4.155885406005673,-2.743311950359872
-0.9459973803920902,-0.2293194006542332,-0.6724584220286967,0.5429414714046075,0.5051395727961973,0.8853457458420462,-2.025566135833122,-0.544276634858722,0.05301114485513863,0.38476767803608075,-1.374020088634886,-0.6537639468911813,2.3986354674298713
0.5204864837108848,-1.541909173318962,-0.42054233077671255,0.1980777246044721,-0.6400632192792688,1.3817615109217756,0.06276047785289615,0.15984191531798814,-0.6224927662475321,0.041594849195401,0.7882625915836073,-2.814862559166606,-0.8274904008201132
0.01637594465318988,-0.527976690532157,-0.48124337473970397,0.037375008326242576,1.391394519351489,0.6212285073474486,1.5603479071369164,-0.9454466804620129,0.1113327583605802,-0.5403168306352811,-2.8907551990681855,-1.9397070447446145,-1.061594560591506
-0.5582678419997558,0.3761922774912032,0.33373832019366284,1.8348120677774888,0.04953322347885518,-0.35048673444371314,1.3935123517792114,0.5558313427200128,0.9060198494503825,-0.8062647376429585,1.2427876388464851,5.381526933156558,2.7699570461034275
-1.5044241321867622,1.0077805846828207,-1.253114584190802,0.9937550477583976,0.8413798154888145,1.6658251702914155,-1.174383857724477,-0.1888891933818472,-0.4767574362578936,1.164657402088053,-0.4678400319074996,-0.9161084730250069,2.9701767025998667
0.6116105376013368,0.7988556839789284,-0.1854491278243047,-0.011427816012089882,0.3148988296904798,-0.7702597145817547,-0.4223289076993671,-0.5731399206878744,0.06597473838885767,0.6085703499903693,-0.4173773972777267,0.2108437795317542,-1.2244970099684946
-0.6066642990672864,0.14427497148819035,-2.0528037401291384,-0.8775678005722282,0.7881413661257624,-0.707267606052974,0.08440468833649946,1.6007843695659767,-1.0478223831862485,-0.1042260055424311,-0.4082719127877474,3.980085071679225,0.6208608614239977
0.9794945612189587,-0.12222857181837987,0.2558847692257868,-1.456715183362816,-0.670429031971106,0.2467114216563035,-0.980764423268411,-0.6795636522332925,0.11529156561518895,-0.4107544284628476,0.41586195835123735,-3.8935726138580597,-2.9256161469977915
0.011351648802591307,0.9757478724332315,-1.9278680466967992,-0.9232616232173744,-0.4022108725891674,0.8742666347022168,-0.2992348189788004,0.5388347351244239,2.4578246600343574,-0.2512496844221547,-0.3956227997321823,3.422536814776166,-2.206339429400607
0.702714840103972,1.004849547783877,1.487655577441606,-1.2660683615882438,0.8816722608024707,-0.48466431924798414,0.7687083089743761,-0.8164002308085969,1.2980415802559093,0.11472291270056532,-1.2254502540066117,-1.6094353032796374,-3.587263255222084
0.1455760273018,0.1772863913442154,2.1249869770619085,-1.8567405429438226,-0.4276145353382749,-0.3101867332446523,0.4859818619607927,-1.6101873234123174,-1.6468801825169426,-0.9786130345343607,0.1752050079103093,-8.697211887957415,-0.8809131389088969
-1.270577674671236,1.9110205581499573,0.1731653428298517,-0.725290403495799,0.5376515873837038,-1.1177808449441038,0.2203994091000755,-1.555294717523884,0.5378202469001531,-0.45962549485243526,-0.3468102459703087,0.024329164288135946,1.60995849990673
-0.7306584852933852,0.4625982657450128,-0.7979193118441154,-0.04314567828847524,-0.235402886842829,-1.3934885808059077,-1.221763332347675,-1.1983225430993503,-0.11028897615962169,-0.320490452421376,1.210731654521895,1.9258885860212795,2.357998200303737
-0.2740215446467806,-0.10676485880839025,-1.6178433263457792,0.4539150872729219,0.43213124996742847,-0.9786672953449276,0.6049904169283977,0.16747436050111117,-0.8039925257342384,-0.5665327649740515,-0.5177040962014788,3.0877914245208573,1.776403474390873
-1.887580322349618,1.345284863412893,-0.21497255372186774,-1.1076215574304813,-1.7306924143413245,0.26618614307836164,-0.27505365079913513,0.2876046238055511,-0.48669478370553215,-0.1037635691459041,1.655592923666113,-0.7280270353551871,2.240054284586932
0.37640532125376425,0.7537485652257073,0.32106026457507014,-1.139411112462102,-0.7938183298514178,-0.23130722788612001,0.9999310568579451,1.5218115261419967,-0.4042375607647381,1.7449909336663847,0.9870682212587545,0.18476499776518188,-2.664341752314253
1.775775304558752,0.5322966803355639,-0.3833515749181151,0.9467782976145803,0.467469013485375,0.6043795811143804,1.0043479081969222,-0.7738505099218626,-1.2768687885159649,-0.4528490678566373,-0.05942042353995257,-3.851545221291199,-1.8584889475355648
0.14608024793979799,-2.3362867808281407,0.8366932852383577,-2.2805215580257294,0.6703905610773807,0.20698019735239717,1.3385152597327388,-1.4911998878282577,0.24507904629813007,-1.2738520880324242,0.20139566351077848,-4.938881496607078,-3.0349856509727
0.4724971960703436,1.5212492429137747,0.16886234949151155,-0.08502886254210676,1.0717854073089867,-1.3408178841006126,2.646558767090852,0.5789314525061666,0.08849546416166967,-1.7966056202469085,-0.5508005750816807,3.417979891710155,-0.35804817054274807
1.0987990000034464,-1.440295362721222,-1.9324237747139221,-0.05203815000454978,-0.8169290464058035,-2.1962219111843915,1.6382818178899166,0.5523647591703263,-0.5180164356323008,-0.5294361705727301,-1.5405708679659187,4.8597525433066044,-0.951718044341081
0.17189353261954035,0.17380114550742856,1.0759379313791302,0.36755482747226403,-0.9131017354190766,-0.8701515742638588,-0.3599723002958875,0.40133578333987613,-1.249040447765348,0.9697244038641252,-0.35929631631820347,-0.8716825278269422,1.126257130881547
0.17412166983256924,-0.814196052766582,0.09938162025382195,0.8101402122926485,1.4969340686782375,-0.44625853528898257,1.1974620445077973,-0.2860540214276702,-0.9794338949157249,-0.15349292345996843,-0.38125656189296764,0.22563446661604208,0.4741578879675979
0.7666829697826363,-1.0267911990495064,-0.005077151958322155,0.8203661590411043,1.4565824789721726,0.233419395251257,-0.7514105037670522,-1.1427220225104713,1.187579053597723,0.8083678878302248,0.209680185569086,0.35782998699617213,-1.720499212573307
-0.2851553541882321,-0.4249142610588655,0.20078942998553262,-1.343984178394212,0.5634385121038537,-1.527186950966069,0.5986208885393208,0.11639286494144083,1.4848582980149956,0.9746574939385519,0.5347205316700601,3.885177354293168,-2.1913851172681658
-1.351129431167585,1.0969120892198796,-1.0959387299396603,0.22295533726196307,0.023038703953588736,0.12449836615257612,0.0942193097838284,-1.6400954531213334,0.5877268626946496,0.3354543713699241,-0.7146383393062237,-0.20877585806420193,1.8315478659181634
-1.2627505890219362,0.021367630471015676,-0.44090624921381155,-0.004483379867501831,-0.16007625750939125,0.053113302483278495,0.6069825783224644,-0.012072226128165107,1.2364248100169692,0.08276100970751749,-1.478665756799568,2.688776615874682,1.2426435562539844
-1.803087124768306,0.806871841553911,-0.06714215718769892,0.29013980667053374,0.5841559360381724,-0.17589932140738723,0.07339872821950914,1.2531622766098456,-0.8482643370473678,-1.040406016338987,0.7407440900968578,2.8100821655364565,4.313371812538971
0.3325848605833249,0.14811752987313787,-1.107223333392864,-2.1175682165009952,0.39315434747587363,-1.8387293814855215,0.307461603151633,0.051423860991670074,-2.1636812205073257,0.17294293076729758,-1.2617764094172343,-1.320860187540187,-1.6832989203243998
-0.7969281915869127,0.1413240191379651,0.7523466127870554,-1.8352075181863448,-0.4917214731879753,-1.2849451738475643,0.690833064006964,2.1778318668209877,-0.15478613403481137,0.7080505904571958,-0.7014271035082573,3.0876369569685105,-0.45731504053375627
-0.5719553213066211,-0.23875624471955184,-0.05291977748296232,-0.2075591675765225,1.1315516019926652,-1.6358670812260288,0.05062299229644137,0.4462050433166863,-0.05589233090867846,1.2306047679653882,1.3800015670820993,4.371333463252557,0.3504648010240814
-0.034683079564316696,0.11483003725206685,0.8420149055776728,-1.11221746260294,0.02783996611581098,-0.49755670788922024,1.5734119501737607,-0.2904492630411047,-1.574304197156193,0.13839873087713395,0.40025722116827184,-3.7240451529567817,-1.1755616622317389
-0.22562534447277927,-0.5024225877181867,0.6162245164186517,0.22503833690685182,0.9533810745743668,0.5463291434365082,-0.03543626346951062,-0.7778026957350755,0.8537639144440301,-0.1612379587918089,-0.5171656357262447,-0.7362830027281476,-0.015293224347242618
-0.7889698125002004,0.9638578954088278,0.3902198311555543,-1.0559292013794306,-1.7226448216708241,-0.8304386489398289,-0.5733027152244377,-1.1130909009221408,0.015052448269955578,-0.18401917342868307,-0.06573608551632856,-2.1054483989342856,1.2676824607256574
-0.31230484322617286,-0.7198455082381238,0.4570765123933107,-0.19373321616470085,0.44697896782859875,2.0084120325186183,-1.2274131084450939,0.4549307724514587,-1.2286405632381636,0.5194175471390032,0.7275168549524209,-4.951446081278612,0.23007072151330055
-0.8626337133716895,-1.076412876510906,0.9301163429024081,0.8895238200884373,-1.2974009960109785,2.3970887015272226,0.9964269209627833,0.5142175653675853,-0.6060356358206649,-0.22155335798122824,-1.8109805724306116,-4.463317214318327,1.9370762124335437
-0.3675181849999998,1.07925394961921,0.8999278425483561,-0.012420753056412279,1.281981490038938,-0.3157850491098713,1.3370258297452227,0.6948444295563683,0.707813586618978,-0.5383773877430326,1.0577639639152436,2.876795074370653,0.00889397912718573
0.6751644339682237,-0.6099383187911859,-0.5869781595222349,1.5335470969832146,0.380639585460735,1.3088346947857183,0.7596110177440081,0.44214824334592884,1.071734217010335,-1.003044693122735,-1.1307099026485876,2.007064340322652,-0.29057928867789584
0.7460310953110325,-1.8630283076570588,0.5687985540528566,0.14045185019634365,-0.20104690947416878,0.2348332852394082,-0.39967498362366183,2.253455651168734,-0.8268717410973603,0.6375624522060973,-0.5410775866854326,1.0703183979398048,-0.6908926891552576
-1.6055787492636788,-0.9285900832749102,0.26751281847453023,1.0932604840215803,0.9117853201477077,-0.39301773749527347,-0.8975074910109199,0.7952449821779685,-0.5630015224485919,-0.7608726332258489,-0.059636205880449614,3.641001039214806,5.071911909412888
0.4761513378513021,-1.0724767113522744,0.3314861671391712,-0.6186379350763518,-0.4606803781408855,0.727766906571656,1.6485261586772706,-0.10829676566605184,0.7782425292300559,-0.7342573956641542,1.4323239623289408,-1.2803480094755844,-2.262034724300634
0.9593311985988828,0.08324056534948034,0.5799986573247865,-0.27557169992157515,1.1777484541175327,-0.9524981532129403,-1.6154737402040773,3.1234290798033517,0.19040333282554456,0.25720242350789596,0.9768274527263152,6.11976458848635,-1.0241457622327002
-1.1066109547933285,1.241356650137435,-0.21803214641829863,0.09390310443808035,-1.7360074303112687,-0.4976565872819146,-0.1510495195841617,-0.40318792033139506,3.502544591441795,-0.48471859856632926,-0.1431072434348098,5.865268697070804,1.4031286235111122
-0.18805698794411335,1.0187801994220067,1.0004585093999143,1.6373074467281443,1.5826374146900055,0.7359712836850274,-2.3155470333380843,0.9997687122562889,-1.0158585089176622,-1.7743051417444466,-1.21668907023856,0.0942196596461281,4.3024214610002085
-0.6506300658568119,0.5541020200196548,-0.5312850801575105,0.12022849882537325,-0.7579367502695679,1.513299350104482,1.4523797355419827,-0.9270822457870267,-0.9573999190873682,-0.7403038882737341,-0.9768512049227965,-5.070159974175678,0.9341687545887004
0.43241648177337494,0.808679433847878,0.7833225804117464,0.5542850531568438,-1.2287932035919946,0.28920923505366547,-0.22341173339553883,0.8014322058546458,1.8435288807966055,-1.449409452189801,-0.6355512634916344,2.667305694818829,0.21342852258641334
-0.38464959815346295,0.7956722808033557,-0.2455692488100799,-0.0996593178564015,0.6125650159359582,2.3379616556635616,2.7030544526839697,-1.5832830522024166,-1.2572404357529643,-0.9926900978433552,0.7301185968699606,-7.837879380198076,-0.6091924633579872
-0.47151954345257424,0.03965724743554901,0.8907688677110652,-0.7718395914991198,0.3137739876553772,-1.5504619555801507,-0.5971974784075228,0.4353045330603319,0.22878954403345428,-1.5725614786090862,-0.8154746952260794,2.643260091314051,1.8799392165455195
1.067347247314272,-1.6188459726184157,-0.6220805102578308,0.6643120163795129,-0.6620780904241305,0.6710027956094737,-0.5883276638536246,-0.19558942953056002,-0.9042611973324475,-0.12064297375932508,-1.1601981268523152,-2.4616885154214896,-0.5402902216715034
0.6397866777647067,0.45180631980887126,0.05135531120575079,-0.39369170013726196,-0.5915039323678553,2.1108174820011993,-0.6308919262279571,0.7460753269210083,-0.5505737106267207,-0.26955928899354553,0.595277504710667,-4.517822396686957,-1.609114284654981
0.9737418690783665,1.3382686434208675,0.8507314110746239,-1.4152346626599845,-0.406453855676976,1.1733157302496848,1.024340658589548,-0.2957774866332601,2.24101519431946,-1.501064264973218,-2.854524822793399,-2.914507736648552,-4.108313531179436
2.335565189623161,0.7396259177473249,1.806567859095958,1.9894894461806027,-0.5696538806975788,-0.2070745082264549,0.14166427487710626,0.01437167510104009,0.6197196551379385,-1.7107014252838268,-0.03278678647926651,0.21189045782637156,-0.7458302147538498
0.543272733599141,0.5164139026461377,-0.7871639826242001,1.4801298000883192,-0.17071190988524018,-0.5615220070868421,-0.7789632766589639,-0.7138767166143227,-0.22790840431525625,-1.1531171620738148,1.0500381062291482,1.8588199094670739,2.322313271452873
0.45539416834899554,-0.11647668811405061,-0.6673139731085022,-1.4024422070675453,-0.6134713699292083,-0.7188593243835821,0.7553249969040964,0.7645569146980208,-1.7386827899711363,0.8992742455128292,0.3007864860214267,-1.4845531856512593,-1.8489776638810813
0.11465908559527413,-0.2798141497549244,1.2904668941159496,-0.5884553088740754,1.5144148815999583,0.5130934613379062,-1.0169396167778832,-2.307350274987605,0.21412577771479782,0.756671049570087,1.68649382705912,-5.580820094198808,-1.817362746997803
-1.383760043053875,-1.0815179943040973,-0.2084283098363054,-0.3626827912802577,0.6277884277066687,2.2966876883862093,0.30426032762036437,2.2144336523341828,2.0729372242110693,-1.0379949120130163,-0.30567565049822526,3.6093522353841294,0.45084104219574994
-1.4508367236882163,1.589202722705195,-0.6183561871821417,0.41866228315774934,0.21794229188848027,-0.1770926176661229,1.3330234109721237,0.05157911931757364,0.829794444205043,-0.6429843629354884,-0.2506570784368426,3.580687259041407,2.351308154257786
-0.7487453465806014,1.403229604031026,-0.6386622720018088,-0.7463418167232454,0.8621402230328169,-2.8521579693841916,0.3304615448528706,1.5264226171420134,-0.5230470782052737,-0.1749677331495441,0.4541344896229314,7.661678307528295,1.6307556299510961
-0.3167485779110514,-0.13153254616899393,0.803866666118261,-0.058828228508637996,-0.33289058797722965,0.49492729302873967,-0.13073523155398814,-1.2030806642871932,1.4829501774373621,0.49935838148676454,-0.7669613328540743,-1.6743003466751563,-0.49819965766250307
-0.07161847047271663,-0.18315811791449163,0.13236780147915436,0.3704508893293742,-0.33570370767465874,1.4565749855352033,-2.160107700215129,-1.0345963963499643,0.07119909460459087,-0.4111701665690143,-0.11376742733359246,-3.911460203927016,1.122334817537162
-1.064079806556475,-2.1881021542469106,0.9800505384462932,1.1400286782047844,-0.2075291664336869,0.9884772448265233,0.40640090554257935,-0.7678553960533943,-1.2229591713969847,1.3346433168835758,-0.933879703484416,-4.10751920361283,2.3015615042803903
-0.8594848516223991,-0.042367971870052194,-1.0242798738384564,0.5332705048906721,-0.7177091242544391,1.5080682497332243,-0.36278749419489587,1.2678066661358902,-1.965466719839261,-0.13487072980044443,1.7691502723421595,-1.3935222515936325,2.857627530181663
-0.10046877215622108,-1.9561602095836323,0.32762367608630555,-1.1004421194675482,0.4140429059713622,0.2769328359138705,-0.5735027843183573,-0.37266402514972785,2.233116556587917,1.292967791147834,1.6899460496207865,1.1795963703218373,-3.1468727745740717
0.696445289682113,0.49543819342099005,0.9429523023332514,0.9974479999138823,0.0536787445912155,-0.6105732638649091,2.066486370816694,-0.4789115646737023,0.8219280053511328,0.6689244850729739,-0.9855879043967456,0.9877960478301259,-1.417546741497194
-0.6106919078982224,0.7701689510595496,0.027792649875691106,-1.1467482607649835,-0.7533930077743699,0.5822400914166684,-0.0032303600923960438,0.25297964021154096,1.4576902396016167,1.0945969150821975,0.8729189617561478,0.3228100188049056,-1.727868213408873
-1.606383337802375,0.12402557385220933,-0.8100627168393879,-0.08467220739804755,-0.015679252848607005,0.3921725859526384,1.495573714100522,0.13931852370372888,1.5187260696634,0.9324381997906878,-0.6206598718241823,3.097765838002127,0.3784782373891646
0.24318101430431227,-0.03324890440592427,-1.0478033190846183,-0.47461475128365255,0.3018865491298203,-0.20540555746251282,0.2985572219260684,1.313395987340233,-0.38251545935108794,-0.20032788137842392,-2.652455968460729,1.779331155005549,-0.697183968613001
-0.8034310974531905,0.8958906555610873,-1.4897066714138618,-0.8282061157181658,1.2119163122283887,-0.07396151971641006,-1.7804429106105757,0.7855828181612988,-1.1873321036372726,0.5087602964517346,-0.44025660805005384,0.7890867259361274,1.2134658278818897
-0.8873214860139006,1.8087383961108423,-0.17724068449119562,-0.02429846269758313,-1.0313474642871137,-0.21343629455000737,-0.7288110827822276,0.9583386755331244,-0.8601486473595561,0.3488436356438424,0.7231584682478829,0.9304126099668107,2.3158066431242337
0.14708243841938398,-0.7332755858880046,0.1598585852553692,-1.7720750741224665,0.9666928389386401,-0.29495961927079645,0.3743911434068335,0.42025380863309364,-0.810234513434319,-0.47918893677865765,-1.1299993217052655,-2.0020915627931517,-1.7250497500524493
0.876057748521498,-2.222917225013927,2.0531278842315888,0.6120418596931568,1.3354641086205694,-0.14944902915910585,-1.2429774686086585,-0.2871155337512585,0.4396334499112583,0.9001561811837017,-0.29657449080321435,-0.8193752380732096,-0.9308212174973476
-0.9269411093386122,2.0319652598622775,0.9599600545892198,0.4427821448313938,0.5490281563074201,2.0738788699370323,-0.6872138461579645,-0.4490033088724808,-0.11145697425271485,0.32721438558181853,1.6548233717592433,-4.363888823557761,1.0592998286532982
-1.0114485713595993,0.9215748577925533,-1.0526326574758185,-0.5359951218376737,-0.2601353648768939,0.8418352630001303,-0.18241551484269053,-0.029359127097547046,1.6258889171369044,1.2452133157839609,0.6878926824364832,1.817832496693098,-0.7267185553875337
-0.14376929785548623,-1.3456491533459765,-0.38509605862957474,2.0397320765889466,1.6799413769833953,0.22962362088485702,-0.7419676516532322,-1.249830991946115,-0.7440666013247488,-0.46485026153863934,1.4953640906370802,-0.013673186397428982,2.7592231169834185
0.238375481773889,0.7870927870538428,0.48375989672371583,-0.025102999237334327,1.144454452339973,-0.9149035169549797,0.6309144057105186,-2.2249555163117027,0.246268598507578,0.7294476312255037,-0.7261105539115009,-1.960849039074437,-1.1628372747707765
1.1228514092079538,-0.10922620266947596,0.8601393499673045,-1.1954665472928712,-0.5727979271690773,-0.08520121885790158,-0.5405325316559997,-0.49517239947747976,0.054413868259421974,1.5548295839377952,0.44058370337172664,-3.7374885439805503,-3.808427964123655
0.03591157406982953,-0.5234892098998635,1.7120332219741046,-0.8334607711913645,-0.6264518398014145,1.1461312889929323,-1.1349643901787823,-0.9826121433444573,0.6755491991437752,0.4679423304143158,-2.052609551660419,-5.719706595261658,-1.4116739425072695
-0.838139060051017,-0.36950857195754855,-1.4222478066873654,-0.3963893424497524,-0.8760051874451902,0.020309237544790016,0.06209436718293146,0.5262876961931371,-0.20813939740535536,-0.3302999202259498,-1.1651788434434998,1.5475331393672158,1.2906917654161134
1.4966727598962912,0.26578979401693076,0.3922881627545561,0.08331642040381997,-0.06549704052146868,0.07056308654992526,2.301714373529067,1.2307242683804787,0.2951739577898891,0.2518275244021527,-0.0760137697014772,0.8250566585884569,-3.7366532726345736
1.3289911964588483,1.1904492725380604,-1.1435992937535038,0.20891375533695727,1.8687314049663344,1.1389447140892381,0.3850290946086696,0.4856612571212471,0.5218496202366923,-0.9373670165362068,-0.5901441575185585,0.5647823926925054,-2.9737095912089218
-1.3268197647593403,1.116069971542502,0.8084818905979345,-0.27666675177824973,1.0398317753837067,-0.0893794740816814,-1.2920158788992415,0.37795662738693686,-0.07295612051907947,-0.02306703302269386,0.79653474285749,0.8057877070875676,2.352032948072377
1.1684833525879308,0.5940868931726241,1.1255985056365438,-1.148749698347086,-0.15619004221678237,-0.36660169438402895,-1.6312303225465115,-0.6195940121539789,0.25911749383695687,1.7887056562625991,-0.07669642895688364,-3.698514687685363,-3.582371207084315
-0.40234415600094214,1.1799626969031138,0.3024637788594184,-0.3554826452560548,0.0240257160309993,1.031254767211832,-1.3440925708588716,0.2698015962629067,0.6503547258028414,0.1853521427748274,0.29206552412125925,-1.067545035903768,-0.13786880756020523
-0.9582180774486306,0.6515978124166827,0.1177746753451332,0.03196926310350632,0.8391691794065271,0.8954157653735141,-0.7292922947483022,0.10161385747416558,0.09010190015535813,-0.5903080433089081,0.23212978837145476,-0.5185373580549042,1.6510350766947137
-1.2031104698497845,-0.2585036043280177,2.69011987358505,-1.4635262458296912,-0.6536124449588792,0.15394332140850123,0.7321933601532457,2.227016098774236,-0.2412712496162612,-1.0488725385659607,-0.0007437937527511315,-0.3044515841609212,1.3592179931570358
1.198489585939359,-1.979404258634549,1.6283847083476133,0.11156543265802281,-1.22389838429299,0.16023826739306635,2.3811714433982636,-0.3253373495862348,-1.0734420599065464,-1.3392781740907138,0.06594227684484419,-4.664419064985864,-1.0934730761401152
-0.019029544437182716,-3.134307042652546,-0.020725039305251446,-0.22893670739939717,0.6401516272090672,-0.8318577362040249,0.5105367042791088,-0.6124668361095303,-0.11079155038668212,-0.4945187207427776,1.3826865212697053,0.8535086911648684,-0.18779591995153497
-1.178180722392587,-0.43882349200425935,1.6242868425088666,-0.4339813718898108,0.07251077703219015,0.7156011492316128,-2.3345749343433373,-0.7530736561373438,-1.1796818119575991,0.9584149779934852,-0.4794620710844065,-5.682580056520861,2.13470005778123
-0.9145210273325162,-0.725783745317804,-0.17977645766693062,-0.6657012756940374,0.5240902631412729,0.049190209349461424,1.292468161197827,0.42868357474526037,-0.2233773857386396,-0.5696242709639802,-1.6149266528933417,0.1969041015463821,0.6085537730985081
0.08140195818439099,0.5344174435240717,-0.4161350212171675,-0.009449235066245525,0.7937442722152951,-0.850183305639846,0.9696220101309396,-0.21495390471221834,0.418504085362144,-1.591789964470354,-0.019641606702572277,2.787529640530157,0.29451197361973563
0.009954991196500252,-1.7123751769292557,0.46134349003685393,-1.0482160577897028,1.1244358120639224,-0.7762354060661274,1.1876504780067563,-1.0980310569882124,0.001424768049323752,-1.0359854140474558,-0.387761301571801,-1.0740385455388357,-1.1609448110059435
0.209828951091257,1.256602370436089,0.3055905186651928,-1.005062752666856,-0.8020489649978475,-1.0044207187185379,1.3101018234847392,-1.1821410133250583,-0.0003600320263659911,0.45606310303603087,1.6475687912666461,-1.6897986022666587,-1.6768830794705296
0.005475094165401946,-0.09413724595660392,-1.5253508513432363,0.864244780499016,-0.0670257469426016,0.45115814498982504,-0.8291067925108655,-1.7353116646669866,-0.5924902865986251,1.9510488640159473,-0.3742935128712895,-2.678484186459809,0.006710279488478667
-2.6257091320961163,-0.014647009351047968,1.4935595104161665,1.6714402761329747,0.20726122386154835,-0.32802763391597856,0.1984632891047973,-0.46911738997958624,-1.2313241408796698,-0.8182975019541173,0.6697111426540167,0.5631589829991182,7.790987368890905
-0.24723594527905618,-0.8198057390568881,0.05062054406792668,0.6238252037699482,1.0071730942481885,0.015166037222984876,1.5578807516895943,-1.1057773934820583,1.019750194436432,0.06436081701413436,-1.3792363220147212,0.7499857551587031,-0.4323427358193907
0.21788590868856253,-0.5876624479955586,0.43468096801134337,-0.7792159786061319,0.12355642908098526,-1.5481841475820974,-0.14355836747307846,0.26785728526437075,1.4200855242340562,0.7837518783753424,0.5196229228616438,4.313061873437117,-1.7874256561866595
0.8685078869769347,-0.6037662575831216,-1.8954245932266525,1.1115572468055437,0.04791225274834695,-0.855090292356488,-0.1916086125706843,-0.0650014340645311,0.2843466480624657,-1.055904778669585,0.8608965182575847,4.5860388214330605,0.664860910387319
1.4214003988476123,2.328483081752164,-0.7095043740603854,-1.2378329911591834,3.07780263315501,0.9037609226322444,2.7096723571113146,-1.2903143656934093,-0.07450595773790787,0.07433717793597552,-0.25485697025059806,-4.54594731610689,-6.2512845899927365
0.018376178419044452,-1.4950978195753202,-0.7197992460892271,0.8776668989181469,-1.958462557588798,1.1240627653289827,0.9417759322571057,-1.0296441227419175,0.9050570353963798,0.09253039371947454,-0.024264221235913017,-1.3173068840265045,-0.03265832357295529
-1.2204128721549208,0.3129861165036058,-0.4547681724538193,-1.1753844138589733,0.7056037908400149,-0.890187507122475,-0.03601522382267687,-2.0767132259128713,-1.2877266118431698,-0.5104432674501136,-1.012583491244723,-3.739827120863155,1.6912077700743287
-0.5236904995720578,0.5103655868345421,0.2857923360900003,1.1751594423437748,0.405387950737047,-0.33610520807861893,2.0522135886507953,-0.26691642979109353,-1.8263231373711515,-0.10448901141852235,0.059516675343350145,-1.200016014011581,2.425936272130993
0.6381718256329051,0.191904723396604,-1.2476356859603317,-1.3856599913194225,-0.8340933026086027,1.896318867616165,0.7892607277749721,0.4837017011593407,-1.2638118758995645,-0.4115557094677223,0.646957570576528,-5.302729631675809,-2.8088954331375073
-0.8989601635571058,1.0358093480730202,1.7079269242265698,1.29060394071595,0.487450147108856,0.2887330918959352,0.6514801586911098,0.36364152602208955,-0.16628635625402596,-1.3948509350844014,-1.645381718842715,0.02644510429018552,3.7833214099450214
0.9792819414120622,1.0041656924555076,-0.885640754556038,-0.639272714456788,0.9267389550257622,1.975334951534664,-1.3294067483077787,-0.026329092254835762,-0.7975816951136333,0.4915214959574829,-0.4603294359717795,-5.431298482290687,-2.85055782455029
0.5082699810689605,-0.843292637923468,0.4638569542702165,-1.800262630292751,-0.5526442014039546,-0.3776344825357547,2.1308588372284594,0.3410271806951182,-0.9746135090280033,-0.3298968605475676,0.4974736507975232,-2.7922991573922937,-2.830855923881099
0.014159017682393346,-1.1419741816112878,-0.40434347461488024,-1.5600150092307228,-0.6759650614150561,0.08329085994356175,0.6343879629898198,0.7870207841818982,0.3413938444212506,-0.0387660092568264,-0.9389609951384751,0.015560402630572123,-2.1532412186727568
-0.15722819869758725,-1.550941539978437,-0.5648485797372833,0.2672054004020655,-0.8484737918058239,0.07389351961242709,-0.30666956319745525,0.6988808830749942,1.1334552853533395,-0.19102918922165082,-0.6453071463435556,3.4741486519006517,0.4747872294211931
-1.4134933732585662,2.3834605763875367,1.2738032322059523,1.0586860684085708,-0.07554999802543888,-0.31801926849043494,0.867428775570329,-0.17743115082681968,2.1420708121927468,-1.3385162150106489,-2.2251402130124815,3.7650566824132,3.459944799089691
0.4769853016612348,-0.40548524472690156,0.6841426781536378,-0.9666190616930783,0.19665826237947678,-0.23955050765940725,1.070195789896708,1.0378089142508968,-0.3233016967635907,0.6131901907311934,0.35754316389991186,-0.14975551179883878,-2.401097310782471
0.9354755657943374,-0.260708213622577,1.575584381594421,1.5746702338845047,-0.568445463601564,-0.36948836846794064,0.6583315122810145,-0.7117912454773843,-0.09938670090634286,0.8729742919477408,0.31515949479505806,-1.0231854354694723,-0.045262841802100606
0.6081447219137386,-2.5304144031837694,-0.14374860333218514,-0.38409437243555766,1.7593290315020422,0.5634277042360171,-0.3759151882893107,-0.21564041227545974,0.39601559741018216,1.651833297807823,0.09142535145745839,-0.7918430323042919,-3.193121363377045
-0.823230327349629,0.5362869435796318,0.8584028419653787,0.5857973423825392,-0.32717698242010484,-0.0807011723117312,1.2000872861870144,2.1356623111362443,0.26494951463594435,-1.0192650558593865,-0.5414933378367431,4.324849933163776,2.767801384426558
-0.10104611262864553,-0.3292906840911612,-0.01569032327699342,-0.27391922616970726,0.25105974363408257,0.005721547964083587,0.36651457618401295,-0.618871842950224,-0.39284701938722694,0.7207740902392279,-0.016419706089487493,-1.8559905956281468,-0.6256671912513393
1.0749454848601165,0.29517042902829305,-1.6435975866235724,-1.1445317443237204,-0.2801758830966265,-0.19141419818679303,-1.5706902708459018,-1.2794403598177864,1.960565556280995,0.8116775514935359,0.049698482759766106,0.6506945055795943,-4.0833457304807625
-0.36233083803238114,-0.6273996085187602,-1.4214298578965698,0.5352205251941382,-2.096649028766311,1.6493948175491764,0.4833140177599419,-0.9420830177981143,-0.42795463671069894,-0.5217919509174822,-0.5179732259545299,-3.6764498800164893,1.275487119033437
0.042241458340180414,-0.9906037126412031,-0.9975960146997607,-1.1849953951688337,-0.0898945876295488,-1.9615430670362597,0.5112993076648175,-0.7639533264032033,-0.1712199924612587,-0.8613479763300135,1.397838403661897,2.148518513961114,-0.24656619702534965
0.7629165589878508,0.3655136852378482,-1.2132890313009228,-1.2291218975903806,-1.2056680299165656,1.5590635805950404,-1.0314859574883044,1.3623991190723768,0.5016618656791163,0.48194723831876873,0.9763718934188437,-0.8032045375567275,-3.2656079532908273
2.383629387530237,0.4190965836649204,0.14987723061110123,1.804445685596056,0.19066568099458392,0.8827839469770836,-0.16368490359191895,-1.6963819940326468,1.0795520506926428,0.29125183413692907,0.24899503132831502,-2.4580157842441834,-3.228460757975143
1.356623645798866,0.9855544967566984,0.028706343589180075,-0.9161139401627197,-0.9171430937518799,-0.40914061629719595,-1.1276705413245123,-0.8129140387592309,1.259051037007351,1.1317411393816315,0.869752848045369,-1.047903663918914,-4.0311700988474435
1.3347123237862193,-1.1857514537541567,-0.8845624849376019,-0.5706887574352906,-2.021052831979563,-1.0290559155927668,0.04892255373745248,-1.293498245870653,-0.05759101756275189,0.5823885661773813,-0.3134298558763954,-1.571072697754789,-2.549043986080392
-0.15058696942047076,1.486794397884627,0.4060944281998937,0.2237217664041918,-0.2795087959989523,0.9011220925007725,2.6362298398233173,0.7451201721929732,0.19475405452015251,-0.0833750239523719,0.5848976924578925,-0.2235112389697303,-0.7812639267860817
1.5616753992287615,0.41557461843744625,0.15624353342497274,-0.04646852363347726,-0.40255331445252746,-1.0232491000497739,1.350253403112457,-2.3006396373743994,-0.7070713921895961,-0.13972183420433262,-1.0001083845652157,-4.286566920595688,-2.5834470218468053
-0.7833835425819161,-0.8020659979905758,-0.49214865432447247,-0.6136047625669074,1.2691185189199465,0.884747340419755,-0.3389619305724535,-0.6507509577491504,-0.2673915294563588,-0.04402629640370754,0.30255949920938685,-2.108501524597168,0.008995858883403221
0.4716719881943884,-1.220760834284838,0.7908287815318108,-1.0584351673907642,1.397911270559713,-0.14015162274073695,-2.1474563901391828,-0.8399776457934599,-1.187863415496319,1.641634895376165,-0.5513274896322282,-4.8150675431103735,-1.8118711787378727
-1.7498098022035413,0.4462581803997848,0.36748593591675605,-0.4600618527295755,-0.8616788988675967,0.628139143987578,-0.8935285944065426,1.4340866070425788,0.49374034637322406,-0.11175721834950963,-1.171287060355053,1.5428257039302873,2.643575433780011
2.3958892675412153,-0.517343097047212,-0.6889276713154235,0.33256876528257034,-0.3749587543610763,0.5198911147426082,2.1350170387836584,2.4510842260198507,0.1428069064866579,1.5076943780409593,0.47641480143880294,2.7088868299060596,-5.515412298289899
1.1345758967026942,1.2995146237863684,-0.9366997924280047,-2.8914041619917286,-0.11183998245791489,-0.8842564717914728,-0.15342325189094266,-0.5805817393221401,0.6127279017463507,-0.8562854741832613,-0.6241697050795159,-1.3552603318172636,-4.826742386970469
-0.3220744491163484,0.49692568921611147,0.7318690252313277,0.1588509175613384,-0.13875778371637035,0.8897197037108867,0.5845308102343182,1.3221902817492843,-0.16388743867457128,-1.4955741448552442,0.4783241710572145,0.20697676519427502,1.2605611006943258
0.7925479499343085,1.6191138705930945,-1.0095396662803036,-0.5276891810888846,-0.2535073464567905,0.2517609452406044,-0.5058237207515347,-0.37320628928680505,0.24708540647060823,1.5833483947725266,1.618366170275443,-0.9439063443690184,-3.081546342274732
1.2360972812874413,-0.8693703668503284,-0.9578491476139194,-0.12476835528992862,-0.38857919740634317,0.34833468149133356,-2.1927744521866797,-1.4865180956752406,-0.10661517866146565,-0.302380257596265,-2.2546632913354503,-3.6131147739619296,-1.2969869120430255
1.2669619822076703,-2.4416356320042567,-0.4202063435101293,-0.7004125254101689,0.039390236265248346,-0.23334980193842209,-0.5506151018024158,-0.00033103288138163866,3.0501941720633647,0.8705806503654333,0.6595957077142386,4.099643561068926,-4.782374422976117
-0.7773703592934421,-0.0018388517597098914,0.9399241167684558,-3.059288432431448,-0.9762009565660438,-0.814576108124316,-0.8051189893002021,0.4559173753265547,0.4341053860119582,0.8321694866981341,-1.4960008664591722,-1.6364276744955066,-1.6694008067480746
-0.6596408953155408,0.7716798864944416,1.1504646837088435,-0.26187263638050806,0.7809838835408828,-0.6113571498095395,-1.0369471799892942,-0.2284243624507103,0.26837884559493447,1.4267567910817323,0.8880370459172175,0.452023226495386,0.41995468106398415
-0.24972030831992556,0.19985838144087215,-0.33812655490412635,-1.27589881535556,1.5584511129180532,-2.4588765786401052,-0.7779444399991682,0.7038264622608581,-0.9689824308007371,-0.5041769072178165,-1.6417473239794047,3.168851264042937,0.7419520401662828
1.2643399304723701,0.6519115438218315,0.507720126064842,0.22609452568147262,-0.24932188304785108,0.19554607327943832,-1.9367389722032964,-0.026322396501950274,-0.2289370792051247,-0.8528941544770795,0.6282942324416557,-1.6697857459705594,-0.5196586792525371
-0.6341725043884087,-2.0067347948963454,1.2214259288030898,0.2910842425496446,0.43932033994122444,-0.8690600758058578,0.5389178229395332,0.3454307842515944,0.22389642395560339,-0.9372705688864978,-1.151162915309242,2.326560179354213,2.1266290956090312
-0.4915919896375724,0.07796070682812307,-0.5091114498150477,-0.5435082056139041,1.1225337666364894,1.6696384091820269,-1.8379618549556649,0.42462460232678506,0.2000096620156833,-0.620572300115982,1.6161980651451575,-1.1297674083739564,0.15310385189640863
0.21402593413686652,0.2974779945089568,0.202539517707375,-0.4572276600875521,0.04054364134007148,1.5729328451958249,-0.8647678332155279,2.212456882628283,-0.9736678014342787,-0.07386487535180657,-0.5266322817364166,-1.8098474441418857,-0.48344508918991236
-0.4694078070132472,-0.14887234540054664,-1.2958452962280993,-0.009014629477095389,0.6070948702208675,0.009419053235464924,0.27259003911988494,-2.7654001649341406,1.196279305634612,-0.7148569927558456,1.0817059371232158,-0.7871664296839427,0.04660079638128311
0.4492477352967153,-0.24726775668589043,-1.5268711334596938,-1.7519984143385097,-0.018295684262702564,-1.053151021749607,-0.6383351639061584,0.37763741836857473,2.4987397623756458,0.1774955984064653,0.9308839503376198,5.740803225499832,-3.5683717754176913
-0.20146163219832286,-1.4919369882290334,-0.6860297772077713,-0.4433810223197098,0.863842342273386,-0.5939533949369601,-1.3501524879318894,0.1546511273959746,0.7969474348510069,-1.3983923644811436,0.6092245540079347,3.8313153433861347,0.7114677658701168
0.1751247502365612,0.10710987885786478,-0.22590259521710396,-0.9941962157905254,-0.2759475030434927,-1.2820887431691248,1.4680435825928293,1.4054699507847486,-0.42345545515747546,1.7677891891731878,1.628270363568021,3.0582007131632,-2.3115089209301396
-1.8410025991613872,0.0838648866734439,-0.7871212367422806,0.7234383170064852,-0.8719476848075584,0.3680793359108399,0.08435981754131297,1.1887139120749741,-0.16736546107032177,1.393003399520833,-0.5945082924983686,2.9661694551240174,3.3339899020792108
-1.5623703316979813,-0.8370820171485037,-0.5960468710773201,1.5891252555718514,-0.6249072255142492,-0.7331203820129486,-0.05183786355664512,-0.4915055574808317,0.25737495955807294,0.5945013494814683,0.35831879362465047,4.149296851399104,4.530126485428896
1.8140355512712194,-1.3341073016861458,0.07331751874698404,-1.1823296705603883,-0.4307532201273695,0.14915393361739013,-1.2309492039208585,-0.08691417896684227,1.8575977971487236,0.4244377393589652,1.0233529687726826,-0.013588533083848248,-5.221874007616786
-0.7272026347256206,-0.08908416986107334,-2.1808011451525746,-0.9167236066143172,0.04991667048023622,0.32097480184642946,1.7670715804526367,0.38046147573293154,-0.05578263622847067,-0.49471789255861276,-0.6489194155494046,1.4679554237131245,-0.5601891383130206
-0.8328465317344512,0.48841222000116874,-0.5277900698666786,0.3682389101600679,-1.3890612178412,-0.1375664684634333,-1.052466544454745,-0.10965603649690392,-1.1162771154035152,-0.2612437574623788,-2.3400574307692428,-1.175776285681992,3.3976837325200897
0.721956925205792,0.9020854332817158,0.10613148454869935,0.8010965972421914,-0.5556787557291131,-0.04022436396715968,-0.18550752302909249,1.216771236899279,-0.06764047769498688,-1.6912546536542947,-2.2884917933390643,1.793980223758381,1.1974406388742074
0.3454148087275345,0.949413465425505,-2.208268541833183,0.77651668933704,-0.06995451996299555,-0.055428601717964515,-0.9587895828692337,-0.9205717313607549,-2.122712542951658,0.5908769557963006,0.2722727203413868,-1.95360188159923,1.0859884973101406
0.0694694365607103,0.30858354776219965,-0.9369388056975845,0.6226852900887446,-1.0065272397759277,-0.03248058347390215,-0.9622088887947534,-0.20117768584646556,0.6942970071796708,-1.523357512562744,0.9703588587951647,2.313654412645107,1.799745689386622
0.3227672651205623,-0.4625344954155323,-0.3516453780037736,-0.38688597755770504,-0.10060266137456023,0.23246843390726163,0.7003604789548997,-0.43284079793318725,0.4809159745072377,-1.9306948535436526,-1.3259062786525322,-0.5725185456339937,-0.4740196946614863
0.7213142542310497,-0.1080814796396723,-1.2571237294721405,0.9336975628731777,-0.06957720408108305,0.515172568942132,1.45129620083412,0.43313234381911603,0.8809259290015242,0.6983841605419562,-0.2904060851790813,2.6469095659583206,-1.8807160892681574
0.9140369329988614,0.48474459366837375,0.28329790894559487,1.5077374928772729,-0.8988090847289161,-1.1050864438434844,-0.2240708907304822,-1.169745929886511,-0.4684752879942847,-0.30296548492026104,2.371540125276209,0.2266129199647393,1.283183004629605
0.8096895368873894,-2.3632375748725822,-2.632173714361201,-0.10010102868176361,-0.1964607390822645,0.18899427387741607,-0.42484490150649956,-0.06796494302640574,-0.2310960794373632,0.7754665997283569,-0.5624759259103443,1.099173958936142,-1.96615423017503
0.8157191898567433,0.2971280542537794,0.2381876839874899,0.6711463230467469,-2.4437248910791887,1.983073379480411,0.40999198717901403,1.2175245032435031,0.10757051553438528,-0.6358568690749804,-0.10650748156662461,-2.245277377878855,-0.6015733276670725
0.9716857491637371,0.9083072241942473,0.9269545351655528,-1.9381735863251053,-0.19578025503499796,-1.5897150642097335,-0.7617292754894694,-2.0206823037588046,1.5816243159762322,0.5488732978481677,0.9780834319794494,-1.7242529822753807,-4.152976154272066
0.47698606184830517,0.31069032712742195,1.5387834432371725,-1.6393313387294837,0.06397931040781725,-1.6808798418797506,0.8251147217843577,1.0889973550625678,-0.20307161876608884,-1.1782735620960585,0.368003213140511,1.2701156551168336,-1.2119658059606386
-1.5855314428263971,-1.2764821978834906,0.17535347922385566,1.199081367673788,-0.2670970290907557,0.19893746560309,-1.3591748246578534,-0.12859436040673972,-0.8355891878629913,-0.2483068037971139,-0.8702834130191771,0.33720031346946616,5.075056427057133
2.2896526559508485,1.1413729889365503,-1.240458979109795,-1.438416893216756,2.2756234026180877,0.3779304187430074,0.8037204837471973,2.45184630922856,0.43175712071765787,-0.44799198062071116,1.969467517853354,3.1241453204763636,-6.397966621688432
-2.016197752537262,0.09490794616651542,0.17206481802436513,0.10964801635277048,1.2661712089161603,-0.08314952690079726,1.8710304471429706,0.6710468697480905,-1.6604642313623177,-1.3647700652970094,0.7257699692429964,0.7397405055272753,4.236310269852175
0.044125133830590434,-0.2954625017441241,0.18159613760152893,0.457868044004874,-0.7409247853467684,0.33050490924998016,-1.2082762325435084,-1.65048365063777,-1.1948989624919932,0.6612770416119578,-0.11505459849057176,-5.305346311379817,0.9336690991063105
2.595775490382295,0.5666953840970205,0.278313555170576,-1.7295345540393452,0.3069941827741488,-0.324447429020829,-0.3363100167056495,-0.7087075293127124,-1.4406177119277208,1.3128032130921914,1.1010646809714215,-6.491007397346881,-6.444975024915078
0.9546502581563739,0.6433087537730123,-0.551575486669766,1.2645669740790817,-0.8797938151760227,0.8305430634190095,0.9525874402060762,0.26601988745572347,-0.7993083038539512,1.0494216551335742,0.4914390712050089,-1.5296120465139311,-0.9097328798390757
0.796287153934702,1.1329242329791847,1.1993887579627416,1.2634593065004174,-1.345885587391455,0.28898876258526596,0.5338580472006623,-0.38392100580643795,1.060822608110231,-0.5426752031273764,-0.2820191604741466,-0.40053373628014555,0.07819010167611005
0.13211138169092526,-0.6260804954674666,0.36873862069355007,1.1761382906614308,-0.8563285576782187,2.3337239904570946,-0.8821224378455278,-1.5242953228532496,2.098263187883681,0.539014190187917,-0.8017284807219028,-3.2536783596269463,-0.6871371451327826
-1.5291032214847775,-0.9409806330598283,0.4113285319399808,-0.1907572540276736,-1.2267283756821978,1.3246073445184543,0.0058239584011546075,-1.6801966708104978,-1.0124382212901655,-0.4944322252010848,-1.432472745966387,-6.872165551274075,2.992251673504688
0.5099307541189251,1.5581694042394159,1.6705370997128968,0.025724936494587746,-0.09103671133090327,-1.6702787651937891,0.4961280365743874,-0.5497456118745991,0.6249764781531374,0.2444169884586619,-0.9722922653050903,0.8557851898583244,-0.5129132766786602
0.676611123853148,0.1817952288745765,0.006994877657679044,0.5352198511351635,1.2445947205601848,1.5417504748734252,1.7621447549716573,0.6173511224818945,-1.2438944877515246,-0.24797641075333346,0.8646213712138916,-2.817132364001476,-1.5758033302839412
1.098288616372747,0.8903415944855533,-0.498409221644185,0.6414508976618251,-1.5771713705160293,0.8524354193857094,-1.5693558522218605,-0.36071466578961275,0.3345839946015823,-0.2357569290599431,0.27082555210799275,-1.661239300470009,-0.6490189413459927
0.7675026525591659,0.8588741064299058,-2.138775125843699,0.6717345382818619,0.044518515545174435,1.8256001284017669,0.15716054492000897,-0.5837488908374758,0.5686498947645598,0.4789881353983994,-0.024712187461835202,-1.2309365079021157,-2.310478068714379
-0.5263011333116047,-1.4473451672329893,-0.49497186766589496,-0.0754702605529748,1.2380991485963753,-0.801288914888432,-0.29815551923490496,-1.2218815247303407,-0.18499734748335872,-1.5407839475166745,-0.7381464268337855,0.5759064369721654,1.8978069414715346
-0.4652338241562381,-0.8216352362159974,-0.1896323007491192,0.9527706945039595,-0.9769454791686697,0.23255708889324697,-1.462409159321311,-1.4126149519239364,0.034757591779982104,-0.22872153219375574,2.4083349040783966,-0.8320259629731133,2.770956049209218
-0.5357018665212565,0.8813529313452584,1.3354193657379523,-0.20495130811013645,-1.3018168280575944,0.3463906163725284,0.2982232854180736,-0.1195458292120762,-0.37522926068358803,0.5246749502980063,-0.7986295970601,-3.1809957004118554,0.5746867528585201
0.11023689000318068,-0.4380890548737922,0.47447754110355145,-0.4660597449679585,0.7027997394011575,0.09586078987076259,-0.7585105873501877,0.7810845884183839,-0.99830367932987,0.15146379127527695,0.3546284032438643,-0.9793381902781513,-0.24888114044375406
-0.669189883740191,-0.17071351820825992,-1.737607905004597,-2.5511966283729373,-1.5874351799277113,1.8174685331783538,0.9970916910093183,-1.0564931809369682,-1.2540009572532405,-1.618063998729986,-0.6345570326608523,-7.853044051553427,-1.1852382081093005
0.2417128036823463,-0.994338645342963,0.14486975809456898,-0.5061077589439581,0.8738523531101557,0.4005182693672441,1.4846587375394258,-1.429823059214321,0.27318890774736476,0.26753986182220607,-0.2812458685821201,-3.102004380763484,-2.3482874418554975
-0.5606015837017531,-0.38033229963666054,0.485301869493856,-0.8952660098442503,0.8145838509767142,1.624702010050949,0.6831823383802051,-0.2878246525581277,1.6843456530949432,-0.3259112083181925,1.4887183452601909,-1.0777818031588844,-1.9188313141336397
0.4439581872385144,1.1647276668776982,0.28063059742405816,0.5479250493307298,0.32646116565091376,1.2347178160101502,0.41934891168635424,-0.9446930975200426,0.2642117217609774,-0.12601740361039984,0.8296276143305235,-3.0146150179364732,-0.9993521100062074
0.06662038030342948,-0.7857743644996101,1.204056859407139,-0.256442131594945,-1.0323733891075038,-1.5618691497414248,0.24662689836596538,-0.6320054317908297,1.325367503620107,0.6001916621913672,0.7331087407541238,2.1355599072118623,-0.598395488692231
0.34655584410186147,-1.2223373615940911,0.0840104297892057,-0.619854409322354,0.06132500966262993,-2.1222393415553187,2.1495250753311623,-0.6986263898536589,0.023194215886968513,3.1188056362762264,0.6557285456578889,1.6865286471912184,-3.366379765604974
0.2486997345818683,1.1742536912732355,0.8230243783662953,0.4395573461557083,-0.46119469228570353,-0.85527837194616,-0.5684384314112206,0.5121393690553656,1.5355913963311345,0.3479705359091634,0.9220926997801059,3.889614137898147,-0.06511855510946735
-1.0839808410243197,-1.1841341461246602,-0.8930060211742414,-0.6260671958302053,-0.13200269859911923,0.5233546300280821,0.05364769143935991,-0.02203796870495319,0.7115961810570316,-0.4349018585106224,-0.41287318524819583,0.9423306167002711,0.6813840612743044
-0.8187885587219097,0.002842028506255742,-0.2586909976520305,0.7653760494484325,-1.262736005161314,0.48175489259451965,0.46325406236483746,-1.8974625499141384,-0.0003218083554459551,1.3560468640723446,1.1985818026075123,-2.904605124669545,1.3175287528842132
-1.7127444769458526,0.9088587687675812,-1.6967537162345274,1.410085096435353,-1.470356395969416,-1.3760079003498344,0.5063309847378465,-0.9591823985738327,1.3957495728546674,-2.5954296600843634,0.7985799342850702,7.321367884829216,5.995934116690432
0.5843017879542057,1.3531802348660011,-0.1508998067386376,1.9013991888054211,-0.5411911485877355,1.2678070840982187,-0.9720107113395807,-0.5352738305710052,-1.5722019975799322,0.29057999657189026,-0.6950895242221702,-4.327448929724395,1.8530429088001639
1.0643362342564187,-0.11579782920610326,-0.818665193115898,-0.2769742006287568,1.2354158318716226,2.2077553908811867,-1.7575589639602391,-0.8494632552934538,0.5971690711669773,0.049984936440064145,-0.1509800005134225,-4.3977781766267885,-3.171139864048717
2.0620304509811187,-1.7004807719076196,-0.9260580761602157,0.13441749793307525,-0.10969513776125345,0.1395100280909469,-0.6021254180076758,0.38304208273089946,0.5730254123378399,0.20999925092163718,0.24380430521732985,1.039621154432275,-3.654467620587967
-0.8605124491606815,-0.7527140869412768,-1.2202294714335087,0.14038013520366552,-0.3575541602203793,0.2787372532408317,-0.2369154629344902,-1.7843203191512182,-0.9440675030502288,-0.14750564467525895,-2.6016995674077026,-3.4540699988459926,2.275506724170782
0.8053660596060466,0.0915666360190455,0.4757401437550772,0.14374735409452516,0.7446838954258094,0.8715647740160078,1.2650634374240841,-1.2182986783433134,0.892407194595505,-1.4162135949433634,-0.5457264482125979,-2.6383218377901914,-1.8913908798383947
1.4012152402920246,1.6136570853150927,-2.53996245975441,1.1248405288603236,0.3893319048803431,0.4835073935121927,-1.6260260068049073,-1.540296553275127,-0.9887403799919022,0.04572068824402058,-0.1855034625206199,-2.3271877026211785,-0.5040124228136033
1.550834553724758,0.29029534160616405,-0.6836848799884927,-0.6895784902567981,-0.40916768181564817,0.2877815946949877,1.0141009068406124,0.7978246297261768,0.8618289017302198,-0.6473527747191952,0.06961785002417668,0.9168072778976232,-3.783631856336599
1.0465120238597863,0.8292102910893393,1.1691713500603016,-0.6849051916746144,-1.7202611090731532,1.6066799833349075,0.61141344107887,-1.3649700436385004,0.5805638841898091,-1.5058517932893858,0.43003784426708147,-6.983104516139826,-2.3618990525849406
0.30870001192658236,-0.6801381731080876,-0.8491493411600894,-1.5444870688277972,-0.37485010623526094,-0.07578731164436069,1.4103337981381732,0.8151437690108538,0.6457145638388351,0.6897306883971631,-0.5025976167203633,1.1654955478766276,-3.416421204289088
0.05762280913105954,2.139289187617193,0.20308814252976182,0.15247819407787458,-0.7117310643523671,-0.8038080823845228,-0.6324711153849301,0.3175485596927471,1.8833547996396016,1.0033537431219388,-0.2552818049043442,3.8964977555382583,-0.551838886171583
1.697827752061046,0.42109765241604596,-0.8472242457381802,0.7062920919737359,-0.7392638523556042,-0.37657380817607683,-0.05567750276849424,-0.059922022104971606,0.28766291733508736,0.6889475016376667,-0.6719144150331601,0.8482360415552166,-2.495109669513617
2.6500820870264037,0.022952030440025792,1.4372888100379355,0.10655932344405464,-1.0583113054946152,-0.5215165819234737,-0.19382322601788654,-0.13623552836007224,-1.927501862545321,-0.7574907744167689,-1.2989409120266395,-5.654654214175667,-2.343176709762565
-0.4195118930332838,-0.9790309350440854,1.9964603167762278,1.1256336095377815,1.501146480764058,-1.305266294802874,-0.4561463815078035,1.2541261999981983,-0.12941678082528565,-2.8501329441364107,-0.2513403409286051,4.594658348707617,4.728322442470476
0.04116127794046018,-1.6712449477593985,-0.6043520347026481,0.7179221915756788,-1.6154655212383495,0.9197611294269444,-0.7235736406276683,-1.8665322978694066,0.09197014918028135,-1.294580757983167,0.5185721641798839,-3.467352050407206,1.4982102868345704
-0.420902345498607,-0.2730786521669298,-0.42975492927794295,0.2429168831072206,0.32874984385768957,-0.1402838314823858,1.008623415383883,1.954842173145059,-0.05003988738878109,0.35569233208564516,0.24326375388317245,4.480596775069045,0.46708642337714923
-1.9789420163201796,1.1058200189949279,0.8816364269633161,-0.24964594961213718,-0.9089781894955546,-1.895171943918527,-0.7712591759839181,0.33456740714090283,0.37309835106978906,-0.2713767559669339,-0.2908066816098845,4.371109298292695,4.658766791959945
1.4343826129440043,1.4215652560990921,-1.1104011626477972,1.4569545145721166,0.5936872269279514,0.7097283032515774,-0.8443424418550357,0.2166646924996211,-0.01650263983600587,0.7143832644359241,-1.486738819965927,0.35268636934551995,-1.2515147438358776
1.4548291652432805,-0.6413071508286543,-0.5236864680127218,-1.5088237307734498,0.42842787808652133,0.5433946727995177,0.13376268609875586,0.6727907819899995,1.328121355243389,-0.14904347249396252,0.8891473651552998,0.36725079128842286,-5.124726799733657
0.788960351191806,-0.41044892492034313,1.002397412372517,0.2877418476833835,-1.1583605679415028,0.276673858924871,-0.6243644814577121,-0.35199357752428584,-0.2541408343914158,-0.25241826858047983,-0.7738365853993048,-3.2011762594356594,-0.2529300734020488
1.0907976600501885,-0.3296977826957748,0.01892057106537154,1.238007237871247,1.8603693863650823,0.2849048477251428,-0.8167730402074048,0.7022978810927837,-0.40073945059977795,0.9473030261299354,1.1371861031454849,1.4350973675510406,-1.115136210496376
0.023226673343747412,-0.2946093442352326,-0.13472081659117033,0.46621178503373617,-1.1181292721804663,0.1426819719215271,0.5648604536066772,0.0027947751595184837,1.5005359885972978,1.376709083097959,0.09552908961531702,2.12670400659681,-1.1917877176031026
-1.764827383461839,0.5998481702037501,-1.504193495092058,-1.4308637039998096,0.4337738287728593,0.36306017971706567,1.5803977602671946,-1.9642620528289323,0.2184289746127155,0.6037123945993125,0.029034065609143952,-2.5714366773268456,-0.14119108025183946
2.3986290843074514,0.0970086280355868,-0.4146871120962446,-0.7461116065871001,-1.3926820211499724,0.66045160676535,0.7759165943665924,-0.22900203356033813,0.6283663699361618,1.0104795759766942,0.7985816224136268,-2.96767627545237,-6.29710115663264
0.9527684098189964,0.5179975588823607,-0.14347479089553292,-0.18834171052476142,-1.7597171428671374,0.5133316780497499,-1.056246121922969,-1.2845885313759409,-0.6608331458009542,0.8881079951144627,0.38488285109908493,-5.38785693213675,-1.5953798818069105
0.16243317292765455,-0.04764084895968398,0.04203608242478403,-0.31700685166685894,0.7790508354959056,-0.15432322488461886,-0.05270345208727054,0.22618991801130264,0.3659077922114449,0.5794569345352912,-0.25243863371374387,0.93643739086091,-1.2184093763181827
-1.3211627273629956,0.8763424690623258,1.4121057751464525,-1.4586904295001992,-0.6537945769069442,1.0470630581105562,-0.22061920974797575,-1.3030530428426745,-0.310916634898917,-0.8876435222853244,-0.6962152664431855,-6.762240528027066,1.2149796125956693
-0.7211795353585992,0.4929138959224405,0.5065053571906982,1.4144774418888628,-0.4723590009062334,-0.1213325779976116,-1.4327520212886673,-2.731192152562493,-1.1346259566370305,0.1625191698071552,-0.3759584999662388,-4.901829111147943,3.913621150935383
0.5978939192176369,2.339855193534694,3.032574700615101,-0.9995374777003645,-1.6042974630061402,-0.6573627241346237,-0.6101473545981259,-0.45013911229259546,0.4591670809308568,1.917544838514963,0.07330875410410864,-4.337841285538463,-2.441962060732259
0.03286567362445894,0.6153910604957918,-0.14035528165641378,2.573883706468619,-0.4638774472970771,-1.3725710517460146,-0.0731026385962235,-0.4166444553669594,1.2152853787700624,0.24334264896533048,1.4975321504959003,6.3148096013444635,2.8941717568395764
-0.3486126796357457,-0.8494527784823043,1.4287085407554496,-0.2827687829172532,-0.7569551086794126,2.3115892668050986,1.3132663155027204,0.5758091700806789,-0.06077797673134776,-1.4628778665302955,-0.027764823928174306,-4.536804579753317,-0.12160694605663763
0.28896290973305266,-1.6290221893624508,0.9013572233688556,-0.9067152630987556,-0.6251904656741969,0.09476598273735612,0.39385191654166407,-2.0978938630205017,1.0651633762419466,-0.6761037555788361,-0.07006916198961427,-4.089783036534751,-1.9510888088415266
-1.435847737292877,0.7186609979924439,0.20558999486779764,0.3814010535801498,-0.3970004427445821,-0.8550756549574426,-0.46418950586107166,0.7479334877838059,1.0201011036668985,0.22165436001116126,0.7152472420605561,5.2938806303078145,2.9350268670252673
-0.5882414992458364,0.13312444154593703,-0.3328814779573753,-1.4401713449567912,-0.8079179548387819,0.2764277498084117,0.6217577290436296,0.06555801880900906,-0.08313117706318528,0.7600817435321188,0.7086599554146601,-1.587723588199981,-1.3344023381555266
0.9864116936151136,-0.19202572379881439,-0.25641715562896833,0.4595730376864467,2.554391647934117,-1.1625813923129988,1.074883158584736,0.4561035532594885,-0.25619519837081806,0.8892565137382153,-1.1048008342545468,3.0002415862275513,-2.238034531034221
0.5154624175352521,0.7321181609959194,-0.07713025907700134,0.678401807114939,0.22569937497392767,1.0313278746265555,-1.0707514820292725,-1.8190803043945867,-1.1037348147941557,-0.1750314846311759,-1.3191744599216102,-6.222116926520467,0.5006061797967949
-0.7893819930774743,-0.6529845114499462,-0.4942461046328887,0.08677796046887402,0.392317865838972,0.26092239909563714,-0.9718070315694309,-0.6517083370290664,0.3909064814881429,-0.10725592916892328,0.9301847521218067,0.5732851047469909,1.42328965840342
-1.802106840720092,-0.371829992532002,0.10031613712664131,-0.23376270362048052,-0.568270730473218,0.380262545600548,1.1156312069364394,0.9105011902765237,-0.359918074162716,1.2475013280317582,1.6122060350188414,0.9343126262588907,1.7277738819232427
-1.6111926754281976,-0.658975788503046,0.198554951065361,-1.165858605802469,-2.6446959841001103,-0.02052546573306656,1.2813415775911987,-0.4022291548361294,0.35542257552888873,-1.5171302570641367,0.6583516234227327,-0.6569999435535172,2.3680385441076766
-0.2670965795224782,0.9929585451931103,0.3577417563898766,-0.2043842889968364,1.2467490477781622,-0.9833623174582276,0.504372188581816,0.3574959357746056,0.4452539678914503,0.404857661414068,-0.06220919752459181,2.937608943496918,-0.33434913734308996
0.5242855816148179,-0.399817180626178,-1.4051143911484534,-0.9527352575665995,-1.594656728175143,-0.14615642155193848,-0.879508051959258,-2.711036529408346,0.9017334325759855,2.1242682577197978,1.5944247018016786,-3.488474623172185,-3.2807918500041566
0.4521330311618633,-0.2575568207521328,0.13878531534888391,-2.349961438758894,0.8064971246077774,2.0882901553350464,-0.2913601086410411,0.5005767525765015,-0.77374632478758,-0.03917577531859386,-2.4321202707206315,-7.2007301318775045,-4.1791772725303975
1.1929122699027663,0.6839847124320064,0.010827149632118034,-0.4648960878362267,-0.22533275113271983,-0.401625375758167,-1.15884380768044,-1.3852136335666354,0.24641918412342248,2.242636850553467,-1.1083007508465135,-3.1665757001995587,-3.4110059770301078
-1.4044383176681392,-1.8398450691958195,-0.21521075543725993,-0.7230805531407674,0.15065604221289,-0.9298102335867123,-1.3563767539862917,-0.13404225454092178,-0.07883593681145039,0.5661271700630486,-1.5929313778611485,1.5882995808825195,2.2400431874317333
-2.1101067298932783,0.1682918665586245,-2.0307049421211327,1.5550452658539697,0.962072962435456,0.5974428738170726,-0.18930562527831768,-1.0407290328430527,-0.059037917599823186,0.594624830955428,-0.6275163109846392,2.0164247866845004,4.60216470644936
-0.18119228685880315,-0.20598226498339348,-0.554597121946437,1.801486507617147,0.26127071402607577,0.19126656416862553,-0.9714782888867713,-0.5356116842751389,3.220836457011329,-1.4745982280571333,-1.2628839194748982,6.254248936091314,2.0898634379299152
0.278836278565125,0.041117388335429064,-3.1138547987609333,0.3569283151706474,0.08022375537338605,0.5266908245656888,-0.2599225845406302,1.0148960935069233,-0.07324174670776816,0.8778798246844649,-1.0080450008895774,3.5374698576120642,-0.8600362782918194
-1.026074551657816,1.9689172713891547,-1.3354533797447015,0.18607313370403575,-1.3190130860039402,-0.7721094604102791,0.8945383283538028,-0.45642492278656244,-1.6373088921097805,0.19899690187890054,-0.36401661382892464,-0.5278838121092366,2.87903718310232
-0.993628811219273,-1.0518497108285692,-1.512497372198107,-0.3653139641521812,1.018022277760825,0.4398646282298185,-0.34686475297222097,-0.25094251812430624,-1.5008635979906573,-0.5455435369739032,-0.0842058430586593,-1.2532879225939466,1.8393896209863212
-0.059765605813437594,1.2761141824595301,-0.1979679673157532,0.3983001147750596,0.5071413724405851,0.5171044185856556,1.35495629763884,0.8074162725372074,0.2144402706345612,0.49291808389268477,-0.7095897367404504,1.016155434431032,-0.6688127565110755
-0.015092667949070588,0.779444309034519,1.4194106172263665,-0.8105143363532039,-0.050172165425402315,0.5716641791863231,0.9001569418714489,0.37051980794833794,-0.08369386422995952,0.9531340139776503,1.6395554524246159,-2.4295820106039585,-1.8115678855589106
0.6263545148390484,-0.5084185237493923,-1.8489210320751615,-0.36848888661572726,0.19276665182067323,0.35039855893157,1.3707823559969072,0.19832538389624044,0.6533540222945641,1.2116062692949618,0.003772636431489899,1.4112363418430274,-3.5506565430252004
0.3874286861398548,0.4986244388732411,1.1314912481220634,0.8780418087136475,2.3457234125706505,0.7887702680089114,-1.1911231436630225,0.06258774671961319,-1.1748435930738932,1.20245836486381,0.1435767185369369,-2.9289453790056785,-0.16003948972015727
-0.27535568723234294,-0.49675264632822747,-0.9116230229369038,-0.5649060426617468,-1.663296436304783,-1.8775537151077726,0.01810854912944914,-0.8323415397245975,-0.3718953968888992,0.4632355147376745,0.04938278164281538,1.4315145702187566,0.8763061381925212
-0.4980469604017822,0.665154288957035,0.14485478564281654,-0.21285239040772339,-0.6107208540205635,0.3117774275654873,-0.8831686084401694,-0.1589226872164667,0.9697747721610853,-0.16709668498774316,-1.8870425224010148,0.0050322382342793265,0.9427392977317717
0.220991709267041,-0.3040108739171244,1.3230327936975597,0.10799910049551037,1.5084299026741221,-1.1967719128753065,1.9678542028946473,-1.0414042348384844,-0.6910731793329887,0.5628112727327146,0.3634599350307329,-1.389956439226769,-0.8019220478000022
-1.6646050016151246,-0.6718734680699803,0.013524652844801038,1.0993610098823334,0.13679436941118894,-0.03636962798582113,1.3053298200050671,0.07142330497427217,-0.9545913772818364,0.34348281863784996,-0.005871212626248365,0.9864520122446043,3.942720358128366
-0.15326719675434952,0.31973524499817146,0.5296412098191801,1.2576813857711544,0.20269444703107392,-1.7194028583345973,-0.6522083783425592,-0.13132651203539114,-0.9639713576318415,-1.292034580948365,1.1555830122467585,2.853715751398723,4.029585779954745
0.45993847189698556,-0.2931095511356568,-0.9732481242091235,-0.4338524502338106,0.28674232372208464,0.5581415963740355,0.05781307579467752,0.16837204433622704,-0.2707529639575465,1.5673587312862172,0.6499534934949337,-0.9571311414487003,-2.602934245127895
0.868909064965073,0.6294602972418397,0.7439627895850983,0.24268232615681798,-0.8284820291903607,-0.5990521245292261,-0.7052164014474102,-1.8158901027153191,0.6924702701465565,-0.6597617229499849,0.054521590172761286,-1.9738862556977324,-0.4262261044788449
0.6474423283588838,0.5197178936626754,1.1877123164408416,-1.3133290508514324,1.2919138593025503,-0.23694745890510016,1.5853629916093994,-0.7917607459567302,0.16924315361931708,-1.5571895342183197,0.40776990114449974,-2.8990517514591647,-2.7893850190030194
0.011256841780495038,0.12694939206023645,0.4684066085772033,-0.2553081525989297,-0.2584034510502463,1.5925122813632553,-1.4104884438991725,-2.8396162000426513,0.3975498564018483,1.2720360990226023,1.5296888352311153,-7.732813846571276,-1.7523353455797346
1.1652877298845299,-0.32422165544018366,0.45901428649749015,0.22128119214748718,-0.0878490122760368,0.19109916294557677,0.25122250268744556,-1.0850107419998674,-1.3158280276561778,0.23738831969249863,0.055487751840895765,-5.0322256977972835,-1.5651873954901467
0.6437195465034089,-0.06749567074485127,0.9601522376505846,-0.3797673412724968,-0.9654162554747805,0.153361194240204,-0.8900798701884054,-1.30549672244058,1.0052706914616303,0.26529506215796644,0.8283298965919256,-2.8757106623556687,-1.8392634467299611
-1.6908414945831278,-0.8637633244100855,-0.0059335283791910306,-0.4526379094125368,1.1721163632125384,0.28339650696318774,0.026830390009312723,1.0921802976633792,0.5709602820045929,0.39260794707211655,1.4287768394844387,3.5663835140084204,1.428298510877453
-0.8905829753116083,0.7189091834677935,0.6096082056152949,-0.08341828362260904,1.599039281287141,1.1535667946349368,1.5026627567656876,0.2949311415904914,-0.7610134470695651,1.2203640153941626,0.5312017478724909,-2.518826911623749,-0.5317094421450987
0.13233660904515626,-1.08121393541033,0.08004898000056983,1.8697944682126784,-0.13425826571891672,-2.4297358188259524,0.19884579331712973,0.5028470796770034,0.5050326042599497,0.16283788548899428,-1.232329047260631,7.590654526410597,2.86111151904307
0.050451643643324016,1.4195294653217823,1.5062884810619546,-0.10460400258990091,0.7026670146216923,-1.6573235116312117,-0.03850697084923642,0.9343443044493521,0.37656473015256325,0.9308080454981467,-0.612812014771723,3.293905235885955,-0.03195095422295374
-0.13531511087369602,-0.3222982044360152,-0.3470737517596583,0.1534674109991874,0.21294835369193646,-0.2165988876930217,0.20144978593797075,1.8449966790502503,-0.4846243553028719,0.1154010718105778,0.731490370472008,3.414659045990167,0.8536154649828578
-0.4277479551818771,1.3271576197531483,-0.15440417796644174,-0.5959518218092116,0.41374024673548004,-2.374417665062089,1.1167709753708943,-0.3380095543904377,-0.17264817786559183,-0.6295641772650086,0.44240918501264354,3.578170697632668,1.048035724364122
0.19129836519529023,0.3879910036639417,0.3290839945063702,-0.7434386877127256,-0.9655181564010367,0.9839995448647537,-0.2959383805944336,0.48231956848912655,0.1392762387835212,-0.4502653024206835,-0.6487085598416232,-2.4603829604184115,-1.1329507399542296
-1.6563274435139648,0.29253305084943454,0.20195872485144706,-1.958770018783159,-1.7722339907947477,-0.12746962255136263,-0.6279640049691926,-0.33344346954182535,-0.6507253371812992,0.48489440624365715,0.16083015111227014,-3.057354685504662,1.2866943611648178
0.7348954068294011,1.701997655838651,-1.0731992267061286,-0.7197345045618387,1.7911659265050324,-0.3083904471302261,0.2858809434326463,0.9267419312628802,-1.8758096642847255,0.764738873488203,0.9067021313376088,-0.6646209037164734,-2.0303820745152956
0.8224341135492814,0.7074164586350933,-0.3657154618580621,-0.685344909117674,-1.8873583114763053,-1.9822295122541465,1.9430746040378373,-1.1480527989994198,1.523590852570036,-0.9493965677365307,-0.5549719007175571,2.443230647667061,-1.8933196620776624
-0.1466714044049736,0.15632884831125868,0.7720014980634005,0.054951502236515994,-0.43171267398419894,-0.7675677139801589,0.02100813876006336,2.466518064685982,-0.5463120907165873,-0.8706740684913526,0.19858724654801757,4.095255531987774,1.8120970073846017
-0.5204916318093687,-0.16031485539694293,-1.9509827932950419,-0.2758287758960068,1.4059440936143885,-0.3482102595303721,-0.6474657437043299,-0.5082130715157609,0.27466148197433043,-0.6002667864879485,1.6145166595136493,3.2933125619362222,0.69237476601957
-0.30779564062562703,0.6595361173620936,1.1029720774875837,-1.6286048092570233,0.12599518099392013,-0.649251030072372,0.3734394247561971,0.2109990516297681,-1.4224756885639318,0.9871774069851923,-1.238341115450108,-3.5491242863223293,-1.0388446240047677
0.7864059562618257,-0.5680584909262643,0.3726140351460907,-0.5278096838008536,0.10618810004005406,-1.4689567749575776,-0.5657637028871236,-0.5162105037944793,0.6904072562934797,-0.6678311497820725,0.017217750900865723,1.6484114865515398,-0.8952010080259584
1.5150487235273813,0.0578342372478522,-0.028588566881510045,0.4971474448348464,0.7429605759123763,0.17011188299242214,2.2686536382083937,-0.5408386464842653,-0.1992663252191014,0.6459483880857666,-0.36293198170128804,-1.7062527931423452,-3.5623571776651843
-0.36573158272429057,2.6208657905371995,1.2048974572670101,0.7321148001969653,-1.3951222084526498,0.6842751797018989,-1.6065437599403585,-0.15885899168999507,0.8250172111828266,-1.8556238763647686,0.6848142132747007,-0.695462280887853,2.968870057283649
0.6114634408536662,-0.1911284011012622,-0.9688372320556603,-0.7488927297714693,-0.5140836245837187,0.7229609800807142,-0.8448308295000658,-0.25974710574721593,-0.9884789585467262,-0.059851869315703694,-1.416545637723892,-3.88948849021537,-1.4370721095136378
0.8392441109775398,-0.32739029104842,-0.8646828964342991,1.4393971658207676,-2.446687508870229,-1.4842100587231573,0.055739921628750126,0.14087376454682882,0.36470656074597857,-0.7452698660438546,-0.26654411301315145,4.764951722122764,1.544168372126936
-1.084331675042809,-0.6478237581044368,-0.2935711604230334,-0.9044738405188365,-0.8395731453459379,0.26430914269284195,0.6058273631003067,1.5381472185617138,0.14378963130195496,-2.552181735566439,0.9722712218720473,2.836372612953218,2.4187761584174394
-0.19729301679757816,-1.809780746466621,0.7175347580913987,-1.092502467598066,-0.016381284583619513,-0.19567605038878097,-0.27632139759832824,0.32198881590670675,-0.1655485431526539,-0.6083791165074253,-2.2376652973809907,-1.1453079955222774,-0.05178009174553083
-2.104274781675351,-0.7555903054572838,-0.18834225082252176,1.0908055900371016,-0.8984902038522116,0.4945574290525097,-0.619909421331308,-1.5607512314480918,1.275566358351931,0.5271157367963581,-0.25402488516929084,0.94468018667196,4.269536056070829
0.9486324779662892,-0.4001070379917185,0.028074612298256814,-0.9837478000070339,0.34115465592775734,-1.577795257786563,-1.526305836047705,-0.4541739117357743,0.15774248293566498,0.965436887245445,0.5024157363703297,0.8141673610848487,-2.3488079914165305
-0.17227693043901507,0.21302720275642503,-0.5289806689218601,0.5361904736644081,-2.5761686351651187,-0.6192272048509886,0.6757424756532967,-0.5081489814635094,0.38698746860265326,-0.7444861059167894,-0.6244056973283685,1.1218026156517422,1.7730587419244555
-1.5373542947600713,-0.9778239718893983,-0.5113302027621871,-0.27062155336905724,-2.595437853365249,-1.1533576986204153,-0.9334906350821782,1.7802179078120026,0.3846527400623639,-0.5439915847800181,-0.8748294113432716,5.807671576241335,4.139688592934197
-1.123071409381115,-0.49224923885304184,1.483618252264458,2.1833664930735077,-0.25528147841053705,-0.42693115532221626,0.2511211949233956,-0.14151015301027361,-1.7678767078201094,-1.0255576452363735,0.912470744916467,-0.006118949843948562,6.21197879739203
0.19577478957204233,-0.6003567949884595,-0.49758211939801356,0.8109550589172,-0.045321210908746544,1.0708317598529984,-0.8525103576973126,0.8615176746216986,1.157737413467408,-0.6613748192199448,-0.36404844432391636,2.3291686429749783,0.27816454478225683
-0.19160343173319835,0.6964500806624878,-0.49274657248266,0.6212236336523923,-0.3928220590500738,-2.5244382754399997,0.3257517160790805,1.7450093791189598,0.3961702008556864,0.17895347499451822,2.3875686340113353,9.505237274826431,1.8054362801292132
0.6892191030120397,-0.6348461744586493,0.8082683326828125,-0.28340103679760686,-0.09300716355875115,0.42050684919990894,0.6272536976187829,0.18752345019894523,0.26697322325536754,-0.7682367738556093,0.0553716254517187,-1.2608868864304033,-1.5266440314791152
-0.907447601218829,0.5620953150688002,1.2635224461819239,1.6916624856707942,-0.418863745188452,-0.8877772914315233,1.715130388048521,1.2924203566862187,0.3989067219107944,0.03840439519892585,-0.0557251236769411,5.295700720739855,3.3473509081286474
-0.802044071582368,-0.006899569657535877,0.788967646188894,0.8147168728511365,-0.9191585328130634,-0.024092284194149594,-0.661296039557669,0.21136702160686974,-1.7389803619516424,0.5566786848269762,0.9834910010061179,-1.8653914255723332,3.4963886403254834
-0.9364799440121501,-0.30769140727509825,1.0109383679772281,-0.16311157494822537,-0.006352724025612458,-1.7659321017492717,1.2504909390173624,-1.0361733427858622,-0.15036733397283691,0.863153345090931,0.5287239293553857,0.79311017303046,1.075172637888829
0.8007189411749762,1.1354298630722268,0.09101245139774207,-0.6580012285516748,-0.46504734199413433,-0.0009429532038594606,-1.103151475418134,-1.969065182433127,-0.6922950027956267,-0.03159919906371209,0.5887490598071067,-5.726480679967355,-1.530509423168893
1.1100457122352156,2.3573912492203575,1.0917522373280726,0.4875156513148922,-1.3386114130079971,-1.370658118235806,0.4727298870728484,-0.09417792534595307,-0.9262626664734018,1.009740896149097,-0.1689838743367271,-1.2378722173681858,-0.8581114088486511
1.7580956530896032,-0.9378767512506552,-0.5577351408725374,-0.3603123614031265,0.7109247801884823,-0.8219880489349414,-1.2535154056281699,0.08717339766420337,-0.3825113044313235,-0.29467983801212994,0.9521989987511496,0.7325664311041812,-2.4553405731544267
0.5744589902395271,0.1860647480848458,-2.517260810085423,-0.086766692843318,-0.5352126667205978,-1.1207953641095731,-0.011929205201309884,1.203105314828681,-0.10665917335863231,0.6917953706195124,1.0803386550360445,5.533747462271908,-0.8715343055789017
-0.1281202873171142,-0.4651732233447696,0.11913113537664964,0.8110790963764145,1.216831520014652,1.6130310979646978,0.12457745991636023,-1.3973046867801753,0.08219626693765529,-1.6492787094517274,-1.116302618705521,-3.7358462840736464,0.9194971600716413
-1.1212201914941802,-0.9924568956562108,0.7877926091678716,0.3551386903300848,0.6832792121613556,0.9812191405945185,-1.74347440306802,0.3367676931942755,-0.08717832079872878,0.6017491066417774,1.5537106017494886,-0.41543041163455996,2.093468199401345
-0.39305656291160074,0.5163322621279566,-1.1169776965754283,0.3115225383036524,0.328512410977672,1.3649636961012477,-0.4667071592967981,0.4274313233750371,-0.10968351785555785,-1.0268319242723833,-1.3751812127810517,-0.27258419990533844,1.3446151561290849
0.621879368470281,-2.0706403760221317,0.1825001355261856,0.03815195075900486,-0.2551950660544887,2.832194863343349,-0.8426919170235724,1.010535564869221,0.3828425792303228,-0.6787440628845155,-0.9112614370838754,-3.487376312121371,-1.4540970908259476
1.4917293539353131,1.921401244887909,-0.01599758679122672,0.787771523410525,-0.7932397027771124,0.5407213515917794,1.1303085601767526,-1.492168772622752,-1.347741454674238,-0.05247331970503562,-0.45726888911112,-5.972682244598909,-1.6004066044989194
0.11656949472426495,-1.4444331540890591,-1.190033940885229,0.5389866091944877,-1.086488740925117,-1.7140912289480599,-0.19195496166376116,-0.4244799283323952,0.6801805591431371,1.1111509862649263,-0.6041975481538008,4.490931676539311,0.5174270296224183
-0.2595930695324166,0.2097204571117709,-1.2665117472491345,-0.2420234746190893,-0.5606126509924274,-0.19742636191013774,-0.12161408127250269,0.23757913730795868,1.1243520774853268,0.40562412148998955,1.503351403126843,3.4358135704792097,-0.41159066287499235
-1.9811215623242502,-1.7648163526925085,0.5388685550665648,-1.4269489445816592,-0.2717833763473026,1.0148539069659988,1.0947007548517969,-0.7535332219031643,0.26702867387472823,-0.25305126996285304,-1.3315063791794128,-3.3371117064153824,0.8941698379325694
0.6325140459645983,1.7027095485072279,0.4229386830142163,0.16569669929888167,-0.43654968846478953,-1.1620783689641025,-2.596318284149631,0.8597673248090695,0.29358780832360065,0.3916914539609163,0.6743316845061801,3.0545906790810617,0.48784726118644156
1.2535689455663237,0.7661626664872151,-0.2941932306338946,0.11882168835864881,-0.12731169400374123,0.5383235540651915,0.9352866558090664,-1.162865061037228,-0.6517355568965367,0.1220496805710647,-0.8669721592614614,-4.46164813431106,-2.4083150683553654
-0.39601595360955133,0.8011069893819903,0.8722938934213569,-0.4482286944221473,-0.9403664967529329,-0.6707129627843808,-1.3606273450585393,-0.861782222109484,0.7238148960288929,-1.071294807297588,-1.2069855630663728,-0.7144777828464145,1.5180965532673059
1.945103701233938,0.5242894461479733,-1.7994157205114025,0.23668977866043847,0.2893158656243681,-0.3304833831019581,0.05034937363669482,0.7208601339459971,0.08282565450906593,0.09575455683804225,-0.32061942117126757,2.496667305386727,-3.135294001356502
-0.372700463663324,-0.2198772595878417,-1.5915359335120967,0.8298428267648257,0.658886545779118,0.62869271791098,-0.43433646938085757,1.1951486920861114,-0.8847709239190149,1.7664666670848046,-2.0182381395454927,1.7376137901160107,0.8263697631910139
-0.06301429712563204,-0.5765101279763342,-1.124927575901338,0.27798545018143356,0.7661167852202608,0.6439875643393108,-1.3039824327310112,-1.4764332409533965,-1.5341837601789903,-0.9342580429506875,-0.995931192410768,-4.266642713574275,1.6557899217605518
0.8479989853469548,1.6428711357494872,-0.09925376357306911,-2.6382510977002624,-0.9246148946243298,0.6600856037162636,-0.49154859165020326,1.4329620265162784,-0.5236846728353497,1.225868581380037,-0.8663500408404496,-3.758583458904455,-4.7706550638299285
-0.14917645323528075,1.5928572171510087,-0.28676270049125463,0.2718383814513228,0.1433504164791528,0.011022066377513025,-0.033045959083018904,-0.2038177871846818,-1.1180532700461432,-1.1315778472741795,1.0022608795351573,-1.1243608301588313,1.8358266406817993
0.36546667929616466,-1.4376478041299816,1.6624465691253534,0.6454085772463549,0.9690399392109952,-0.911815101310161,0.5027804426533653,-0.1980240385019327,0.04683549282526101,0.8983839604908771,-0.11391083404861937,0.5864462038218213,-0.4625073886593456
-2.028537265657695,0.4902980569481676,0.20927272779566883,0.37404284040749436,0.036858101801236456,0.5785397882319584,0.5959928525044316,-0.88425517230786,-1.0227967654502483,0.028928895197494964,0.5107182301683831,-2.497140892718697,3.564515414332116
0.48252760396812217,0.8710194341934403,0.2263030753021985,-1.1780284423677587,-1.419434531775988,0.6222085882789254,0.031111410232492483,-0.32355422521881777,-0.4969393774759009,-1.2842566913166018,1.8848603499800294,-4.2657012594296955,-1.00170354256311
-0.17310208098674013,-0.19927556553800863,0.30942178170501017,0.1787115333511696,0.20823573199886578,0.08513485825858924,-0.2753851813766447,0.2571629505454772,0.3155272897518089,0.7688573412351516,-1.7692338509934442,0.27137672476685437,0.14033938282054384
0.9525017744993546,-1.8829957324313356,-1.1696212068407363,-0.7814400137577676,-1.1316862172623823,-1.6272702795267922,0.7440888203760653,1.2137912236799988,-0.5716044644523004,-0.2782744885607598,-0.49546242351922776,3.8059388811156825,-1.1563197706562252
-0.401124837716494,-0.15700711561866232,1.2096124734310587,0.4262187647861637,-0.14849355564635386,1.0500899368289491,-0.21020696495516608,-1.0515034294004404,0.644666980407475,1.0977967458692446,-0.3043503617010795,-3.2215997578258198,-0.14981831309584695
1.0016163989248834,0.9652233230020291,-2.118017513502743,1.0922134624982218,-0.8704329830220588,-0.19276398510496975,1.5749664993635526,-0.3691354104718582,-0.26161648287721206,-0.6500410744857965,0.5992083756008312,1.84747271121014,-0.5045635266834277
-0.08694191486164687,-2.7470245353966267,0.019983713119716053,0.13939564712187585,-0.5591492170512984,0.9743872058196548,2.3822724549286685,-0.6177726984885538,1.3949087587597193,-1.3849751136662398,-0.8130263760554566,-0.2649281854045621,-0.9100797619836081
2.3161355976866993,1.2888542676208459,-0.53401672868038,0.29753692432819606,-1.6622364814615311,0.14517336370572928,-0.4006895781089006,0.8686458712662368,0.5091104502824374,0.01673323989335068,0.3510476308291135,0.5914505905094107,-3.2773573624277788
-0.5450832432314708,-0.7225842833125098,-0.1383504728567053,-0.5197877838233201,0.43457531949493805,0.05856521411442501,-0.0770224093424128,-1.6903925355861575,0.4759896981197504,-0.6339940373569903,0.2514818102001601,-1.8108049208237436,0.0901454095297192
-0.7584104217007174,-1.1929128423123605,0.5068130724491553,0.18260264471271367,-0.40540229271945555,-0.36889264796264654,-1.2950811488787821,1.0816897792487516,-0.21460175543320967,1.0294211921333212,0.04676091028233828,2.0657258019455784,1.914411945037652
-1.2515130431521087,-0.2140709849532176,0.2522414651911631,-0.5456323002512081,-1.3080961894975474,1.4817115611174458,-0.5369407451460192,2.5565233605409863,0.3768585326119178,-0.027104616611452508,1.6922779471686367,1.9367618869910046,1.422540360504397
-1.2037436293144195,0.17378176096026896,-1.647379360791725,0.25032002127876357,0.8463284895382692,-3.580604797702246,0.17059667492008046,0.8444244373860949,-0.3207440763351907,-0.28183703640739227,0.3094041259559045,10.330276008027617,3.8924439675256437
0.03524700793212571,-0.4878245700653796,-0.6763038601058908,-0.8945452599757606,0.07659528337591391,-0.7141375695500531,-0.1618814211303298,2.2203233292086635,-0.17270177582512825,-1.012532038538232,2.584148153705739,5.0058648163807336,-0.047808330174055724
1.7806300334788623,-0.17719933651206127,2.296510293710123,0.2394582893157576,1.3575645470411843,0.6356506801874642,0.8472542072510615,1.4821108589455478,-0.9856600910728022,-0.6477371735784013,-0.2628287810529686,-2.7404580715831215,-2.64549346613043
1.1314574265884276,1.0019333632121503,0.2337210629058385,-0.05123167986968638,-0.94829720489049,1.5292643603189906,-1.0443957410229694,0.18281399597369444,-0.09300272032723082,-1.3371999232414782,-0.05127391783452189,-3.803007870186563,-1.235476062679696
-0.8420347233394446,-0.7343512909805494,-0.7434447771420823,-0.07561918149931557,0.9373773660770613,1.5266316650595253,-1.2192147427400417,-0.9468408988605099,1.8760791432683102,-1.7062237696139764,-0.1652125806224083,0.4096326732759285,1.1934036670030737
-1.198650223876205,0.6387597318090252,0.0033464633434479754,0.7647935914977951,-0.5735674009351979,-0.6782568408342292,0.4226516246180572,1.4720424710406228,-1.5911265674722204,-0.39126064806066846,-1.081012327851826,2.343801870939701,4.208890879534855
0.6126163489326143,-0.9996455879058469,-2.0688186440582257,-3.5548983146480873,-1.8260726591242051,-0.5614311832259428,-0.602427940962285,0.005178156843355718,-0.07700899248390722,-0.38004053506084784,1.3158675686642014,-1.3941951429217307,-4.278477950841307
-0.2834671864727937,-1.4532262323480094,-0.4061651288688037,0.7268716230945759,2.2320691216596478,0.3440479491570069,1.142467560770402,0.9024960058241535,-0.8750098218102758,-0.4835134293991976,-0.5667322456877865,1.5935076354197848,1.021639379059797
0.8052853084511966,-0.42293162268921586,-1.9871777425129977,-1.6102149643370063,0.22940928850442202,-0.25690228083124705,-1.1058500734431451,-0.9756118777342392,-0.20767063105541583,-1.3676496997265173,0.7080527281992965,-1.320699644495035,-2.2599545232451232
2.4052092792550326,1.6073193678827773,0.32279862275358023,0.7341690764303315,-0.8637156392291245,-0.8755923598548148,0.15373917865006204,0.06972958923457662,-1.1513576567652142,-0.22144671275247135,-0.32652266523022444,-1.5961175470699154,-1.9832591090112244
-0.817175228289325,-0.35882556808020233,-1.5601318460657299,0.8137143191833897,0.32108962488762693,-0.3772157519235809,-1.0073864954928673,1.1261976339244548,-1.162739909116221,0.6915689502916257,0.017901031346227614,3.597539245082558,3.1029774228010103
0.15338801355223305,0.1701262112076851,-0.2328555253973333,-0.8943363208850635,-0.32563675801805697,-1.821434009410117,0.8266836831354698,0.8214813721050107,-0.07396003171220406,-0.19160952847609994,-0.9883831020658806,3.487190337755619,-0.4446552379875048
0.44628065879399065,0.3204984699668854,0.3829989574920107,0.00683003381641532,-0.6896734220731383,-0.12249162044044141,-0.005644215403952833,0.0755122830844861,-1.0170221276335891,0.014109357107163404,1.0514233557917478,-1.9596922530648466,-0.0676834038282535
-0.32382291673265096,-0.6315137634845974,-1.2664791888755205,0.2782178675210081,2.517862259825098,0.6900856915823311,-1.2202204094517546,2.1596222228706456,-2.339576560524804,-0.4240970444682384,-0.3430020850084822,1.1981952790661619,1.9977855101489024
2.0227633063767603,0.6529430504762497,-1.3754966564862772,0.6151030787502589,1.8453611118441036,-2.625264724516535,-2.238875089864204,1.1634920888059264,0.9520817740338112,0.744437234115239,-2.0716489088733505,8.80712592217636,-2.0753846516215266
-1.1196385868100578,-1.2759570723430262,0.08807626432014377,0.4997422548433148,-0.17682788653086082,0.9241325474675017,0.023872317465753794,1.4206206002678787,-0.32958440036456804,-0.752609705967913,0.9613664847200964,1.718010403968239,2.879948083955919
1.0802327549532802,1.3940923199509059,-1.7148328629512852,0.4081291657329011,0.4577049052137166,1.1143469312448246,1.1448151343051776,-0.0034371932470193068,0.9364448008034454,0.6418313915859454,0.9338618834516175,0.8377086757322513,-3.476844371062102
-0.8073080897079085,0.32202867013678055,1.383384511300956,0.6607783484128887,-1.0855353962172931,-0.17020765765381016,-1.0499371976102079,-0.40142020049595484,-2.227216616382821,1.44073727842225,1.1568723158509537,-4.376133146377008,3.1889381348386805
-1.0670110374769841,0.4995466536041813,0.7107175517281438,-0.4263790052011823,0.1201579570788319,-0.3386009366170601,-0.35384957590119015,-0.5116824631863667,1.4851729993766067,-1.9981359662477907,-0.04631550273478044,1.7402942626924685,2.1416276898996505
-0.11819325480377009,-0.5775580979402697,-1.9413251096189195,0.7137551042037077,0.14139646759774738,0.38872279564380396,-1.353763169984456,0.6189217567688489,0.8614954941374258,-0.30664198409018434,-0.10890273295453455,4.291635718709761,0.8645186008009728
0.3215161708506086,-1.9002327311909137,-1.0488691892296433,-0.4993660390883804,1.1790092375054058,-0.14110621167210086,0.3177032669035787,-0.6229775486156471,0.2606862604401569,-0.4049820700724198,0.900852428451507,0.8982864466373706,-1.653927340775983
-0.4236139973079657,-1.0004022125471521,-1.367088239377854,1.4791331709914055,0.7749562463184164,0.10094316893947308,-0.22944256746322766,0.49971437041933414,1.5443148081947726,-0.5077680440052996,1.6309714711984749,6.787339928761793,1.7933757429713768
0.5781814870336829,2.135720158527616,0.5224423107665754,-0.9121796080728019,0.2912773291905654,-0.7468771024927356,-2.762995730523665,-0.2063768038753256,-1.2630369907776005,-0.7177470936399889,0.9312479727067018,-2.678749735530495,0.5250706746333658
0.6080524319931074,0.48641932445556146,2.133828305880109,0.5791033811283604,-1.1225813197613004,0.10742224766040047,-0.4432579816761058,0.1885229500893757,1.493491209447241,-1.3261031608173393,-0.047864188881318374,0.21398690905675677,0.35608006421661553
0.8372957807309316,1.7028027432040684,1.1203064648547671,-0.9314334664741142,-0.41706850019293024,0.27349449727087116,0.14925316008790065,-1.4382097461439385,1.047204043475785,1.3502223961339868,0.3515943500444447,-4.322152848098335,-3.9899018019483004
-1.1460652944635616,2.01791172503371,1.0700613490095576,-0.45102996162050485,-0.7105363551475106,-1.2406415241204276,-1.5676256680549883,0.9120181772878865,-0.7121310209877811,1.4954058967578734,-1.2176331037708537,0.8306507170852154,2.6649008356662014
-0.24507050838419997,0.33033356175329515,1.0558846082530722,-0.09079660898164682,0.08866365464554342,0.8922893991977412,-0.6733103606509753,0.5091788117388455,-1.070130839936761,-0.29574798715941364,0.7737802361505136,-3.2131138336901373,1.091620994028215
0.5308045647945977,0.5618558250782687,1.1204504392080856,1.3780375856995137,1.3980365121444944,-2.1389143464640625,1.0067446161023144,0.9980130072549667,-0.6125462007834995,-0.23242564748734165,0.027805001383063247,5.084011051041265,1.4456898918059229
0.09742080938120912,0.5664852456477948,0.5051083417203798,-0.6133928763955367,-1.1000908231560178,0.9231973314448924,0.573342032955482,-0.5960593467924765,-0.7682951881605923,-0.4522135468203268,0.12877272619894486,-5.3516074067768304,-0.5503873980354778
-0.016045529210246216,0.26179386451007414,-0.3719110262974251,-0.08083744857370143,0.17469608309829104,0.7635363292171287,0.30879332282134336,-0.09290337226953914,-0.06801116148032242,0.5063625470366425,-0.5313149748660496,-1.520321281500975,-0.7743161464124609
0.2665788087723705,0.1081328405060773,-1.7663116895595705,-0.4730182609659412,0.9220802485684011,-0.42044528545852417,1.065132971198936,0.28519739711090686,1.472777029415005,0.5734089334047385,-0.05949190514017752,4.607317923064802,-2.6385173198680643
-1.4930764899790927,-0.8851452713603946,-0.012080542170184606,-1.806219285779891,1.1432216116210285,-1.1323919579893431,0.08719323412449069,1.08586734770972,-0.4761578304729742,-0.5005621071454933,0.28837968409600406,2.8274170628162762,1.1894944938093466
0.9748264332190317,1.3328521422286714,-0.560721817433,-0.14478238333199814,-0.04148129008122983,0.6637099543194062,1.6162872818306813,0.8826874079540509,-0.4572232070974314,0.022944480027024577,1.0775747792131019,-0.5978088643044961,-2.6932383141283878
-0.3601227456051226,0.7139232987004173,0.018797357825457956,-0.06582315147310734,-0.7508104861656534,0.9628373331353107,-0.4648279503991376,-0.5721489809933353,-1.132045270504842,1.0246553770982165,1.3235908108515617,-4.559654976025968,0.617179201835464
-0.36044999551958784,-0.9015901715054846,0.557127355052941,-1.143456478048144,-0.6657687326319919,0.9175051509576815,0.639363856876559,0.5769155677259125,-0.5845953752971385,0.6503828814554491,0.9575306645750242,-3.106278768666085,-1.4109533768100397
1.6706352585709452,-2.3200343917117636,1.0342065177250392,-0.8393874992127031,0.7747196806431472,2.0021695098097303,-1.4206705692334947,0.06774985172612294,0.9739177247461174,-0.10037212664249605,-0.10670102339629985,-4.379693959958524,-4.66338371329822
-0.42001145240891946,1.8163714690059065,0.6787204447915095,0.6513190821984618,3.7770174846123163,-0.9032133778094641,0.3104964930984983,0.7612236626372539,0.7308196428651061,-0.5213833476138688,0.4822501387103636,5.735296576283329,0.6810695774808415
0.3682983702617069,0.40821124080650867,-0.5827260296964061,0.3501587422397107,1.0401905933531523,-1.7741760413317782,0.16458254163262567,0.6569910538381001,1.0599590746673464,-0.5077609480590859,-1.3420720387967586,6.608454368842502,0.13404857934301273
-0.7153289658249927,1.897981963971593,0.20421617011219723,1.0283895835550838,0.533219506361739,-0.18241886145586128,0.2512248247855055,-1.0433663745263242,1.4749771116264072,0.2977781417396944,-0.8871690844183583,1.9620200213431536,1.5729731438981849
-1.2638923528866728,-0.15430993361225964,-1.137189333249818,3.111473995977226,0.18699628772997798,0.04328198773630806,0.9099838768278414,-0.8939127160478604,0.1409874440590908,0.0823264297919638,1.2859804110297364,4.171385674720289,4.88364771887467
-1.1168638875813617,0.059119220804335314,-1.1332188939364722,1.1264950258841715,0.1745674406505955,0.09361261569694485,-1.3677121281691702,-1.713686636292741,0.6148854085457546,0.24684394619086633,-0.9667547720796289,0.5390008630150236,3.115056730447449
-1.3589030443594445,0.28033359353409343,-0.11597608983829898,1.5120510554332718,-0.8889131239282486,0.8332008954873225,-1.6675478181551393,0.12845457543243374,-0.8528491826304488,-0.8419212520460598,-1.1629589357147814,-0.4756306798675682,5.569633144812701
0.07516455641230424,0.052973376944162216,-0.8759424176740424,-0.15138222156216072,0.5924672237764084,-0.7325559814163052,1.52663155635975,1.7604946742288887,-1.1910126697512193,-0.3953069717834085,-0.43943411058884013,3.1954162487006292,0.21670894562997456
0.3164289084204456,-0.4302798572182648,-1.1169464039932597,-0.23044955747976584,1.098349813617996,0.3143435283970746,-0.24378395493489527,1.202221501057501,2.940174516866991,-0.04875278853933189,1.1124472747557304,6.984540125701142,-2.7171100459128015
-0.4263502605429324,1.3462832438540338,-1.9512233416411604,0.531895609886739,1.7843584093800589,-0.7460805640169907,1.4855311455721212,0.9680361939846706,-0.08372998527269562,1.270084566095582,-0.764845611576601,5.53553775004922,-0.27380496647532077
0.7848934289695311,0.9816862121446537,-1.1789941281231815,-0.20040435868971151,-0.1637175131104876,-0.20930689921981502,-0.880437670736683,-0.01083300567518317,-1.1045543030417073,0.3118998346401475,0.605928380293974,-1.0977424289598425,-1.0072210639730022
-0.08924213945099699,0.29619846040725367,-0.06642642888844465,-0.5810844357402525,-1.701126954204754,-0.10131574636725968,0.19521612032656116,1.7187267705321732,-0.7649652089321444,-0.6386093499273492,-1.028908330187465,0.6734318061024966,0.9322010744137025
-0.9818440109741555,0.4662108784988262,-0.10210185887067669,-0.17678713237072047,0.062280692639845626,0.834944167275968,-1.1900465875532105,-0.3299676854431856,-0.41885180765449925,-0.4727955731576482,-0.6068434796286261,-2.2534281168512416,2.0070876806250166
-0.7067828334001566,0.10574661569789177,0.10271735075226525,-0.15370581509854767,-1.317141029678022,2.0502142144950004,-0.07476650779882599,0.5655497136658056,-1.7316672443542238,0.19974311418263707,0.21056055919153,-5.786160915979243,1.2869611185344778
-0.6281578287768778,-0.3931883983137148,-0.6634319391272396,0.6463657939586827,-0.7170776679653065,3.05183485333691,-0.38985017347353507,-1.3420998317100459,0.20862718960213578,0.6382017718576676,-0.09124298994062735,-5.913048855849336,0.08857650291429887
