x0,x1,x2,x3,x4,x5,x6,x7,x8,x9,x10,x11,x12,x13,x14,x15,x16,x17,x18,x19,x20,x21,x22,x23,x24,y0,y1,y2
-0.19543917572066097,0.9637581309698917,-1.74671456666647,0.6029679661699614,-0.8171546833576827,0.9310265029655088,-1.2210894109307764,-0.05180483315996878,-0.6518946829620771,0.2841019361258597,-0.49172732013009024,-0.30967994459014886,0.5157295134745379,-1.6764193164401098,0.11527568436581531,-0.3636722585109264,-0.3383960173948429,0.08505717289019066,-0.20728686605286434,0.4682226219214997,0.6173454423105195,-0.2755249779283788,-0.09383770628354571,-0.5985483472371043,-0.22349842463787464,-2.0518082473176777,2.99949431843078,-3.118310338259315
-2.1278276059695163,0.1598474536924233,0.6009624641165565,0.7943170001645091,-0.25521254699751067,0.39948437823427385,2.154797134495122,0.1330924597446453,-0.4937737641933947,0.3768127025329465,0.8399720693731827,1.210132679950074,0.020310895299808587,0.632202596408045,1.6871708672562171,0.38582655001269534,0.6864898584290405,2.427515277385034,0.3932954425352027,0.06637680932940804,-0.6560485491681551,0.2306288182612022,0.3578002688614718,2.1208156846896244,1.649842713526806,0.07426667423037761,4.1518889453629635,-5.7907052782733235
2.8618453408774522,-0.9928418613974135,-1.4643796346411353,0.005135532224140601,-0.8011151402168858,-0.04622334810556105,0.07294774377518183,1.1398692534104693,1.1856593950486303,-1.1779719666121438,0.3626024374427709,-0.3498475289273905,-0.10598401947697018,0.11842596233849426,0.3862759980749537,0.297765139175304,0.4504439496269429,-0.3040535300772122,-0.9055651321130225,-1.2706787752382895,1.0917367415769437,0.7671210189713865,0.7103620029152625,0.629487104252608,-0.19809287410665613,4.19917189835896,-4.627829821599746,5.392881709483644
-0.4661658353827676,-0.06943514141250866,0.8759452572131247,0.20245662198478007,0.3824746827260885,0.04575128769774195,-0.3487946672863935,-0.8216327041314482,-2.4302089477515776,0.94688605286528,-0.36018353699480204,-0.6414471635632535,-0.5765988238595563,0.12091900478418885,-1.2454426290741387,-1.7241039967587657,-0.0845234760548772,-0.1080812142804223,0.9710212776218266,-0.2657968121164332,2.158742966925333,-0.9780561938378033,-0.5706271612596979,1.1990555796019802,-0.1399946598425974,0.803962199390327,0.03187234476400899,5.668840145983969
1.2880855283055255,1.27995197254486,0.22267631297321092,-0.6319270375597995,0.7982516514006398,-1.3253994658721684,-0.2342078184583133,0.16282006716212744,0.6075726652196275,-0.219375532089161,0.07719024632212176,0.30671029923797516,-0.2692422717826026,-0.4527871642034151,0.1563498120451588,1.2930084217178175,0.8450281398118659,-1.696171548384937,-0.5917772722817479,-0.907493649369427,-0.13782172637963858,0.5159109532341482,2.3177183895939377,1.3285979314314487,0.6184064772448894,-3.5446361997566815,-0.5935619142686535,5.068623844454501
-1.3970521293843108,-0.7166658989558667,0.2976383782448503,-0.2219683477906652,0.15970574050463654,0.9203678791387789,-0.544506796699747,-0.03805960534405919,-0.5464809924298324,0.15712451627175167,0.5433799023407642,-1.1561802995184254,-2.0627797769218104,1.2897532680522943,0.5832885871104931,-0.1850075988798541,-0.45832564189188973,1.5936279429267055,1.3292632494003698,-0.42306119102529005,-1.0253545951392988,0.8687155208653227,-1.587909162543437,-0.8610455901402376,-0.6126614610426294,2.880472746003877,6.463939709587138,-3.517263707963437
-0.27214183580141976,0.255560169040279,-1.487411236914232,-0.9632507298144704,-0.5451697784581969,1.8050885704455282,0.26188677905680274,-0.21941398264377973,0.42147877588658716,-1.6593804402093235,-0.09449432005051484,0.6973845228504796,-1.119277362312413,1.032853526168937,-0.9246952275652685,0.2552225855054688,0.3976794450044,-0.23332974045765886,-0.30744951678958504,0.21499358568481847,1.036169052689085,1.0439489927873167,0.19452657475383398,-0.58574363018306,0.10291562723551335,6.99485205109895,0.02136328177931531,-4.146514838215813
-0.6341495808701104,-1.6284377302092528,-0.9415568709527475,1.160105621775839,-0.13360675330970903,0.08024214195369314,2.0614524231342126,1.2042591860179697,0.7699767828342376,-0.4293077875958506,0.26820193295366923,1.0377416771832841,0.42402047147172695,0.4251510956229237,-0.045125922729167524,2.019399783143137,-1.4348970418392786,0.22313075454434475,1.7936218324521689,0.006702446931650685,1.2577762494389275,-0.8850150016448176,-1.5856220990653933,-1.074196142572045,-0.9344554171452597,7.940691541443281,-3.5362111890325054,-2.152506500895371
0.1736230403708558,2.2141072116307057,0.11330425205172359,1.752810265753395,-2.238041460171684,1.1143120886226239,0.9733689385246912,-1.109926326378331,0.7154400644089626,-0.47519935781954675,-0.4596601637669117,-1.2517768200532084,-0.9698297019518554,-1.1220409699939031,-0.5259940050119398,0.06055561945460043,0.7165416993649122,0.611567908437623,-1.2878628953338915,0.36785569215761565,-0.08441860911646591,1.05756272344137,0.30890660621356214,0.5066015653934197,0.6794117838630119,7.507533012306512,2.362479560147666,0.6808128924474849
-1.6102146616798612,0.20849519274008826,-0.27195188041138724,0.17961775358795998,-1.7241786993183181,1.660148844418919,-0.12616125570605585,1.1136407886790982,-1.6978847887484363,0.13418824501565912,1.0367034678436315,0.45251520800961553,1.0014618101031827,0.7062639525156819,-1.0270590211519075,0.7367568108829049,0.17520151384315172,-0.5671284159042224,-1.0724421943186204,-0.545458831575531,0.1478460928222276,-1.1563069599464229,-0.9441578678108976,0.3078315651733037,0.23986022639481072,5.482276831314391,-9.752610523943364,-7.264949363203852
-0.801928243297671,1.352533282987343,0.6851632547835675,1.740779771204292,-0.5782435492084647,1.557004584998528,-1.6059779966618293,2.6333991755830426,-0.06330313851521548,-1.2120231976380873,-1.7878739142527298,0.031493484836028464,0.2201957112277329,-0.15552057690962293,0.3312644032878938,0.7012246183813555,-1.1064856427303247,-1.2559599569253999,-0.8101021102165015,0.3733978572350989,-0.5196665665202648,1.3286090712124976,-0.05614599633321438,0.3227873225245162,-2.218413788211306,-1.5088697958167137,8.452343950161708,-5.173452930364629
-0.8253492986664147,0.40621744660158027,-0.3324550859639868,-1.5656857783539937,0.6340113724524086,-0.6552727092448442,-0.3898372257347013,0.2426801536159465,0.09146411977237486,-1.2947692092362928,-0.02890823921174638,0.00440025067106844,-1.1732786498536927,0.7445350360729277,1.0175119465510027,-0.6583789761403798,-0.5945502909225294,1.313603958533075,-0.1996904338272354,1.1685723540562465,2.2369718003773156,-0.2022598434134446,0.4182021148182595,1.056192082582149,0.7261468320247553,-6.765147346613343,4.438411974883689,-2.161297882897921
-1.1532958472291581,-0.6786936295230377,-0.5344010475186629,0.4323298354608259,0.49929329362944286,-0.016162237736612087,0.4323757809925859,-0.07939985511212391,-0.2088842443350213,-1.4381471662595133,0.3961629277275872,-0.08469940774310167,0.21407300745308935,1.9319238636338583,0.5385891044755547,-0.4321820781927809,-0.9144775347139551,0.6702894614468244,0.13902252815960253,1.2009403926484354,0.9360288368945064,0.9625979111104773,-0.728424767665677,1.0889909537981346,-0.3797558190722318,2.1935819147506006,4.418282613760494,-1.1340314268776803
0.9180885536943353,1.035542390508219,1.316081202774485,-0.7478047028321573,-1.088987912914302,-1.0195623174823587,-0.5291985927299198,-0.6009937226445852,1.3184354998380103,1.0642025688456602,-0.5088901969690688,-0.1386049581302749,1.5509670932208055,-0.5314625240639497,0.1997801116380005,-1.304199947843013,-0.019360414292509547,0.4726575480597936,-0.09296926197412486,0.6033831074426039,-0.5518714829285497,0.1370745166997372,0.5346390925952391,-0.2631922319763562,0.6878791310516303,-7.024357648240422,-1.265539642716944,3.554700348864466
-0.3914568134128661,1.5694944556077772,-0.10859444313755584,-1.5152276156223383,0.8250694865228182,0.7115353749211467,1.019943268721668,-0.11308753808776151,0.4963576808836039,5.493122201791025e-05,-0.5822601607406078,-1.2808982540089673,0.7968467101941803,-0.5530005801692318,0.41447156527843426,-0.24162955572155054,1.0602426075586866,-0.6022790590840064,0.609707953930631,-0.34482130273350386,1.18335332818004,-0.9029538328724434,1.4645019982042555,-0.7497068491629004,0.3197285041516648,-8.970367756335964,-6.856850114172573,-4.850638902109226
-0.1466877417972134,-1.2895938550762707,-3.0607101599631004,-0.4446553311724584,-1.5576619973122359,-1.5004084709451095,2.0228543792766063,-0.025725069255182188,-1.5958641231185349,0.5995287835622292,0.7440109624695131,-0.2884208927721875,0.17721253446668647,0.19661982499311254,1.4763700139300142,0.04982719106265657,-0.7007515272414432,-1.7636709537302808,0.26587086251044106,0.040068461295675845,-0.8984462416586024,1.4368188030025077,-1.1350167595395366,-1.3993473892660546,-0.04971941702292682,2.7830753992874473,-4.81781003613847,4.113441669669573
1.072807220025266,1.7889683402458927,0.7020938720293888,0.07017508797913273,0.8731252579734903,0.4535784388899258,-0.2876231650062744,1.6194800480685596,-1.0044408423798665,-0.6854546782560054,0.5307080831538443,-1.11739242154219,-0.7560177393710107,-0.7740842021453349,-2.2692325999248397,-1.1723919739396174,0.10329687071936121,-0.8041101283015634,0.4386145565139086,0.6236251201153975,-0.030259795181724294,-1.1340978861456665,-0.3743383622905248,0.2668166653067446,-0.04368823241149973,-7.019063837704993,-1.730228043044461,-5.1848677569593855
-1.839787885489978,0.9472219225308791,0.940186445062236,-0.028750900618880307,-0.23892400563583482,-0.6368838672594275,-0.08093079334390586,-0.7552942002195218,-1.6300400906360026,-0.9142169935971901,-0.43435760573234333,0.03391868564217473,1.4000650094209854,-1.789882650662115,-0.3107402081534127,-1.1592719880238513,1.4181781266538342,0.4858435191456972,-0.9438867947944983,0.46795625285229586,0.8371064959048773,1.0758876732624485,0.598428558165332,1.6478635536662807,-0.6977355559405378,-3.226025835921555,4.693474619156959,-2.1957710572100453
2.669943179203068,1.9123427094195515,0.6249934285055783,-1.2294936973689607,-1.6590647792909485,-1.3613164258834622,1.7051984960312552,-0.2691992883012338,-0.3057885841916515,-1.3238247613786278,0.0034670706453268927,0.3152801969320476,1.266777237976628,-0.680824837531801,-1.6387472592744505,-2.206748351410725,0.42198205941261524,-0.4804192200638701,-1.0797780024968275,0.6797476614993276,0.7152935229577775,1.2069597971313986,0.357716176922394,0.1739729770144656,1.0422901869327044,-2.7920630477370176,-8.324755980024639,5.558446671124237
0.284599753435325,1.6882561488020973,-0.07973640292849771,-0.7923342826725418,1.144729858857945,0.5109501692817721,-0.7093951628546328,1.3862602858828104,-0.6282127512704773,-0.13410819508511346,-1.8841149279681864,1.336565048042222,0.7049518192622065,0.7898307901266926,-0.08361563969730082,0.5659465973149176,0.7156652937330494,0.9737305411756272,-0.4571257277211399,-0.09453982751147902,-1.4055063740205873,1.1226023960259395,-0.3429500683139241,-0.889186494565201,-0.5202193238208644,-6.205815297554803,6.3510088821232795,-2.082920063538542
-1.2511120787704435,-0.5586280343006581,-0.2378869155913766,1.1305374220776534,-1.5728498258325372,0.5737722377495212,0.4667137265564487,1.089222393152848,-0.32871355493346666,-0.2789477009178839,-1.166033013800525,0.18266711025195423,0.6505470056467253,0.4622009078515725,0.6337148052122075,-0.01487064030711106,-1.1594262829938975,-1.5376426168460953,-1.0607826654013297,0.37384302479603704,-0.9979655454560146,1.148168033165333,-0.4789783667626385,1.5593454886623463,-2.31356438473505,4.8784278338360165,4.801278757121187,0.8793639405574145
-0.88023146625007,-1.8794286527151975,0.16658051058284482,-0.7366654759126464,-1.5698779241710838,0.7631097432636142,0.39610110686577965,1.3505670227714255,-2.1169292588804574,-0.40122958512238255,1.9140200776747784,2.501589026900421,1.255327010777102,0.35850234735531167,1.1599846992344294,0.25915688377802126,0.7806684246132514,-0.432061641816302,-0.4870481291939509,-1.696390006996972,-0.3047222635250856,-0.2016842289250484,0.22234293962983032,2.278769080335211,-0.18087688533447036,4.25059806373698,-8.306574639061191,-4.1302427057936475
-1.8713398773311343,-0.6031743509460802,0.7560020899470578,1.7826603312255587,1.396672316054112,0.7487944823033926,0.06344629584070181,0.045447916728523864,2.401615756260646,0.43894981461415195,-0.5671124879141403,-0.43485219940776915,-1.526916495494712,-1.21018779357406,0.011082906448869471,1.7388128568176529,-0.08559309244504165,-0.7267710435510204,0.03538173071199613,0.6922016172862547,-1.541179758758097,-1.3397738662559866,1.0443837569066,-1.1929187120491176,-1.7841100111214556,1.3668013556099068,8.533141653050908,-7.075934844522655
-1.510642229073844,-0.6558234704924542,1.3546424858785946,-1.5056249391489223,0.8249207321315244,-1.1649574422890334,-0.47991508609207945,-0.378590937969608,-0.15147006846001282,-0.5883406577298202,-0.9303877421076309,1.4154129626561878,-1.8298550374770477,0.37037533947500995,1.3985166454625784,-0.4259035934189517,1.199026853379448,1.3043557586089631,0.21794538184605822,0.33820236394703024,-1.250328856544623,-1.0559250048035065,-0.6003602125621733,-1.681206173556117,2.1863181862935197,-4.185578722325743,0.140330357604265,-6.570910872751315
-0.08550423538002785,-0.8347459176432952,1.6848210759493305,0.7571674288536078,1.2443672342263483,0.385647924074815,1.1442568234424653,-0.5819485596054413,1.840627267547268,-1.738213449749479,-1.0947687844438738,1.604532594181341,0.45533566171168416,0.07892771042286618,-1.3595021715103577,-0.13114798231602418,-0.4026777851731985,-1.2210525507815146,1.3660846037861358,1.2917634516468748,-0.3564985270721965,1.1308332542707669,-1.2322442274527081,-0.2513758520213738,1.1587331726232724,5.526953238591807,-1.2285477413103059,-1.4708139090256493
1.8653137893016967,0.09573829258184932,1.1575521312475219,-0.42591036356321854,0.5809905726555076,0.8431391347555329,0.7454462229217917,0.05151338768333824,-0.6238242686104412,-0.9675488246569613,-0.9368851180094236,1.1540391492136814,0.5150188702521191,1.8464740203633792,0.1706668582100963,0.8558461788979137,2.113521375882794,-0.6723166225616867,1.2834819964198523,0.07384549184236876,-0.10521872953736633,-0.871360262519415,-0.4113637313642967,-0.21133588934914718,-0.06439647559780218,1.7054486109731557,-10.967526888604155,1.5486126958093185
3.2722752893331153,-0.023989702925730123,-0.999017132089189,-0.115697044656904,1.1455279889975947,0.6131096955943959,-0.9646128227063847,-0.5814615882413962,-2.9249006609232877,-0.04583888253650435,2.0486841963668927,-0.9380131505500108,2.0032788353289073,-0.059240942050946835,1.4318747033700285,-0.786455645982385,1.0136863618119942,0.05778736832954086,-1.3519830862486744,-0.9910202978317032,-0.32471321563933153,0.5424133364822987,-0.919186831315011,1.3516966663657146,0.5294328264021165,-4.7519135716249465,-10.93980800344224,6.257422049061684
0.31332524610512175,-2.676668412476376,0.610281746061367,0.4468513683867363,0.9755193441724099,0.12213478319092606,0.45948959083094854,0.07570256295881306,0.5379556206237199,-0.9692661146363073,-1.6668175668530272,-1.1840159368281473,0.5497093901972487,-0.5743199881378266,0.1939260202213231,-0.9922992126633012,-0.11721847289250825,1.7238391629282726,1.2470312903698797,-0.43220719523749895,0.8484786463129707,-0.3101147559069743,-1.1185394388827195,0.5154800194938092,-0.07827437960594243,2.2798068970231595,0.26785044216950393,-2.03711077995902
0.0638263701481385,-0.8049094166913318,-0.5714707796665586,0.02601861434733177,-0.43654364706296783,1.7193789898304979,-0.7013828145416142,-0.0004095281222913717,-0.9956541993921669,-1.4237546936010486,-0.7978637068455211,-0.9598751464266085,-0.5757634818779419,-0.9481572517477557,0.24484240722467152,0.6507683061811917,-1.6651882385474812,-0.24161498540385515,-1.9103606284369197,-0.4326532389838619,-0.1744099757136722,-0.3993982515436762,0.4520807695284327,-1.1055774566248944,0.26047765906901366,3.9568420649979132,-3.76447835924353,-10.286696063030382
0.9034075786172437,0.12675117020881554,-0.10651799601481206,-0.6770386838261296,0.1152008191071352,-1.3938990843320256,-1.0120175537413418,-0.04988800467929981,0.19478335607958003,0.464682707552995,-0.12351389515836737,0.9853428163331823,0.9776156026159601,-0.3251479300232619,-0.48138343840893544,-1.2094389351670103,-0.10413942035866713,0.20035977646125294,-0.8682185430923242,-0.31234511327386716,1.192277813394716,-0.6632572061470654,0.4766045161140407,0.46850337928573865,-0.4210689022813816,-3.6859123129844056,1.008032409858226,7.1558085580787
1.447107465080663,-1.029418138864801,-1.125062778097641,0.026782216432069187,-0.5076197691294849,-3.5104481572772968,-0.8731306813416111,0.6487833251127882,-1.0698563823710883,0.5798859026371423,0.7018234904959977,0.55611602895002,-1.5523742275799264,-0.5338344306285124,-0.8923181083047496,1.161569068839088,0.6813910561167676,-0.07372298297847718,1.3406987370658308,2.5365008648259213,-1.1702327141620856,-1.893000001628175,0.8352694379375984,-0.3676656546995058,-0.005124655848029716,-4.3756891775183036,5.257545099062026,-0.7848885906770435
-1.1969699372120723,-1.0316916451648541,0.39621236961360307,-0.8991295945433793,0.5249103079764661,1.6999453668082734,1.2505716267448364,0.48290005899592253,1.0424595629874218,-1.1776554981559346,0.1371028358787074,-0.4096174489451801,-0.6137351689561805,1.6447741944579404,1.63107515490111,-0.33402720566637417,-0.5828690697197415,0.3438736322299096,-0.1355222473735329,0.3706774045464408,0.31378526726415784,1.030596795679192,0.5348531294769279,1.648386425485946,-1.368824764870604,-0.5298101315999044,3.7458921669690417,-4.1300304747070475
0.22449439390117507,-0.561266847192385,-2.4044090451350795,-1.5691338279354805,-2.5342747984719987,-0.0785519237742064,1.7305705180342832,0.13444224362007884,0.799909668658069,0.16403110134033416,-0.7557214388879382,-0.8063807446137135,0.5655924439387072,-0.0606289915943515,-0.025627534114322916,0.030060455194333743,0.6293238568276501,0.9924839997741587,-0.4517583528898825,-0.001555490744640785,-0.8000415221603507,-0.728062970237291,-0.1855456462349665,0.13390471032159582,-0.9979888596390611,3.490389158628116,-3.0767643699714373,-1.7309919170630488
-0.2448924813604646,0.5868788658954393,1.1660493845167907,-3.033948185138338,1.1794866153783365,-0.7202631765976631,-1.5070694889425413,-0.7511469237056676,-0.24349544583732102,-1.4582855000724302,-1.489169452123849,0.12302881496337142,-0.42315903355210727,2.130836865478763,-1.094840547271009,2.046508297428227,-0.9937083086217552,-1.019607316167877,-0.6413296301449044,-1.7965098475097698,-0.7106896783407508,-0.6412905105973317,1.6548869260301289,0.09457466338817494,0.41619131307600377,2.191022163716737,-4.915090463835921,-2.6625401455672475
-0.28712065761967287,-0.17784883308722957,0.7845006910246456,0.19752675066944997,-0.5956198817527318,-0.8361963506733746,-1.3912224983222665,-0.6407618734800402,1.6137011117563376,-1.0274661791783561,-0.06080002291169243,0.4284940747497592,-0.6241835840920889,1.6994488159380587,0.12189026036776537,-0.06171077819346399,0.8219611610170199,-0.8894479450165839,-0.11884638452344021,-0.5493559865299468,2.3231835589604084,1.8766322908246036,0.9489984906291313,0.08172173457587585,0.6347747660898325,6.228744162726893,0.6857517043829334,8.219782257282306
0.7680741443851365,1.371769552031002,0.6802435835563954,-2.761213930215267,-0.37277179981613123,0.6593636344946281,-0.29866723338797146,1.1772778761241427,-1.3997586577135372,0.4874946239276094,1.8264536269559444,0.9190450377840171,0.6351919290590393,-0.45238354459119934,1.5195123406551614,-1.2321562559575818,0.47025921773226587,-0.879172500474411,-1.150155259264453,0.469434913071767,0.27650693655929437,-0.06093219429970028,0.019203746233322657,-0.9274004832046636,0.9303541251086078,-14.857885196464972,-11.5373041358439,-2.9818797426607198
0.06716176154482323,2.771577806326235,1.1582512682716155,0.2161807780800902,-0.2853194130271633,-0.35009493959179383,0.080564147008677,2.6247186922931403,-0.15994880339240353,-0.5234620807675833,-0.8711683492922881,-0.6709763332150948,-0.7700326685428506,1.18641462779949,-0.4691721088496264,1.1002142764203977,1.8143261793579177,-0.6130271164582443,0.011282786800021833,-0.14897798914081598,0.6408960691561775,0.8844123392388022,-1.5045834527602515,-1.3606858538654307,0.47977107757890597,-3.5307829577463763,-4.853678087777396,1.6069303940838164
1.0918113248693262,1.3026569529382346,-0.3544567116952272,-0.7531377281112367,-0.480923277730349,-0.2943151599281603,-1.0891299135669164,-0.28615435861133837,1.3528814791855013,-1.9035588637802894,0.04300551254612606,0.27766572190643696,1.3674486748695598,-0.647469562598359,2.492467912383781,-0.844125308251113,0.2216521377947199,-1.049399879139697,-0.7905666563687643,0.5026961868452386,0.2067857704769918,0.42872359278299793,-1.0181008123769748,1.615754238157495,0.3829911868474896,-5.624412183863296,-6.017976302508091,4.537346774067976
-0.002535619878709225,0.29899356153291023,1.1595128077903993,-0.892476557528278,-0.9665383894241846,-0.6223651135072553,-3.0691966254374523,-1.561619424775818,-1.2895240781030177,-0.06816621035671715,-0.5298949872316445,1.1435015120314704,-0.11921767098775492,-0.43602406653144576,-0.6770129014094866,1.7710218329142586,-0.7623143065149603,0.13875957613674852,0.47481145817039677,0.06665507982525297,-1.5566372772895571,1.2726916903210248,-0.45575753443603506,-1.7429101051376117,0.12980862445657884,4.381937555109285,2.852620532961054,-1.0432912799304903
1.6210022402554045,-1.6133346223308767,0.13818433254196766,-0.32653163830911064,-0.7706837598588916,-1.4545237000191005,0.3650989862722911,0.1127122297698855,-0.320902863637229,0.41828331833636123,0.3155013903304463,-0.8893578693383625,-0.6593344572672499,-2.040150625070852,-0.21222862358632857,1.0723880139132551,-0.9175862690781922,0.40356945300609276,0.6323677751314262,1.5276596178018238,0.4349003342359023,0.30966543803069424,1.6011695149735632,0.8213960133307445,0.6659816708522989,-2.6994719262010336,2.6175618570507453,-2.080064002433439
-1.3812187463856618,-0.8638338510585281,0.8940080128286699,0.18819094167545872,0.6456662588014821,1.0846019467714774,-0.8563998037231239,1.3844517072242526,-0.2553547409560075,-1.1129990255189697,-0.13078148590785485,-0.5261265219859589,0.17740280771755781,0.6639734761042817,-1.3681370185602726,-0.7425670005361672,0.9503808504430699,0.39150710664349786,0.5323208574750363,-0.02129746977722518,1.783123057712184,0.2690522775229596,-1.0410590972858755,0.13338174769007374,-1.6525993030400932,1.0625718955764878,1.7170395243052858,-4.410990148980125
-3.1183567032213757,-0.05928183269326928,-1.061276241434166,1.014840306273327,0.8181403464561279,1.4053052194128055,-0.1207239975347639,-0.14344609023292032,-0.6434250732209251,-1.2897112496778704,-1.7481688555015655,-0.5586630712716237,0.32071355478799773,0.4529690898005159,0.43499122948388136,0.17781570933184593,0.015101695274937564,-0.5421278659826413,0.31822453338899453,-1.8291890413377283,-0.46717706963040717,-0.9733444061914072,0.8075992013919219,-2.3731785373718104,-0.8865138536222712,4.258675476062821,0.8053887853848684,-12.78331914683
0.5330477034211519,0.6957111809705746,0.20353553555359913,-0.4810532033174189,-0.08691849670858784,-2.6716157872469752,-2.1609070540426587,-2.1401508621270446,1.841051336062844,0.573044916631363,-1.5111239939733332,2.9565220455352943,-0.045365089658952695,-1.0599434092279334,0.25362181762556374,-0.8372569212304651,-1.1041207877696968,0.1741956734606693,-3.4525784702126425,0.3791851066220063,1.4204990639420225,0.3707309455881077,0.5922799058999636,0.7432064266688803,1.6506753084306114,0.20747420587380014,7.99711760429886,16.565103473507943
0.45414248488140785,1.782937227775372,0.07431208520333492,0.6179117261944101,1.0119954207351545,-0.8511858182078677,-0.1259348676187873,-0.278157364893654,-0.14626980929627145,0.7430592424931267,1.18944573578129,-0.8839518924778466,-1.2592863890322235,-0.80807636996607,0.4288440103105525,1.5999897253827733,-0.15633625183898345,1.381720912919671,1.4388842340190307,-1.5690139461097672,1.5545593535747118,0.5791233090580811,0.07062748269019452,-0.20636198307275422,-0.6285457282842505,-0.7998593613884182,5.30354481143572,7.364228199189025
0.37325325667911685,0.5570131098583402,-0.10897167784239019,1.1842116518408314,0.19978979237026337,-0.4177385785069682,1.1353800301237822,1.702100645756817,-2.0288228828796697,-1.8625711477170648,-1.4920623446276462,0.02367348710026005,0.31347227666215943,-0.38408212581577755,-0.14828182558499792,-1.8231418946718094,-2.832056755238913,-0.9964926206997814,1.4235588327268316,0.5669621379465398,-0.20244451766715887,0.19314602696124145,1.2374330731146352,0.5298201405046636,0.9494248051838606,-5.894288978574679,4.052114065203074,-9.514417014952306
-0.16765981757701506,0.9294228678356952,0.39058707592341135,0.47432849725675685,-1.2192907797860897,0.49626489841160254,-0.15023486181795703,1.2374451335028402,-1.7253888321022768,1.2621796774520424,0.23537642879758564,1.1683214179453258,-1.2593702611068773,1.5611319995255764,1.2566505664105332,-0.45421997793150365,0.7459124795544376,1.0420522769523812,-0.4730502467388925,1.1331140233733306,-0.2423288223386749,0.10048053775832075,1.4300355436584056,-2.224140968699912,1.1922258709820825,-6.239755990864312,2.6759341653908177,-5.1075689568728375
-1.0456858917199474,0.11686666541738155,0.691029004387945,1.0382643978022037,-0.43092504672054177,-0.7218807591758399,0.27754191037246506,1.5838257156094693,0.853686294794082,-0.0906185195297436,1.4220690576040593,-3.168270322559539,2.12480568876587,-1.4394096704402815,0.8486815313002322,-0.5144682560650916,0.6277722721797998,-0.7027056543581963,0.26340136680909054,1.3046662495699246,0.6309390435275176,-0.10921375634123383,0.012820071578804776,-0.5175820925397902,0.36957756050398766,-11.195082903843833,-7.774291033730879,-8.689870091627814
-0.3236158433179101,0.3675195649091523,-1.2784036953037226,-0.7926489523049444,1.8999952997423009,-0.8646863528731945,0.5663651695008816,1.567233260647025,1.34133819897828,0.5795396847201555,-0.49481979207173293,0.3466732210911216,0.650626140395535,1.2053500198421874,-0.9765862919275091,-0.18281140636914603,1.3100615105921516,-0.3481930485776447,0.14126922915087778,-0.30577084420878653,-0.08631940155542049,-0.7410711025996851,-1.7699345000968778,-0.7913337546937679,0.11158175167115006,-4.570009074824147,-1.8192178247650426,3.702536760993593
-2.421159534333638,-1.2867079882654695,-0.6553379606026759,1.0972794953412202,-0.11796424648725094,-1.163152549448108,-0.2497148876587195,-0.9530902690308147,-0.10008534615551007,1.5755851416378015,-0.6813489166003853,-1.4808211222368175,-0.7105879218516913,2.006264492964518,-0.7176367947803178,0.3452223889314222,0.7793461075675672,0.3154631684060342,0.6467038489168853,-0.40997761212763595,-0.9633875077787963,0.01618756075629848,1.4463289873968783,-1.5426228327645302,0.9797866418601421,5.642343742542737,5.963710577154631,-2.493236280568182
0.5955364610912821,0.8042507435075172,1.3062927270131126,1.435267168614519,-0.2188233917505321,0.3525966001847258,-0.9611451828016578,0.6487110171739517,0.15752078990558246,-0.06710577170812128,-0.356329950219845,1.6791425977377092,1.6731666157035952,1.0274070468687213,-1.3882484078882225,0.7655497791901267,-0.9799523996859698,0.501299830451467,1.5001218934501084,-2.413936439679953,-1.4549229378159558,0.1964518531740629,0.8975935940342619,0.6812372613676039,0.3418631299534706,6.045654581348371,2.0001900623729565,-0.9981770066846422
0.8838957735488492,0.7569161809442472,0.7683471811445858,0.01939590731258269,1.2783256207009248,-0.6542644445554295,-0.6694522411346607,1.1446318333857617,0.04603752901083186,-0.633342545978218,0.5958796959986422,0.44578558582414557,-0.3886013138897998,-0.7453225218912027,1.116273388189637,0.29345439372238524,-0.2194939911559445,0.8257941926957365,-1.559833854038095,0.15570380248968319,0.4666616001900518,-0.8088017121325441,0.8923570743556655,0.3765665160462382,-0.20926558974728945,-8.870916843607953,2.1494974979939268,-0.995432844801064
-0.8175259919902598,0.4833996911042044,1.6691566028906948,-2.6543420087754916,1.7241440326623065,-0.8349938268320278,0.03402692792708984,0.8794948531873303,-0.8793906329209141,-1.2688183186812563,-2.168277497682307,0.8581746591362964,0.10116772542106495,0.5817056062151148,0.7945971017509617,0.18269779195899477,1.1423712513287951,1.108568253169811,0.6035399781732299,-0.7206119538386073,0.7330074776411141,-1.5644794760170175,0.5978769918307775,-0.5557260964594205,1.8776028706484353,-10.004457305088408,-5.969558080109792,-8.414331974307006
-0.19354957513028617,-1.6763611595613184,-0.5566943502624844,-0.5522803780481319,0.6594633450325744,1.264829184512077,-0.5061598270488351,0.38837041043185644,-0.5528086684997198,-0.9271443300921798,1.6660462016808384,-1.728468477582354,0.2538354584654675,-0.6101270713045286,1.058347421680722,0.8023129934909923,1.3123356124912338,-0.677454275141023,1.4336054348466667,0.06874513231048755,0.43661322637317335,-0.576602188092077,-0.31498436763556714,0.37400969478910834,0.2407927248421217,-2.167430074332413,-9.345328198385653,-9.24392822429648
0.4233228813396502,0.8920947205666556,-0.8281663320714685,0.3072771971639269,-0.029469669317373014,-0.3644429893707043,2.669313924314844,-1.2979580277227998,0.09474062405527739,-0.6212700256086727,0.15866929061869034,-0.525888568204872,-0.3520954369603375,1.8011876843135435,0.15820335336058625,0.9307866922863073,1.6961363965933431,1.0291321559793944,0.7316272024305623,-0.4935855531003243,0.6337690056597662,-0.8899900934578052,-0.08519401047492653,0.24905186485826442,-0.4512693898147347,7.090119304092282,-4.879081169575671,5.431353892414521
1.786856226130554,0.7092392495127933,-1.326499498033822,1.8452415839094156,1.2438647605548008,0.36464914734336423,0.18268722469728693,-0.25015664668008947,-0.43980202808389035,-1.1246199817134057,-0.7955665982775622,-1.7777841315878438,0.21649513565824063,-0.7399569761809365,-1.7146793008760217,-1.587335555922445,-1.360715367397402,0.8737794222073701,0.12797774662879577,0.33874235753245713,-1.4634917733738235,0.4942602821936713,-0.16410237399005534,-0.34537640730494357,0.06658324099131983,0.028374308142005727,7.862114256711905,-3.5731639265336037
-2.184316697998,0.41690825949761184,1.0842389017169147,-0.5277720863707178,-1.3598480760623881,-0.7197367257769202,-1.3757693197264242,0.6601545893065516,-1.1910447358456246,0.4681247906621458,-1.3757095116761164,0.6850930825355432,-0.3231643811454054,1.9560589511082398,-1.6489242853977146,-0.6264509756009612,-0.27894187604321813,-0.6597443813207524,-0.8945369771987559,-0.5886854381370923,1.1988351200371439,0.49798935379446824,-0.25198009051633163,0.034841411000419195,-0.26717945065894233,4.314217276600948,2.7621479202455705,3.5357477528682795
-1.1255449194706777,0.7411619343659059,0.6526788824951751,0.7502062194572767,-0.5825709334825189,1.8713399597232485,-0.15005685072981112,1.4364689398587207,-0.44566199009439184,-0.07418916410801457,0.22930550341209585,-0.6561751516919742,-0.040114445573342546,0.07268892480805961,0.2540180928345016,-0.629002603321871,1.1798832729762367,-0.22906852949948286,-1.3085589796186639,-1.5441363268608395,0.5503468646159864,1.7400509198948126,-1.263418857174886,0.6713701311249313,-0.13690144294323942,2.3805038445154874,-1.7778240113886954,0.5528731838668133
-0.679762078474148,-0.06997822903565228,0.47222176992448384,0.7167695504894913,-0.3004017011144351,0.8701447629773688,0.09818827174566204,0.9059245574170067,-1.3581418094060806,0.6516860742881714,-0.14304094816953603,-0.05250056505631089,0.2372782213734053,0.38860085593542565,-1.0016372964608549,-0.25707516242229117,-1.0002510079847582,0.6306779380520402,-1.022267195150608,1.3125273839446974,0.26578030436437283,-0.3684303330689217,2.7046785592409117,0.785577443101045,0.6527517732908091,-4.050675787984757,5.685662158077341,-10.075342835889048
0.6918247816959419,-0.407380443827682,0.5710253021293163,1.1723638947341526,-0.7186254085002888,-0.509064740718334,0.649283596991788,2.5255015613398877,-0.5126508675982226,-1.817607349026722,-1.2928413757794401,0.2354263813246612,0.40224943608046343,-1.468359462787586,1.1856620915728178,-0.8585885039900162,0.5461545768418303,0.9890708949979949,0.1495545670002933,0.8025270122360783,-1.4699842347987557,0.5419573793970235,-1.5847653976160054,-1.8066778394696252,-0.2536644083218049,-5.008733674360359,0.5741456113515833,-8.491353184956314
-1.2307458225930545,-0.8282099155490593,-1.8063334723257733,0.9783114505835057,1.4897396575812942,0.4557607687470462,-1.2633585886713847,0.060584066818704034,0.806305240674367,0.03442108515488802,2.154080300691918,-0.9586438096471219,-0.29167490341521474,1.280503893350131,1.7156237612072676,0.9016909893844158,-0.8890208123736504,0.12913119626896602,-1.1866379317958284,0.8107806206014245,-1.678284125612931,-0.3031037380814169,-0.909310430135632,-0.8211272644699384,-0.4563620981274496,-1.7779745390826298,3.513637217529101,-4.560791495759551
-1.0528220291692871,-1.1927792479229868,-0.8643507079436072,-0.24116710332118307,0.8777802832685655,0.6358724875621589,-0.16757773067213452,-0.04759801827278714,-0.18064282106168028,0.48470972705963944,-0.8973179166793853,1.7372010323253657,0.8356304747589416,-0.2621812574061109,1.1565759922322605,2.8886747394914347,-1.2556096770497254,-0.24411815348908425,1.9755885051854685,0.6299932458764951,-2.3204800592896335,-1.2320197890249798,-1.3387183379223107,-0.7371814510361181,-1.0644777952411326,0.9561929449736347,1.316240099769602,-6.549767445525903
-0.2699141334484756,0.7101539348958431,0.6047584332466571,0.16052809672347432,-0.2551392018174839,1.261340572155381,-0.3346430036668133,0.9888146929251076,0.591125290400382,0.11073128216786389,0.6402179799738323,1.1295586414606977,-0.4956102762951504,-0.7272864864120513,-1.3244832839785907,1.0546027745649518,-0.0444739273606552,0.49913165459412756,-1.21608443940971,0.591106244114328,0.43157012665686195,1.722655677691397,-0.8329727016227463,-0.17447171004227585,-1.8488378757910517,2.543178831693865,7.004141540054979,0.9420354210599113
-0.5072228810795103,0.7262504017434964,0.8571968633987143,1.2543749840250442,0.6818060347364933,1.0742400073991565,-0.9240262242730944,0.3846115561468136,0.9281746833653135,-0.7341778605555338,0.14219083105712976,-1.4148265760200303,0.8128988801603998,-1.3629667884350505,1.069951482320759,-0.8628872415696666,1.9252433804372477,-0.16585650070469035,-1.6794233530914304,0.35114604430337754,0.21402867970291675,-1.0696646529924199,0.039576365077053324,0.819380434237322,0.31173501462775577,-6.390767223220818,-3.7735106655280473,-4.844362785070291
-0.34378548988181756,-0.3067133315122405,-1.823843079774112,-1.1399496154763444,-0.11004733461700175,-0.8320268745254404,-0.6200829245914482,-0.7913355908743573,0.6513619163738154,1.4577432727263309,-0.5143945922821215,-0.20224107784558892,-2.3015155679876282,-0.8729981075186463,2.0769485884075687,1.6975014835805533,2.055092183076097,0.949624558916855,0.7533873110283159,-0.5606343167583812,0.9448654540797202,-0.3609923697250251,-0.6049895035844486,0.811069983330011,0.5674875655504028,0.5638251258629375,4.144158041873435,8.349487850205932
0.8198321874771252,0.23627799199149105,1.743746391241012,0.3385074062492189,-0.2334509141657756,-0.01578809301222264,1.031879948845686,1.07316418906686,0.8029741864434522,1.6028425957943535,0.6270788961810704,-1.1149050045895947,0.13204607210862668,0.6526134761036381,-1.8268631905215358,-2.4463396478125965,-1.0349886054727075,0.5582827468591655,-0.5800060734357366,0.43681931881657415,-0.8574157954173748,-0.8171521060652309,1.6680797166575714,0.04506140461762971,-0.11224928037995281,-6.408308563782603,2.3886897900837485,-1.9367656148087251
0.1120822567730347,0.9237679505762056,1.3180246501074713,1.198808704799995,1.8579500181853696,1.0255885617583314,1.630318635448429,0.033641575311852745,2.3567576918354263,-1.6559775431518344,-1.6553427373478002,0.27870214117706255,0.6186558500449475,-0.46797016490360016,0.5498053435382664,-0.09559472623480161,-1.3771518502026416,-0.501642406040687,0.3497545815186642,-0.5763933833698474,-0.015817208707628146,0.8835254851504141,0.4128078153611926,0.7877152665792326,-0.7237627033200286,0.17322319830861949,3.9417581751341246,0.1302031165316811
-0.3935552999929625,-0.2818038914789881,0.05939351238458828,-0.6750489125212403,1.2311198636918856,0.3633588373367151,1.223136292929528,0.40048522985455326,1.4527459797395887,0.8088205955636713,-1.4820484442182835,-0.03392625956857664,-0.25922787735740854,0.679012227324305,0.12236523884762934,-0.08300090858671634,0.6423474408747114,0.5646168681146324,-0.1791811387771075,0.6315525961044132,0.48197919126030747,-1.659190147875891,1.2848316024788156,2.616357518072006,-1.3903556510072377,-4.361548698234413,6.238184023732508,1.8807470254178547
-0.28469500210348603,0.13296123299652832,-1.7570124496032358,0.06371628480104659,1.2989393745739337,-0.042024500462396995,0.4143742472500416,1.3926324366960035,0.49314911402950445,0.8579069497705274,1.0151344978442747,-0.7645872448089022,-2.0959810297120276,0.21549947875968112,1.9417938421296228,0.1129847999717475,0.10470057406292264,0.6404957112320409,0.6971152857766378,1.0236183844147444,-0.24354707285607577,-0.261162916841674,-0.2837514106456433,2.0074397331911995,-0.039525267531487114,-8.187363774990466,9.563552193161204,0.6548867955501066
-2.0447458250937256,-0.3429157050974177,-1.4035238228457168,-0.9899206163448376,-0.846102904974622,0.3857728926090306,-0.8311956421012721,1.4171781437170694,-0.6184973350332427,-1.1995017973081306,0.2725070483904148,-0.2990467169264911,3.1571959641947123,-1.168550635066576,1.440285945387979,0.1858959689642394,0.21915957873630598,-0.11704670816107722,1.4157280120894367,0.6000059614345944,1.0171381963232173,-0.7997219183087122,0.8969381936155124,-0.9491669497999524,0.9002843781200545,-9.994274354375666,-7.680509459214028,-18.478878876668894
-0.4027511484927037,-0.8104569458785204,0.6581428687708265,-0.9256382092768438,0.12748862664264263,-0.375031109546572,0.5017490771747581,1.6354966968627043,0.2639388700096748,0.5713567525003593,0.4743711227309733,-0.41838242856517655,0.5361988131697016,0.9120163983763829,0.02339769779396103,-1.6807077384181517,0.3895861405539912,0.5784132769401179,0.5536278810644567,0.9307692341266864,-0.5695126993225464,-0.31719448205708384,1.0436910477483043,-1.1078907687458968,-0.8000542201122081,-10.174802417957245,1.8033920833310557,-6.768179880954896
1.6390055457864183,-1.2045201662087028,-0.18332985262756551,-1.6076199422676845,0.9064046928303726,-0.4327511531707686,-0.505101391958393,-0.689713521517338,1.764470857017952,1.563128780868505,0.7141412489362589,-0.3656715358659066,0.428855216767148,-0.5035582164671436,-0.50525291872877,0.2859131719500426,-0.3452265329495794,1.1855721811781608,2.285242731173691,-1.973344679673152,0.5161074090139357,-1.2284745555469414,0.18987872176893122,-0.32817142334740335,-0.6758873046718212,-0.6726910864482863,-2.069210682571436,5.652876216558531
-0.7566370995622522,0.13708227615531954,-1.1721082047575955,-0.5934731197430667,0.33048570143738715,-0.2610100829745374,0.8585753193951369,-0.7065106089963463,0.5794224806054548,-1.2875573440251993,2.073765582196525,0.38110955034729577,0.29904443744980536,0.44355547037506826,-0.6103090122337679,-1.3141679962734818,1.1159162847301687,0.06268422505687583,0.02460049737645592,-1.5385599474017997,1.311367155626795,0.9674347290236133,-0.6155328879934675,-0.3892866814311696,-1.0652724931462456,5.003955905115029,-1.8595185531138199,4.034423021553219
-0.72036651288185,0.8314717151943406,0.012110502143468942,-0.5980533082499352,-0.1294014724897973,-0.15987583335169628,-1.4148250759710383,-0.06067307193555835,-0.59692492087294,-1.234187157780852,0.6420911982311679,-0.9732761158929025,-0.6321151884447994,0.7024120857753959,0.3314811173238361,-1.3515355584785151,0.07663483823853068,-0.42854644051724117,-0.25714727694218903,1.1157038865114026,1.3780636696962583,1.4887899979217782,-1.0795367545151655,1.1706962013222562,-2.0122552223942565,-2.815343404847778,5.580170485132263,4.539421078997454
1.7611618326737168,-0.7809184136284202,2.861667129543474,-0.9693235412120776,-1.2542310741806373,0.4811220166046254,1.8429960264940621,-0.20976566019793133,-0.04313012222098132,-0.9957055091060506,1.2047729072573041,0.5299241365918892,-0.3061074921909931,0.7003673059028234,1.6518999776847123,-0.37207925928607544,-0.0842949385022687,1.8678382229863233,1.1190024449793319,-0.26287912124763924,-1.0918127886701725,0.0920596677312547,0.7408671103731513,0.22226280032375473,-0.6877647325968648,0.06879852274826471,-5.510591177223252,-3.004922948836814
-0.6374533515726392,1.1300237328370561,-0.28143204707838476,0.3769168054695426,0.5035855492095779,-0.9415268545207655,-0.8961898518711394,-1.1726699303674133,-0.07527268783598462,-0.26141980763311845,-0.6621537316021802,-1.2475756122142903,0.3829206035498483,-1.4417388670707498,-0.09590199212246624,1.5418206927930689,-1.29759304402582,-0.48569580358128595,1.0765553281205231,-0.2878468082362389,-0.3445703970523319,0.09604356596824014,0.6600156564594015,0.6129452907922559,-1.6906402347527012,0.14556852913008173,6.688431912876551,0.6030406781338395
-0.28811015964971015,0.44163598883618527,-0.7226105295711411,0.014952341774380274,-2.4007792407183546,-0.7335439923038284,0.6408301550719709,-0.3623996288671278,0.46430303842394877,-1.2146857375035982,-2.0314300185692304,1.7653961389179624,-0.47018275084246586,0.16825181872967515,-1.5505242524358933,-0.18837117374695764,-0.47426684813918746,-0.13706269946950148,-0.49966591200182625,1.2422576043813307,-0.18718090284234723,0.5209876754212329,-1.1855975887631516,-0.21000703849236793,0.6694109245564035,9.678979085751145,2.340485281307604,1.7643755116268662
0.9996963790877553,0.27631203717022373,0.03207348660150723,-0.8949889072703042,1.1433577300927042,0.48922477406638887,-1.380338658117848,-2.900241204992815,0.48660017710975323,0.47000913868745126,-0.9783123881914001,0.05949381833987935,1.6459783526389864,-0.9175090986839199,-1.9031463519200447,-0.7084992037755993,-0.026146985676257603,0.9662914563395705,-0.5849937135233758,0.7309720252454238,-0.3170297072398763,0.8706445381112919,-0.7611459777841271,0.07124459268073742,-0.6783725903277097,1.4636833463103442,4.698318603885455,6.069154783458544
0.33250991089685367,-1.0812747021836946,0.44012889007082967,-1.507204477526619,-0.5634156809502521,0.15624379695084545,0.48502071688966386,0.925182551213026,-0.9064626250495248,-0.9891419199257058,0.3323350673561296,0.40973786216407443,-1.00622437560242,0.0692940012085245,-0.37972560389002025,0.9545789384590366,0.11444263697583203,2.254432351095795,0.2272780202024644,0.5029636587954752,0.4292105217022133,-0.9754469926439515,-2.8138177892084473,-0.4611616500655225,1.1335170458520336,2.52050269218925,-7.547783117458436,-5.653132542438003
-0.5184355653672461,-0.23330941327793212,0.7904879142945274,0.9764222444262726,0.1010463660487955,0.6744973617351143,0.5596415163075512,-0.3781034137427102,0.9386628165709315,0.15786586597674798,1.3536770844278267,0.6104160638275912,1.800860941885799,-1.0112116588070474,-0.49789599693301567,1.599353994004781,-0.5249436473607755,1.08615239175478,-0.14793125800223988,-0.43379486083422597,0.0005992295824315591,0.4648923821269866,-1.368581959382709,-0.2582249191142483,0.9816314215744855,5.228203911621351,-5.250843790512545,-2.21325646992977
1.6066667511831167,-0.8544005687169125,-0.3438280310597173,-1.173991613435273,1.145690215570055,-0.9106302322929489,1.1549770933030719,-1.467251297888917,1.4971181318525764,-0.38050976251214785,0.5885218201980531,-0.28144083860781,-1.1646687098441313,0.37643203781980983,-1.3782961244610081,-0.7877702209225438,1.3976397700598302,0.419403387727243,-0.7307937838596067,-0.8563393151733337,1.4686938610717646,0.5382226553445069,0.4147276558576467,1.015685093775773,-0.3965543479333183,5.276799175632202,-0.01786737485681808,11.899077314528707
0.9393136822474863,-0.20511891262230056,-0.13875482008354645,0.33032218037315164,-2.7283803499636754,0.3304089051727192,2.1694958412102827,2.039314448212382,4.673029245895192,0.3789977007498894,1.0690801858649464,-0.8311917709078164,-0.0837717248600396,-0.9793847133368776,0.6413019855474292,-0.7716128150059366,2.300938855854625,1.5846560631886313,-0.9728071516202379,1.1555151637709498,0.9221346602492511,0.9470390389989558,0.44135344950295563,1.4392148735848833,1.0741112275942175,-2.1407607850659067,-1.1556433179561605,0.5608956175733366
-0.8175486855916079,-2.7240496654949746,-0.7008447966364068,-0.734527613415042,-0.9760272324345085,-0.216748733324067,-0.7834072597001543,-0.39422342258886994,-0.6218323828643576,1.091747254682448,-2.044765069775079,0.1880294905924055,2.2209898037460407,0.40747673157653347,-1.1190919515213422,-0.6914775353708834,-0.2571178141285097,0.17602918494693837,-0.17214962764166203,0.6100972955594259,1.5368314608729385,-0.5026420485096285,-0.2129414475848555,-0.0925874822470431,1.7919575522752313,2.7805670593361076,-4.851898956727248,-1.7494878104193239
0.7957824161009073,0.13469694323052883,0.650547150812558,0.38292970356423034,0.5639630296030852,0.8899463856498239,-0.05356529856071327,2.031240395624026,-0.5128281485683021,0.10178930552654243,-0.0703582487783435,-0.16935751078740036,-1.0293620038123248,-0.9631729750507987,1.2921787935391988,0.7230433316175212,-0.5516811474000655,-0.25214688941676444,-0.13618067636488884,0.8995984712244602,1.158162104099327,-0.47150681074131046,-0.32642340901860856,-0.5231167166423683,0.277735694623371,-7.631737593328902,-2.1968248855685126,-3.803769500234307
1.4210478473467976,1.9165581097821913,-1.7895292116467678,-0.4008122164673801,0.09871074417923577,-0.3292099319197979,-0.5857653168946637,0.7664789689075674,-0.23613574986339086,-1.0792516564394619,-0.09525218474042187,-0.8526236152744583,2.173287653850754,-1.890040805957406,1.409012718810912,1.7863572443791913,0.6220380181746753,-2.4126298849116505,-0.281075817559886,0.7949333825100094,0.9728348295851341,0.23027915610679187,0.6785503827447379,1.6484019798741074,0.5139807092669764,-9.09044353219657,-8.328219181832257,-0.029511090808535867
0.054946701761339194,-0.04861634182893836,-0.1853629209411439,-0.6107161533326275,0.03941038298575625,-0.48463011650008875,0.6997340423531252,-2.5507603699029686,0.11399095956740303,0.2424456172124009,-0.7173797573512927,-0.3774070474059688,0.25484109020514956,-0.417229882493155,0.1730155390099309,-1.022648745873674,-1.7955861710835617,-2.3127564430688734,-1.5881593123585298,0.3572953811698315,-1.4661583717261004,0.6445868116547535,-2.3347506134894402,-1.3413918708371957,0.6882987698440527,4.3238603228584545,-7.457863084863597,8.341590607593826
-0.09678526849621469,0.21891266748164828,0.7236729401591705,2.117310781109018,0.5497483132137929,-0.6489653890020903,-0.6203788340541273,-0.9469693761019968,0.4072516790058877,0.858085756767271,-0.7668674764361287,0.2604465005204737,0.05266504469062383,-0.3796737443309996,0.3951604520983352,-0.20712932287581667,-1.0850041017311585,0.15613189862254517,1.3251787724129875,0.1548889475784884,-0.3180206237182582,1.805033359001855,1.619959973576928,-1.1140565733894257,-0.22082946733572548,-0.30881175739834255,12.6821543520145,2.9938574368208197
-0.60558901009418,0.35768364040991485,0.6492830547581129,-0.41906866481343064,0.5481397989853161,-1.0065817721625796,1.4577484336090678,-1.0070814993408461,-0.5854687253772966,-1.765464851163494,-1.2387570207983774,0.9326127157225087,0.3232469005832556,0.7810270316421373,-1.2699980263570485,0.7872965485232841,-0.7127677607620281,-1.0276015792818576,1.3968373043472928,0.03414107007218277,0.4327967912688149,-1.722247526132837,-1.1942204635138796,-0.41607613876086463,1.1397430547765817,6.15823967237037,-9.694256871280139,-1.7219623340567654
1.214778054577603,0.9285500469705914,-1.2118285685478383,0.9898581299317503,1.2969882221000346,-0.24441952650963486,1.815714075648882,1.766623221383236,1.0688160638993522,-0.48629746129632134,0.060762805989045036,-0.6559316127921628,-0.8109648706632848,-1.221569358738695,-0.4553476003640177,0.692885945692152,-0.5950772403453785,0.05417906758452197,1.9202049086243886,1.0370527205973212,-1.9016014876292118,1.4938588608831613,-0.5683150538695905,-0.38404382945008175,-0.05500109591190963,-4.829885973590434,8.639759134970362,-3.89506837955136
1.3572674213625382,0.7743172249439583,-0.2980260975629116,-0.16135748369563022,-0.125104335047622,-0.8891769370923814,0.055339775484762425,-0.4365133783246373,0.44169415023417535,0.19263703239569893,-0.40502335049514665,-1.2147778579053248,-1.0283893112360585,0.1671397004504045,-1.6390500731899613,-0.7042559445314842,0.3317313405200208,1.53291715574714,-0.66800215011927,1.0862292565304201,1.3520139343666757,0.7520412323971092,-0.02221914241463865,-1.462197119484118,0.22071078780930706,-0.6018917290639969,4.265725348668904,4.642025824465962
1.3552553946360453,-0.3973238106188808,0.2606440511054538,0.8641065243059598,-0.28884219309842873,0.11830183423113139,0.3250495076190282,0.1491359411871433,-0.8356603376353982,0.4319059755061775,-0.4166871137009978,0.5827013570341483,1.174105070078657,-0.605399139577817,-0.12355888387382055,0.5819613634893466,0.043653228732937706,-0.5785002040327386,1.1474694393447646,-0.5142711104004907,-0.3982976795264062,1.1158246522756483,-0.28263623081481704,1.3110516574119175,0.19050532038300547,2.8845956135412743,-1.1922704363415246,4.403933433958117
-0.5467341139532271,-1.0808903564932262,-0.6578994726601676,1.1303355176255956,0.26504591900268226,1.4153959671725722,0.9895983632002515,1.1653894037260146,2.181272181639654,-0.1916617318674933,-1.699301849448064,0.8753626902915798,-2.058484671908544,0.21291917445196903,-0.6004143814712832,-0.3717248603985244,-0.7816096531359674,0.10502665098433586,-0.41204378693201443,1.0544537646597039,-0.2055198361032667,1.13059548812858,0.7216355593449434,2.3199294641176684,0.4438872871616796,4.768850222689766,14.877979059938058,-1.3837280110819175
1.15243521215624,1.741211055477936,-1.2584625137605725,0.01802864463177681,0.9351071824177379,0.2801557355880415,0.1592679505115969,1.108982036025386,-1.0921046917747272,-0.32688737891007585,-0.7720244809900784,-1.6168650547813446,0.5521459431289168,-0.1879654052111097,-0.5812634567498228,-0.894399968053275,-1.170117166829489,0.5587919263943378,1.392967749949894,-0.06898243128951599,-3.039038692608071,0.22265045609421885,-1.0197174936700577,0.18654281837470224,0.8313708331739857,-7.508502948564463,3.4203977134102335,-7.167845056977689
-1.194602474828129,0.2017220993900919,1.2388325404809115,0.4024506434737985,-0.5447376965466167,-1.301359556264295,0.8752945344058866,-0.2199437754960246,0.8629646203679044,-1.3774476598289769,0.6473326931126366,0.8374915951787144,0.6456229836229164,0.22096452841947573,0.8270472467679202,0.04435684277684526,1.5033338753972185,0.5262105298074155,-1.4333866930977648,0.28740781572149676,0.28059444138256767,-0.3171346581859473,-0.5531468120359232,-1.109657414363928,0.16238007191690856,1.320108906923198,-5.949436667645137,-0.6966534744067483
-1.489534357132518,-0.09658330009603054,0.37008288998483363,0.7682076546028264,0.7651350315558858,0.562702578744425,-0.014961108278065823,-0.06198546158655325,0.08613503057922353,-1.4164083848322528,1.0735344031163192,-0.7382299151911668,-1.3938841866529954,0.4152061450357643,-0.2998574969991494,0.4913115666778313,0.6272420043452193,-0.4888641804496526,0.18068622411423932,0.426086808708282,1.1499083376278834,0.661584594783192,-1.0405741841905163,-0.9705951839101904,-0.2139460442194159,4.13392509763005,-0.826096659860235,-3.174408995455498
-0.5766198210471307,-0.09101673278801019,2.030326810007109,-0.7413540301752791,1.3247686595891512,1.4666827336917256,0.7034892168315501,-0.3550278889010822,-0.4108921401195999,0.15740263593622691,-0.7798192121330167,-0.04684990680240645,-1.9087554154152322,1.5667749278003003,-0.3477436176240234,-1.085691421024341,-0.7717071917615109,-1.4831392647274366,-0.38028814366416724,1.3241496590163575,-1.5784770189944113,-1.1713143605022363,-0.6978529409817245,0.02983112647871776,-0.9648663635530906,-1.8810150240999028,-0.4178444270267489,-1.6347884205810235
0.13655344690924293,0.1655690257285862,-0.4444724312546623,1.2409230094875918,1.1225855177887827,-1.6253294493124948,0.8375838805289507,0.7081712720552822,0.8343509740243719,0.18514150805274734,0.13339848838370347,0.645421207194122,-0.7555609195824263,0.9083127291057942,1.1278094534477126,0.03500163899348875,-1.492776351385983,0.7897373832136332,-0.2343931749167226,0.9103893541133671,1.0053676500042432,0.6361898225170127,0.7913839218819215,-0.4827937555410042,-0.5407379379849873,-4.136639893181671,10.230306039028333,5.270907524064129
-0.9003722567114936,-0.2480134074549145,0.86047319344727,-0.5260998784155205,-1.6517731240170963,1.0780404780355124,-0.032385010640139995,-0.8499576538556847,0.3653616615657197,1.3896437644868136,-0.21049021792491193,0.5736430491847346,-0.9277931785338127,0.9501070172943687,0.8611848004575697,0.343071171242608,-1.4562649619266272,0.9340778226850458,0.2889224253533965,-1.1616786720901593,-0.9620446208655359,1.4902163484740485,-0.5656396419320264,-2.207882098714489,-0.8432319943333895,6.837753749584706,3.245874232684505,2.35531624366805
-0.8277625547415574,1.1333031972211856,-0.6457728630375688,-0.9520139581047102,0.34839748474065363,-1.1343814079824048,1.0682740356790899,-1.5678938664473832,-0.636413582023788,-0.39846170156862465,-0.2931493053002165,-0.9973997118457855,0.9328560686401056,-0.5660030591251708,-0.6484354326325168,-0.2912652115224819,-0.06859770694715285,1.2371202034198985,-1.7427374434592107,0.9206803263901463,-1.5116492405460429,-0.6307772789504162,0.16868224836876775,-0.36565801407148585,0.865867422319056,-3.363567780582029,-0.3881782170066097,-5.545755003850091
-0.5799843993455314,2.2038212183629584,0.6792648732784647,0.3029571665836915,1.337208310870131,-0.33067333354928874,-0.4075527602154984,-2.187876227680033,-0.7102208088579441,0.3405908672307355,0.7758424606572492,0.8883866638100535,-0.8394432382572116,0.02403207040636492,-1.8793362246276046,-0.46338122444629487,-0.2681280503877824,1.1052552733474401,0.12775011974631825,0.4488466499119924,-0.19535216799644253,0.2770082218629657,0.8455929757175056,0.7069263918864545,-1.2894305400990087,0.7732402525348694,13.294485414673753,4.439518822188523
0.6588528668130863,0.15816325385364455,1.1673517802727755,-1.759999236464808,1.1816814332351386,0.3486960786983529,-1.6745930130835396,-0.6581099785309633,-0.5955019036587816,0.5499539485545214,-1.4615174943437528,1.281758758850627,-0.20017755444331067,-1.5323764152104835,1.7467831097202162,-0.41252840914219463,-0.39295625424758757,1.604507771276211,0.7387253124603251,2.35202568483835,-0.18445412014142082,0.047432295674088125,-0.4296408451027102,-1.1388571267778476,-0.6786146349320169,-13.58147473481058,8.0300437647244,-2.0172202444568117
1.833676373784269,1.8418698996305152,-0.6924585197954329,-0.19760237304335873,1.586482746510617,0.0842714443700455,-0.0876449325807686,0.2798436964463048,0.8185675893416214,0.7615134158416745,-0.4525937212490847,-1.6581756004369357,0.23356243504193616,-0.7087435221863586,-1.017422314207695,-0.8612073949242408,-0.52899626515343,-1.33228586878559,-0.7631256681222738,0.43736211181792384,1.7285299937733223,0.5607623112325483,3.2675512608934083,-0.11911340516057384,-0.01120017507695525,-10.937978575476237,3.834090988204025,3.0030625540283507
0.30526850158676816,-1.058279002924943,1.0332572154225605,-0.28116160757176123,-0.962418491866923,0.4507468336537338,-0.6633086481529442,-0.13905710579260644,-1.3018949468218723,1.5243964499024474,2.256745590039164,-1.9996876195641742,2.1773641573451084,0.37701571567622616,1.6554030799671338,0.27295336305879864,0.571362305306784,-0.7274943504299713,0.5961600399751598,0.3069084356935321,1.4749561209443742,1.6343168163756217,-0.676109054360809,-0.8459343326669714,-0.006806839219754278,-4.670162508413948,-12.836613122666229,2.709206537511212
0.9164009981897692,0.6499328711226974,-0.264690454972965,-1.145389790830253,-0.7189956425843628,-1.1249559402024278,0.06882251346039968,-0.858430437748241,0.38416634260635607,-1.598247208362427,0.12559270522106883,-0.2278683561567237,-0.1020224281414094,0.31977679585708063,0.40569491302302696,-0.33016166770784533,1.8829213393018402,0.36273205127171426,0.39302803217978194,-1.1935249381129733,0.16990537325341637,1.3232649236596834,1.0692296224664126,-0.3200813705046657,1.2791084881564063,1.6385818384170132,-3.7533774525995165,1.4265531103002598
-0.4519072384439018,-1.2225834801759647,-1.1228513127676387,1.2206467724488406,-0.13417295401708315,0.5098942399563963,1.2868475746395447,-0.12633953604169504,0.2433010070093684,-1.0559581717601456,1.2071668264649547,-0.701358316882408,-1.0802407114753947,2.8667183303793964,0.9178316298925612,-0.722524493003974,-1.9330190667159528,-1.2062103094908079,-0.28688685181352874,-0.4585236961943826,0.7755817015107256,0.03885612987615297,0.3540566488544055,1.5853636840313403,0.09311103011736299,8.419788306262094,-1.501504594099715,2.818602022636838
-0.8475576468456069,-0.4074502933822179,0.9582049525991073,0.35204743673624017,-1.0453305438753095,-1.2009980350735423,0.30495861008180786,0.6095469091237239,1.2746893139536764,0.8515952064217389,2.6840532560120267,2.8156304136926713,1.2017853529667017,0.04651711210720167,-0.21179635273125666,-0.012025600408238276,-0.36828100406163405,-2.3521920553114755,-0.6347478077088421,1.8479601694837196,-0.22312731259777588,-0.34081073555000896,0.43870556027161156,0.5861210690308808,0.6921005140560509,-2.1061958917986607,-4.5650325820502715,1.5171589408503077
-2.319278472899984,-0.002382481070127617,0.15189586918853867,-1.185310227661011,-0.07112146439523971,1.4577636735474269,-2.0474760220959607,-1.353899669599545,1.4525494401071382,0.37475455327738566,0.48572825458641306,-1.0196436409643577,-0.22193620303674033,0.08304172925888365,1.000423417235081,-0.8127832273383228,-0.8742962602993402,-1.3012050943450926,-0.7229832169388788,-1.3446189329385352,1.0547878322684923,-1.043994107910864,1.0060045285606285,1.6199715930782757,0.3892986528278064,0.2459184621674939,-2.2373409799927177,-1.3029221498768198
2.1592913138139878,-0.42800986788656575,-0.3845891078843314,-0.8451816425664103,0.46423178448320285,-0.37646598503342565,0.3815036020990203,-0.22746359606791453,0.7582533966774506,-0.033472694651581196,0.7042334277246556,1.1426620243773742,0.21534138462267574,-0.6464082364513553,1.4652785617531585,-1.2737348861730793,-0.339125847206316,2.216929028526268,0.6492198331276069,-1.3710328413356925,1.5063525627811767,0.7978314474651801,-1.9147868035292706,1.630672033111759,0.5041678738853189,-0.6576872292429683,0.1963063020656204,11.977701083758065
0.3768574098566876,0.9056233830340304,-0.20337255815520003,0.24811972438888438,-1.7364857285025257,-1.4598931112774487,0.14140988706519897,-0.7929220283744446,-0.07492414381619987,-0.45862780922940843,0.6985490729383121,0.13679098964359762,-1.1264966895422228,0.6606033545183294,1.1587723222178385,0.02262729063856355,-0.751974699528302,-0.4971285233660902,-0.7250647667267724,-0.5308699218495403,0.6786477184299486,-0.5994749932111917,-1.2705032269562972,1.1132625196093187,0.9204142142054336,5.788056293378081,-5.648251824549755,9.935814867651262
-0.9595847268024303,-0.907229489600754,0.2090379599306941,-0.3772718555930068,-0.07892099462106981,-0.022187216557971137,1.5840012735386564,-0.4891611971187477,-1.4559935821142438,-1.0816734932811336,-1.3345898932176585,0.8595132470402459,0.6793922412491937,0.49679392731975003,0.6486218349590035,0.7301191682919481,-1.1693612183272741,1.0398511919042883,-0.08753452849112933,-0.15543259204555313,1.389596746352185,-0.5612900093778044,-0.6057258905237215,-0.7712645603119782,-0.8251989417081467,4.540706416608021,-3.4010409294993647,-2.182069465538467
1.0759142240558097,0.4665348085562177,-1.5087493681879633,0.48424599595792267,-2.0519274718758087,-0.7182853973025981,2.104370239412563,1.6295243710379343,-0.41158782596417554,-0.2989057991559126,-0.292877752645824,1.106216412005032,-0.6087736384196004,-0.022907828953882377,0.8237704781216598,1.0319816031228322,-1.2574515369738268,2.035092848070515,0.10574395963101735,-1.0320158950543021,-0.718864430215334,-0.545079868209298,-0.2847604909275855,-0.4952914220614351,-0.7908664930005579,4.125365885815759,2.348431242109968,-0.3604416708390418
0.7487923824363867,1.0255858230876722,-0.37998743925713113,1.1443064773830485,-1.2222014740658234,0.275248878941275,-0.16010649660982731,-0.5810202694206427,0.03154204059019342,0.4210061123979605,-0.49351409471268837,-1.0325061042016497,1.918436963200734,-0.2848639603657376,-1.1244154947902611,0.2450940379078722,-2.036232186944656,-1.421081308734505,-2.090859664919588,2.3479195916806637,-0.599862837861849,0.12939603893035048,0.4274042095041978,0.4269874580253571,-0.35758419231391264,-0.19847530209850758,-1.1669045302624537,0.3232448671902135
-1.6979115383515684,0.3463016699817593,2.084733721396343,-0.5131400856046695,-0.10098571088930267,-1.0952724051282343,-2.1810103483164034,0.38185260007436483,-0.3935404290266841,-1.3435576799721296,-0.4682706877227265,-0.21247241225108043,-0.8495626096444171,0.9296697546227671,-0.21401204051113049,1.7588113642767091,0.30727575426489623,1.0292166045839208,0.35024526902497505,-0.4887393386973723,2.384264894982717,-0.15042331479183618,0.07411841008954276,1.2553125821168911,-0.8794619367564268,2.3832653974599944,3.132747591511631,0.31580802094152227
0.8325019203433134,0.2512550482940951,0.4375111206165369,-0.9943628675628103,1.9814090485726155,-1.182399760131284,-0.35034289290144066,1.188155561710682,-0.9662715791258794,-1.227374406281016,0.3586509103012103,-0.01664869623102454,0.7365914957119938,-1.053014772193373,-0.6401178180839061,-1.2273990200958484,1.3147667185214047,-1.5745718995207725,1.08633989232031,-0.24634832451135474,-1.3679299966248064,-0.6237991380674438,0.8752356272331862,0.7822527642541309,1.3634088797177728,-11.254453249969194,-4.336858352437591,-6.983769747705691
0.055081698444725505,0.9647163598723371,0.7592222794133183,0.4591679863343398,-1.5163856689146307,-0.6341523124152265,-0.4516602196618721,-0.9363526392475038,-0.19501272085115465,-1.1630770410793412,0.5743945578233386,-0.6085960567502644,1.190127286232095,-0.4503197629040915,-1.2495713410449019,1.3286271633338342,-1.2716370774560253,0.2507479141952161,-0.28344805995646993,1.0967450527328493,-2.041954768241183,0.9853375152280028,0.7257267731832533,-0.5901723422705905,-0.8034461452481848,3.4915228346900533,1.8344465720391656,-6.595970770698325
-0.045020357479037605,-0.4842618209326506,1.0667059366263951,0.8240232051388676,-0.054142505441713146,0.9744498225971965,1.256263466184421,1.0040497168089455,-1.3306235868561285,1.3057155653971146,-0.2529721070064365,-0.08030026140239876,1.4127496494352147,-0.4828595020873357,-0.5874199001082561,0.12717579771302137,-0.04537770663745014,1.7729955060039082,0.9257329424321376,0.42523305067212624,0.7163804477810135,0.07982288647807234,-1.4264095343644516,0.9638370900867679,0.26369856018114446,-1.1534601072229667,-1.1308939455925184,-1.3914750600714254
-1.4254583853250666,1.9881180903574172,1.1775514242811087,-0.11968182141917698,-1.6920131695902894,-0.7873462736191419,0.6969105461049774,0.47130213414761457,-0.012116796540683917,0.17039121908859495,-0.8649663151099248,0.5108817374651156,-0.813886688789087,-0.4560411836182117,-0.10342869418050012,0.21951749336099935,-1.257663896208215,-0.8178060444176086,1.385570874493737,2.119945628514099,0.26966275384688365,-0.6294110692966232,0.4066466182993664,-1.4654563185407434,0.3889657581558013,-5.225509935936385,1.248938863991853,-5.638775565541128
-0.4000377071993706,0.29409666619683505,-0.3144484278006067,0.4966286537454903,0.30067056470667025,-0.10122311502641211,0.4343036988479099,-0.7366133065575677,-0.06948678531486586,-0.14965774420156994,-0.16743640468118856,1.1402473952480632,-1.1459464795462175,1.7058481609195915,1.5417066635706402,-1.5203283064533326,-1.444682842900732,0.7251860990161821,0.18117358043339712,1.3362820753410123,0.4298358745009536,-1.3935664675751753,0.013927903267900377,-0.5765522707934821,0.2380403240244665,-2.4782513529931447,4.2511696049437795,0.7985997878534448
0.5597946383925951,-2.1934374327209167,-0.003295796433430723,0.7539521745769701,-0.8592745863051933,-1.073343509648754,-1.310964289239461,0.0010380375027189488,-0.8755310931136826,0.7436575183031534,0.5547141792440315,-0.7546384960537766,-1.050895310755732,1.282307969454109,-1.4595041599556318,0.6188842998353138,-0.8652917029287759,0.9172111099603691,-1.0657857485603675,-0.6495731709816173,0.603787802635768,0.34451671890571856,0.39258157670329114,0.7934735069212613,-0.017180790712583972,9.626211894381543,3.8291468952383303,5.252742219782733
0.3560312133672761,2.6917422251071845,-0.8064892067462445,0.1372634291272789,-2.2754110550282176,0.5072340811165703,-2.25171727088398,-0.30103872783531155,-1.0254241938604942,0.39165321514259627,-0.5807340491911456,-0.13343238692944626,-1.3342079500265667,0.7040586255538003,0.01939157971263922,-0.3016547100460825,0.3890684764172632,-0.3914203961191678,0.2179664920271588,-0.4137310213421417,-0.7947084048073495,-0.08363492897168584,-0.540461230365197,0.011486022582703637,-0.8407311874927621,2.7977636757562174,3.986850114732276,5.138231888951167
-0.40793445163359787,-0.018159504203104727,-0.2535791192764394,0.8054202626256781,0.5924063901056219,0.6330084084473395,-0.18310583631729224,-0.30979890716660025,0.2545339114588937,0.09706881318436594,-1.1812004440311938,-0.20795588796240475,-0.7040110527705635,1.046962804286626,-0.5501435346559262,-0.52952484129634,-0.32627255865261845,1.1072391222632965,1.3077045529259996,0.502390795075702,-0.9913489172924467,-0.15510769754722903,-2.174344099857883,-1.2505080395609622,-0.8400744642870577,3.2045546540297196,6.30197408781227,0.3250039003846434
0.08258527209494801,1.0279412834446078,1.0879947037490276,-1.2194838489448425,-0.02487937705098718,0.024086410628234783,0.2858499361650678,1.5828411963581552,1.238971396598993,1.6194861603766473,0.6321479541594927,-0.26314265586722313,-0.5890826240884693,-0.30134359680006545,-0.5971966156001748,1.0216013825030927,1.9774647939361083,1.399296587992521,0.41242212982557325,0.023218667838218476,0.1679794715323048,-0.8933299910364457,-0.4539854129487885,0.5642876967972267,1.5684406680636511,-6.740457069330003,-3.5792737914917887,-1.2298413288201566
-0.12627342567932995,-0.21871560327696413,-0.11666697312643537,-0.6910090695803143,-0.951622512941366,0.4612672694715461,-0.9741149598040265,-0.2756013749643236,-0.5530167712400926,0.5750131601104223,0.6954981411756784,-1.158414976981978,-0.019180141912933858,-0.3057023901603628,0.5595533799327569,1.2897954494828807,-0.050414287823257915,-0.18400821195100012,-0.9380392943235057,0.923242223060228,0.03142740081559979,0.4485857637761739,-1.0124680228512908,1.685763137419009,-0.04595122772617056,0.32398303901699427,-2.526538817258764,1.6403251018849692
-0.059423292275224915,0.3482402870116281,-0.6737914874716985,-0.7642998022155881,-0.18033747166142747,-0.608751234040926,-2.5106733522218616,0.8834090902360192,-2.521214145623255,0.4518833554309726,0.557506504032733,-0.8906404064570429,0.595979476996182,-1.0907785578566478,-0.07146664706739891,0.87508322022505,-0.35138550164791693,0.6790645257916227,0.40447861094666426,-1.368041241328974,-1.4643190137146231,1.8232082224309691,-0.7753584614181007,0.2254314282269569,0.32963951995466984,-3.471393604185747,4.052554398688225,-3.094847856285934
-0.4020808062656244,0.6803495195937738,0.2174126755513247,-1.297659858755058,-0.644364245868596,-0.32319559371794954,-1.0310761865330371,1.4604456854940688,-0.4874447957751343,-1.107888569570564,-0.7598616880166927,0.8264293221170044,-0.24730995420774837,0.8245066283783093,2.4429705369647046,-0.3742427268199691,-0.6438221520855447,-0.22063327914205288,-0.09620601748305839,-0.45230847881755626,-2.557280043456835,-1.1961709398574996,0.40798212411239576,0.8933987574493234,0.7470869053031836,-7.622239539437522,-1.0946638635908073,-8.105610156211814
-1.1199055871748356,-0.7464237540443754,-0.39642669474209535,-0.3405595651247124,0.8604179661335231,-1.5806221586015679,0.5587466448387568,0.6639865573270712,-0.7838144563973375,-0.9240064320253379,-0.5933436472525973,0.3295819248202383,-0.8166537083883368,-0.07170633753305461,0.7496379081001848,-0.5745130278569938,-1.3344794469967887,0.21730540105995966,1.5509446356808996,-0.6609859513153628,1.3826643554953517,0.22047395473126485,0.9271630020700425,0.9013626671721021,1.3513809755377808,-2.9167764075830958,5.18578272569566,-2.7542265768560465
-0.2681672113741555,-0.42816766579019166,-0.304018310820706,-1.4656945465698417,-1.1540807153730845,0.8528692716566398,-0.8887350241193549,-0.6175442537517911,1.6702812405294765,-0.6780975030836232,-2.9205752839812393,-1.0365106677203308,1.1084919636703872,-0.46080906665620924,-1.2896249524565655,-1.084639961111435,-0.5038999557067586,-1.1537234821017304,-0.45037151824567173,1.6168268066715685,-1.1923569148009427,-0.24031886202388378,1.4053595088115398,1.2877497857595677,-1.1285855421523059,-0.8950213240461807,4.094537717699577,-5.985438272077373
-0.32457940706251637,2.1866720122312353,0.04824439057840271,0.021793280980025483,-0.5711792754331567,-1.8755711529946697,-0.3137159093703422,-0.8110576287796669,1.383893674780367,-1.6380508195215822,0.4519040838181372,-1.4020916780145802,-0.7240430072360329,1.7098411218477985,0.8620275640279249,0.6292278316866723,-1.2783853252358401,2.3033256602277747,1.0526904464937268,0.6134535646119145,-0.4171918916031427,-2.1751072083151035,1.6941061761642204,0.6407241396488044,-1.7552113981059583,-2.5172579835609388,7.287452272676453,-3.077386630033196
-0.3250733207983107,0.368518575817847,-0.47916633838432143,-0.9184451940886125,0.059396395552087346,-0.9916230092201718,0.6834506988586722,0.3918299829663268,-1.5425163103265458,-0.7337317135838699,-0.10562682400804224,-0.9513924768474044,1.2059266230000025,-0.2934541588159167,-0.575953550723934,-0.45066155212106107,-1.5354463582139446,-1.591540276868825,0.5295340963818489,0.34212229476608513,1.650922729814121,-0.37651650703395073,-1.121238156311539,0.24822955778601152,2.479726183712236,-3.711310036364479,-11.986107742489645,-2.639528641601015
-0.11996085625781115,-0.958038202289506,0.35028253097231543,0.5281676851738525,0.897967129324842,-0.43453466657284007,-0.7021788641928804,-2.2969392865009213,-1.2897214484790807,-0.2718902925512491,0.8339269876308156,-0.6336439009976986,-0.5011283036621575,-1.1130715245964553,0.5076742511509555,0.5005988890674954,-1.3409792871025523,-0.6282135986098042,-0.9801734485037896,0.2012339910529154,0.3523041698033019,-1.636293365146424,-0.920701884953081,1.3253917443006231,-0.36413657003610106,4.24539673899236,-3.389759610932292,4.084361278461074
-0.46802031925355203,0.9718224882092702,1.1133936226150647,-1.055762086277474,0.40569606934675706,-0.44398713950007573,-0.22229376893512187,-1.198925264866361,1.0026134746635729,-0.07476262034654037,1.2437304391401658,-1.7125041912256957,-0.8616969323913776,-1.2338796148231719,-0.7617718321191511,-0.6105597862576438,0.3881443393650153,-0.6825913578953634,-1.3451704110511842,0.07510987435356163,-0.49961997097010014,1.1564786375731635,-0.7949539735437224,1.409457552825469,1.0866977789876147,-1.2930505102652528,-1.2621850265475358,3.5172451519450054
-1.3885737402126235,-1.3452453236784656,0.8862859681852823,-0.2249849891257772,1.603048595055208,-1.3127324794338746,0.8241612995776474,-0.5898860029651122,-0.2926557900102155,2.281548440018284,0.5098360349370532,0.3445480514109484,0.2273744030559052,-0.19205956982004518,0.029549941575203343,-2.027198151448101,0.18865605955499296,0.22845297598380257,1.808662459765601,0.2322419835902332,-0.23960380900735517,0.5882838651050665,1.147692378768387,-0.5384546566484328,-0.8308511879675188,-7.665557292778266,9.63131084715216,2.723533498173952
0.17137215483727194,-0.545722136620941,0.24459539340613884,-0.9293431645904858,0.23291613371947997,0.2657614002298434,-0.6876161536993239,-0.6733216832301738,-0.5701686371992363,-1.5582377754259416,-1.1720730827549954,0.9100836135962449,-0.33592861786731815,-0.4738250749703997,-1.7572420827627053,-0.5939152079890357,0.3198766302550506,1.2966388166811533,0.19838084529086922,-2.0906820156523196,1.2884401441376852,1.28032654885269,-0.5796538019145706,1.0582288228915553,0.41925544747956617,8.852291087624552,3.0470405144270294,2.4231200688782586
0.33479005258077754,-0.3385191251377165,-0.9693749423089822,-1.142647110335716,-0.21368374040161298,0.5856326514210017,-0.2209236416855323,-0.12100130914614224,1.312239930555632,1.2612456418656388,-0.728583587549898,-0.0501854760245958,-0.061541917474513326,1.1401342717195024,-0.4100377053585983,1.1593124238660344,1.3691004638487942,0.4986215545159981,-0.08418694732910936,-0.9474531945267355,0.42725797620491157,0.45676043811666805,0.9507134670772691,-0.464039906721504,-1.5032066126222727,3.2596311320985487,2.6369429002679676,5.073579224328621
-0.22991895287515046,0.7404085999997266,0.40056284503058953,0.08438155081569865,0.12010336787871434,1.1084779998828174,-0.32392822869439886,-1.3127456713918328,-0.87758063720223,0.6759454212039485,-2.550880976859164,0.028463321242484487,1.437427390093471,-0.37767588407741975,0.9898058054209425,0.5921659802281297,1.492045842511175,0.7645964349931939,0.4070102466340992,-0.3015464070981991,0.41536264251722765,0.24467517931861676,-0.11291691745264007,-0.5266682375339825,0.16399934264513746,-0.3807624806704714,-1.350914034097281,1.5143957125818062
-1.040638859588935,-0.3119552970633422,0.3275852503018164,1.0510888125408224,0.9101815941865835,-0.47337827371373775,0.7532845746831217,-1.0638246818143222,0.2691027705430465,0.6996182788529476,-0.1875860630638742,0.1841591573996588,-0.6256764969081122,-0.37327640494968106,-1.724009625560808,0.08185419074861024,1.3615491752796978,-0.3841446983478595,-0.7950239624708266,0.24794972083631628,-0.8269584400395208,1.7716380187250935,-0.24726708446901646,-0.07927373182062446,-0.4998936181083339,6.111505811775478,8.113147930506047,5.281094194047545
-0.25162423650793136,0.7111256596259056,0.3674234191744887,0.1369748970575226,0.5675715595035832,0.674244261283541,0.5436929125205242,0.12296169966974048,0.22558204273637,0.6510703940883309,-0.07427358470509088,-2.568336097223219,-0.2897345020600919,-0.6388713416966152,0.357989434550238,-0.5337322031291885,0.6748171394398694,0.6713374232601329,-0.4301303559646988,-1.9751890552281959,0.10934782858468217,-0.3651878204475955,-1.141560186182687,0.6498649274880617,-0.5079107702499553,-0.49961390460153476,-2.9020437619238617,3.10210062849321
-0.1712046746145665,-1.2073502776553358,-0.913929899671624,-0.988695756048105,-2.2377377913978265,-0.101650309164383,0.2835291245239933,-0.9914613860406652,-0.19378774287255465,-1.2332972008081036,1.1882535125691212,0.5906026973729237,-0.12705037730207885,0.06088279331352175,1.301953474910011,-0.8596490387587425,1.7888795443153462,1.4856383509346207,-0.3786246468867255,0.9505012216478146,-0.8478515201179905,0.7225939398302137,0.9482724001241042,-0.46148334548158393,0.3707708332020709,2.1611577890296396,-0.6221247121286154,-6.717255815607692
-0.08792518603323907,0.23665548093672684,-2.33348861693164,1.445942717659375,0.31281588491160095,-1.1894428315805883,-0.3419855088819601,-1.4382149567746025,0.46653087700357954,-0.07496235265510835,-1.8728233298025763,-0.23347985671973615,-0.6325629463025314,1.6675762062787138,0.3445413158742741,-0.35991883898178056,0.4155008454099743,-0.8253494474021057,1.3327071244362803,-0.37022909961623923,0.10887574952899881,-1.5127939422692096,-0.08817979962887057,0.31716397608265745,1.9456200848060636,6.0810188319464515,0.8200840758973788,6.197612757287798
-1.0090887263077866,-0.4684413183776784,0.37042520994103256,-0.5643130340160454,-0.4023055076064033,-1.1892018982973456,-0.18300031084676235,-0.5676377030232088,0.2527701120949989,0.5951443486366916,1.3188545084337877,-0.15369961279136088,-0.24922609366271195,0.040817853973392486,-2.1875470532571675,1.309144001185633,-0.13844443034284115,-0.027537234905587033,-0.009787015078314084,-0.005212692250977082,0.3506584716218044,0.49340607421135513,0.2921841316233742,0.18498293961050488,0.4496637931583161,5.237178456850161,0.4857543505754768,0.46820422265418293
0.7185694873860073,0.864018485260516,0.21506929085539375,-0.20600443503363036,0.9585507814712275,0.36580470102881124,0.6584149047198925,-0.3319277646703138,-0.47650018349875567,-1.66901335892967,3.1473047564528356,-0.025682350667630152,-0.5844043718609503,0.5938303041051715,-0.4889875056989623,1.297485981723628,0.5716130163311464,-0.22407287602268272,0.04484330037225289,-0.14585462627828985,1.2859235534956819,0.14936304940741085,1.0636203884429494,-0.9595112852441069,-0.2509814886013812,1.1978624602080614,-6.830566970117574,-3.5461962046434023
-1.8964725232758823,-1.0286098965513635,-0.47748294388612444,1.0685243490816576,-0.7109584929707891,-0.5616245797969068,-0.8607177016928147,-1.1822530163399523,-0.862184127510646,-0.5048060083410167,0.13187506641678448,0.2416095760401494,0.3402693596963027,-0.4463346914267414,-0.34929728067044424,-0.778022225765858,-1.0022416378324404,0.4036839746306322,0.09540706829387152,-0.15622720080162408,-0.7762585862197926,-0.8029816294762838,-0.7039594095817776,-0.34796648246518486,-0.6172431179839271,6.600258781799522,3.867279217198999,-3.744815545496701
0.43418166505289957,0.7212823327774438,2.0777566117123034,1.4269230146094087,0.3511394715896765,-0.2277891228732919,-0.6335732605427074,-0.8368923717216248,-0.22932392786261455,0.16957036205760148,-1.8672105550523563,1.173046816851127,-0.40121739367883075,-1.2639287822238907,-0.8281864108386635,1.2289453850879812,-0.5066483955501796,-1.5096948848006317,-0.5906774475716775,0.8117999622221539,-1.3728914707035793,0.16633547122488504,-0.3037971112892373,-0.11271171968818866,-1.896917185942404,3.8618593776868453,5.71430614210012,5.719350554399707
0.9922693732838773,0.9184878398049594,-0.1559108295937572,-0.8876361378516973,-0.2256710872841298,0.32260041114887456,0.7505147280618039,0.41078207763954505,1.1078684196837498,1.1234048107941021,-0.1651039079016931,-0.6649365413274856,-0.3521506294090264,0.3348075476403206,0.06808676479216426,-0.729850664917186,0.24477636828728416,-0.5828896822418946,-0.8724173123084167,-0.9861861473416348,0.9564332267271873,-1.5349962524237497,1.032807160084202,-0.60313003299804,0.2508204030125321,-3.6608826428101326,-6.8614152832652895,3.7862978786633077
1.482540521820184,0.06744927114314009,-0.017250228562640454,-0.28698699843997755,0.06134860810151418,-0.1000570140609371,-0.07319245042728756,0.17901331055189038,1.2681550177726018,-1.0469290442759185,-2.0023533066313446,-0.5622308202191199,0.2078859651601868,0.40807350478023424,0.013447268295882492,1.5422894891271886,-0.33297270477668595,-0.3112598627189924,-0.17501605167092465,0.4302100345053644,-0.5194690611895522,-1.1510763478318937,-0.9611783108038203,0.3743682096789804,-1.2411365189251895,2.546749642282245,-3.4976833671134964,2.63238442984073
-0.09327240804617552,0.828227371444966,1.1286697601879958,0.23145736669077607,0.6348803593435728,-0.9203799525005262,-0.11614251172268586,-1.806658713732211,0.12571049784835067,-1.915927433910123,-1.04144071346199,0.06173158159166185,-0.8073729549693561,2.1371511823309466,0.28179161843541584,0.5051120335119013,-0.17364955421928546,0.9325900019329527,-0.5019610072819083,0.6461664168206959,0.6601486552606058,-1.5827173683798983,0.5020307781151455,1.947712964331485,-0.41995470851752476,4.555937465697876,1.8437580231727406,4.006909502324569
-0.3508826337125166,-2.2013341830049282,0.7974973116722665,-1.5906568160933379,-0.7268311378367305,0.39341632092733925,-1.2589917340708587,0.7291164298299653,-0.605005909257176,0.1200736201168265,-0.6036641706090402,-0.39142422912345026,-0.9480306544357727,-1.263163468016159,-0.2983575671907488,-0.8712433234899162,-1.3547338276149417,1.2816093777874678,0.8226748987598312,1.3317916944200188,0.4796247349644554,-0.06681456840866966,0.11764933308149585,0.6694496590355248,0.925689774296124,-4.513748817534792,4.3979951243018665,-9.59053194601657
1.4978418823999926,0.6047099878170429,-1.016851631554595,1.9810420327432838,0.9137075351753642,0.07360471122096142,0.3737869323305089,1.0031299565263112,1.7865949599459647,-0.5431924049518704,-0.5632749974695661,0.6713345574538356,-0.10296977677637738,0.20963955247653682,-1.8901073532567145,-0.8026938474149178,-0.05882757868070539,1.2299102113588223,1.631055593088187,-0.3256689405493706,1.377336111282481,-0.60235434520727,-0.34229965548447794,-1.4583987202126554,-0.27121896784989147,2.789370886502806,5.622717057921845,2.0780620054013244
-2.6049610295388015,-1.4071733577871404,1.051010777272439,-0.723877749560975,-1.4304790654066106,0.5294595687281999,0.3474863967211151,-0.7114387083449765,0.014293781023533753,-1.3515028123398474,-0.6148576573348782,1.209676546597525,0.5833947144831577,0.4859827930090346,-0.32026436451402523,-0.7174246237738248,0.7677816424699457,0.1182482245025586,-2.1444237390610246,0.5831313810724619,-1.9241993720402724,-1.0462313264635699,0.42263508560699625,0.13569053036934162,-2.8109609686399395,6.188035091931382,1.4563680812650568,-8.291106066454976
1.0515074666037274,0.8349071563045828,-0.7332903038942997,-0.3533239683223617,-0.42152362236990226,-1.2607397929676616,0.850216494589697,-0.031435586050257536,1.0180576960509093,-0.6676262671249144,0.30160273826890294,3.1183131847837617,-0.022893202469015238,0.3740311871998099,-0.14058869502656834,-0.3317728219557677,-0.02815725384842286,-1.5371228087176416,-0.06722149288670878,1.5906242225160256,-0.14028376185168218,-0.09201583201413695,0.08744587998727855,-1.4715173173115794,-1.292674101942976,-0.8308978155193594,0.7781315814877081,5.995847828781211
-0.45593481903579225,0.7364120917713912,0.8462652167495123,-0.6365929027904356,-0.27663302875553863,1.956089985051528,-0.6439592746740377,-0.38623308919403937,-0.43057624428962665,0.16065845658261443,-1.0046960435510153,0.7686364556593578,1.685776895541272,0.513297176753543,0.06860010967143049,-0.9692185745455152,0.7863674926899621,0.1731266920004472,-1.470612366769237,-2.0136983605380046,-2.039482704620419,-0.9427020239540818,1.2534833451908085,-0.2510121352353393,1.6229769552514073,-0.2990676852597021,-7.1399071740981785,-7.831602000870274
0.966046164167727,0.700108463747385,0.37602080819867184,-1.9264323105877845,-0.1958773315093511,1.226366765763578,-1.0473396091518878,1.1954381237600848,0.15515295902195855,0.7830328305484472,0.29133760958770916,0.9339558792899103,1.0021207247222579,-0.0397647164013269,0.016795024410450693,-0.719389485635183,0.41360377060897996,0.3782957807064809,-0.0014741734766230564,-0.8423732326686133,-1.1904326424098666,-0.5231499897616511,-1.3283474559186796,0.7529288943784929,-0.5441195381490009,-5.8921868386246725,-3.862979179503523,0.5444986704687298
0.42054454980092615,1.3253197506083294,1.1400371029435898,-0.9410483482310347,0.025055817512973637,-0.425293520961442,-2.1940589187762276,1.893782935214364,-0.7380213731044697,-0.3636164257021948,1.1841877906674867,-0.10080385350484115,-0.1402266764098143,-0.5711201641376339,1.3091821455419244,0.337165847124615,0.5310848449036761,-0.6255911733976609,1.2688228795407688,0.9219568332650099,0.4051585827560179,0.9088092751745779,-0.2852333855949065,-1.2663506606892472,0.6826994190437605,-13.217030099023505,-2.5596758155315884,-4.891878305275482
1.225481341869274,-1.7336698970642728,0.8071541904064755,0.3808697184356528,1.3830532989808562,-0.5435840093050435,0.3131136788210151,1.4258908120616811,-2.205777335279634,-0.5647459237893768,-0.3483229404673199,-0.4185732977070509,1.3180158830593478,-0.6136689335324643,0.9093666345278715,-0.4339769880242817,-0.3304766563796503,0.032999739000689116,-0.20132709357102357,-0.43210152430111437,-0.5557440075872307,-2.1696205921870217,-0.003770861264357936,-0.6945847461457866,-0.10011889246672828,-7.351477366184533,-9.20980021764596,-6.878245208961113
0.5390062173498952,0.9345846678502426,-1.524097982217505,-1.393075540020421,0.2898694817306845,-0.03767282125446789,0.602935235383156,0.014290405216172818,-0.37777439283195297,0.24751383238069893,-0.41438631770315726,-0.5311532075794797,0.7964610470342564,-0.10777918861718272,-0.714005829966291,0.47233038172213426,1.618642861107877,0.10520403811669714,-0.586075292398924,-0.703093528089469,2.022994393460267,-1.1261215706762238,-0.5971802311958738,0.09828974010821893,-1.5523100882684278,-0.8984062484845059,-5.866473585618163,6.124660033482901
-0.6710567176358258,0.35339939658963593,-0.23417503105347917,-1.112768466770811,0.7458393555739609,-0.8946849556230453,0.7464952559753393,1.0974394335852244,-1.3692462990223984,0.582711836105944,0.6184627574301058,-0.29516644428784206,0.5813939701004242,0.6513444813953182,0.9360822065285691,-0.5327091346414304,0.03224562860395071,-0.7951352584645479,-0.8443569089470052,0.8780264536857086,-0.5140834105209788,0.5890412334554322,-0.011590857944016502,-2.097004318853147,0.2887730837373212,-11.182210493672454,-3.5520413124923116,-3.455090584000009
-1.6514935246924336,-1.7963051948629465,0.16668920795151593,-0.17329402413976988,0.2178234730877426,0.0582567395546159,-0.9038764089275152,-1.5440161552496416,-1.025067386445602,2.0392772808826183,0.08884956417074122,-0.5292299270749653,-0.006331280968587224,-0.9373600498479856,0.19992711455749151,-0.08817619682845039,0.11335798195146105,0.22840249683960462,1.4558338132083546,0.876559672991896,0.6200093490805857,1.002533353176969,0.3553106128035481,0.27964406146396736,0.9212877511017106,-1.0268008776610396,5.60147154622386,-0.6341438087668697
-1.3973617926483894,-0.10162423046238016,-0.22541948828377567,-1.2040630990757524,0.6332277373340512,0.9612147377323328,1.1581621648015523,-1.5076410032556629,-0.9949815558634079,-0.96041236291193,0.3059734614547588,-1.3172202522552783,0.5590137473126572,1.7647463924829707,-0.7919228208669609,-0.6527051560834455,-0.46201834624630167,0.9553246641112415,-0.822717515031378,0.9185844217492289,0.4166273470004521,0.11141056344760729,-0.6387379589397342,0.14056039399346054,-1.1815439263696668,2.1984058881952904,-1.376073589505209,-3.8057043382480344
0.6388874745666759,-0.7546787064048391,0.6251876439100227,0.26729959240991175,1.34132564813873,-1.3551356414263291,-0.8001326472860176,0.725157442918469,-0.4752166989617247,-0.28072577007794147,0.8554917470481611,0.10919754521457141,0.5012994779343559,0.23147883154901813,-0.607468737739194,0.8511601158689337,-0.07169032272035272,-0.8590980742930553,-1.8313932896753915,0.47099740622114133,0.93183678140595,-0.9465517474603826,-0.7638376204259629,-0.839806359186025,-0.05685598877935076,-2.0365032029967605,-6.834007222473989,2.938518522476114
0.45455284686959097,-0.5582179026466378,1.9854699557027788,-0.3021439231568287,1.4020779879606369,0.3546538304144546,0.5533297041447777,1.303154325687448,0.2391610348435434,-1.126669148047549,-1.7749196088210775,1.3775175104170334,2.0229907084222276,0.215197305070124,1.426395776970813,-0.1799200183652629,-1.365188487475807,-1.3339711332571849,0.25604841752481666,-0.47588883308337887,0.995992704741639,0.6026762134650397,-0.4164485335481234,2.3206428526877922,-1.8050766928941917,-4.278489100640972,-1.631422102677058,4.845365060184131
1.4365267306923515,-1.0620826715766252,0.1851358193089677,0.7801530992465113,0.19923395205480782,2.0466824752723007,-2.483220120034917,0.2868262647585756,-1.3442675381102416,0.5643784548950502,-0.7473556556864849,0.7282966569386585,0.34433510195995465,-0.09485585866344447,-0.16321254338109573,0.44711664612593605,-1.292617093677321,0.6489099838695483,-0.02006257967001576,1.4173878857713298,0.6720148543342364,-0.2258376690895207,0.0306812543061495,0.21680932079433604,-1.5416152780342554,-0.6989098201327438,6.108418605803794,-1.6245964504493626
-0.07171113487353815,0.013414192874382811,-0.43883203075494664,-0.18062643941383674,-1.6862250729339145,0.17959174480368575,-0.5275695362090765,-0.14684748489162186,0.046715891208442745,-0.33844537099257643,0.3954391816757931,1.1190063126403527,0.5720888314603643,-0.5902647180856984,-0.09741070075057867,1.3709973157340576,1.0722985906198226,1.67855799356521,0.05611385731566902,-0.24116050736887243,0.03082267572632747,-0.652373627626096,0.8110818289416685,-0.1017476723166884,0.015619617225193783,4.021914973228661,-0.46888769007807773,-5.1217710095950295
1.646206482194464,0.6969774765119137,1.4555523513660102,-0.28168913561832265,0.13766645980683717,1.6807056838865513,1.3689352743591015,-1.2540683372723682,0.20054105790503332,0.2337813350565613,-1.0928118973885552,1.7312452971108534,0.6821199933250935,-1.4627993814066724,-0.6197830906438357,0.2232711153885021,-1.4650784835400923,1.1773259206547046,-1.046406564500019,-1.5589319687575947,-0.04680943649308163,-0.8633819891056382,-1.027585354892212,-0.563376427985117,-0.8596386633519537,6.081501075387102,-5.0535659349649364,4.916194331187593
-0.5150741235537823,-1.2058719774574667,-0.7169933972210374,-0.6094051933316261,-0.11404280113151158,1.2387406744685112,0.6470444386116705,0.653741799744042,-2.0782941454227775,1.4954589989575118,1.2400973979138403,0.8146493315982455,0.5595246917290504,0.4622033416913444,-0.8128835945651484,0.16158971657982196,1.2985026562302737,0.27111405382071335,-1.0596099748002767,0.10187169157571284,-2.2730828445978304,0.5642688726551915,-0.897146462893249,-0.6929894452091929,0.6770749364159507,0.7040565845251509,-3.5997190812381343,-5.888704221181213
0.5330768303326532,-0.6462777324016316,-0.6797105286077976,0.8646120296724745,0.40997776428405036,0.21563131131866087,0.13117349613550458,-0.1345296277862902,2.3127000350669173,-0.156089940175834,0.5873751098673378,1.3304895349465278,-0.0849744499110456,-0.40717736959231166,-0.4275717817882376,-0.019092760836565786,-0.688142510158757,-1.9537222962098355,-1.2083572664816251,0.687488672224749,-0.3230417691612439,1.13906996963191,-0.6055788403108313,-0.48511944333734824,1.0886336918216413,4.196280406357185,-0.6909015061936792,4.424443018656193
-0.9034943412973792,1.3242361620096448,0.017863790198067463,0.3645795522427869,-0.8918821197072418,-1.3551421130377448,0.3979215211757057,0.8808487104688105,1.1295857135685496,1.5003984826849432,0.08579783687411145,-0.8172285292780435,1.7986945896739988,0.22366019542697727,0.2793078299066612,-0.6339920050187299,1.6655796258339555,0.5218241999377345,-0.20315415239882068,-0.024773630713752912,3.013482873579054,2.5541697913225505,0.21434493702132745,-1.0478394915542426,-0.34214659054984803,-5.558394733326839,2.0980744023717635,9.550561514702071
0.2722823107766881,-0.7168896714386113,-0.4196004021166266,-0.589835961069644,0.486505040998416,0.6693479469828574,1.8274671919487049,1.0137139877322559,0.9231569436857017,-1.6260439095600179,-0.40571419322868646,-0.5319310860022779,-0.7363769280806913,0.7357413101883122,-0.7218043671513683,-0.3100969224057708,-0.6712450354314666,-0.6109963186602932,-0.29489024131107283,3.128432222253927,0.6810080498186546,0.8203219567067344,0.17712255030822852,1.836096633575074,-0.43535337377922967,-2.513035429677538,3.6271519564031425,-4.814487091867806
2.1132094844030407,1.6945129329190811,1.87114827604009,0.32059880763554643,-0.18113365623513009,-1.184292521678829,-1.7588114432502246,1.5991571119979873,0.695645625449771,2.947384065671283,-0.3129363252823247,-0.19993379113904758,-0.06676180832073413,-2.0345248932310094,-0.3290200777750979,-0.7268452739436843,-0.3555218709387234,0.6334253598413381,-1.3222393665408845,-0.8938677810449828,0.9198886718160153,-1.8295611176463618,1.1982830413254266,-0.45668171526530416,0.19174973778088747,-12.027293442193395,1.1521994732334258,7.9684483603718546
-0.634214303071608,-0.4298586706609573,0.12660915727741145,1.3534912102193697,-0.1499149937432549,-0.7199605370390801,0.10757994142995612,-0.1458278767736915,0.1107473340859357,0.3223010569135965,-1.4552602990529442,0.15659299383482223,-0.5052540398140185,-1.1124507194058757,-1.6770027247421113,-1.1494311484474409,0.13759772428641828,-0.8450505215289164,0.35837370463996915,2.248974789321131,-1.6162045352929753,0.05409645299136934,1.059682684204831,1.0959807806962591,-0.18899416024631638,-0.5796854387567885,12.21039720057216,-2.9571021667266466
-0.6424505141535074,0.5557195900962588,-0.34054807686355126,0.6524586135608661,0.22215556013171717,0.24030981080822814,0.1414071288177676,-0.32164848404164603,-0.8844399513493114,0.8407428623087528,-0.8027119976475089,-0.5427062046080436,-1.308008436050855,-1.4517656643570853,0.103226086917215,1.0328037400418124,1.231334546984364,0.3299765968581513,0.2646911433851814,1.4312966394670152,1.3269058690823539,-1.0172474621402965,-1.5161640833803691,0.5033368678001446,-0.42093476431873994,-0.35012277511447476,2.524388211348757,2.7219922530489797
-0.909855445776092,0.8772054286918756,0.7013406808332321,-2.1185684120096884,0.3941239849314736,0.712069111592674,-0.4431321862945753,0.23868136437712673,-0.6994184377125775,-0.5681005237982023,0.3485020542604404,0.018849566996810098,-1.6828950057455208,-0.20196922253922972,1.4449890700051269,1.3758800398142452,-0.8611109379379694,-0.3508918130188002,1.4875044751387267,-0.4609651548738788,-0.5335150174380706,0.04041104213898339,-0.9247717379197964,-0.20328890264613061,0.7026113048534685,-3.9039655609226784,-3.148376406532557,-6.031445672882392
-1.6212852849092037,-1.7802716963681515,-2.415390438965601,-0.4720007568527802,-0.9901985255791151,1.5527102965119017,-2.2768735021847903,-0.813133571699316,0.1684915647021261,-1.436006501406446,1.3653398668947816,1.284246957988693,0.05506050336106527,0.8949584427269179,-1.2153813463251983,0.6390659928804205,0.2486299155901607,0.8596748155637485,0.7578585329060286,-0.2368437139845299,0.4847594964606157,0.34204606924402414,-0.531912672543861,-1.2486993497463028,-2.16304809073476,12.27630227048434,5.130577134232638,-6.988268950763753
0.36742655006702934,0.9327787174452654,-0.1447767300047882,-0.030078965308689285,-0.7581244425808608,-0.1933959923397182,-0.471741013661322,-0.45001085625495746,0.3780092267751705,2.5240586496061996,-0.19576569281595696,1.2525595817743624,-0.3704561097713319,2.809578100942094,-0.5998931842031968,0.370425816631407,-0.7550384192193481,1.370540419718363,-0.9922613310783398,0.24565294157649675,-0.8908820207866208,1.5035891174313343,-0.7429605326989827,-2.333471829028152,0.14445010397819338,3.3267739100945684,6.183001711193803,9.637893947490609
0.8175093459206677,-1.031845969469383,1.5324185341645646,0.3570544583791403,0.43041913395937,-1.4796033221490528,-0.06750188072368556,-0.0720879998388147,0.3816250519664495,1.7693206320566428,-1.3313180010273797,0.3963321645162026,-1.5589884929222086,0.263326742290453,-1.264066386618317,-0.706095419699287,-1.0505918698137158,-0.9584361501881451,-0.9176522392781057,0.26074736337247606,-0.1533262696457387,-0.35460582232377047,-1.064611720679389,0.2268683299624148,-1.161201343076692,2.6931904501194657,4.93260443182748,14.055076783035322
-0.2576367003495325,0.7070920695395029,-0.25873488522297083,0.6738854537821763,0.17234780662852014,1.5813802981843774,-1.3026827578583948,-0.013329985788311608,0.004515071310974051,-0.09567877728417713,3.0063414914259847,0.46244356111480955,0.002699614574322109,0.6463225702771899,-1.6759200285198024,-1.825742149455859,-1.0112746970252107,0.40556195303786746,0.40114892453758405,-0.46500861467278937,-0.8727901580379172,0.19580315001788204,1.1301917880565642,-0.2831071779919242,-0.022385139993317815,-0.014306316317688889,5.044850677113186,-7.2672726654672966
-1.2014227398002115,0.44408691033235315,-0.10477340577736258,1.5325014813097124,-1.6322072794915623,-0.24432512776689627,-0.46013647954185805,-0.034411817655211153,-0.08676743288757154,-0.32088493755752834,-1.2651556267029693,1.9793256186464299,0.5648361359626832,0.2351974021186942,0.45505354623850575,-0.590263471354066,1.5588742027250375,-0.04456391987583764,1.4316454371138347,-0.051620910536618075,-1.1309843027476254,2.02255146745448,-0.48778833071090383,1.0268544333156688,0.6553238061822989,5.886495616534759,8.15432310766969,2.1171250117546756
-1.6386404354548236,0.48147890589572123,-0.4753517678271865,0.7929602679675067,-0.9917588968834558,0.2549999726228188,1.7240262358898828,-0.7170354559288559,-0.24716169877555091,-0.002967852673370906,1.0481987472998309,-0.8497542397016632,0.29349968587141423,-0.37705161207370175,0.21771830476564827,1.7971063855851568,1.091048354922934,-0.7154273918175555,-0.8118174805483883,0.5768268586936974,0.3181662416368282,-0.07736412480542038,0.7737564925460276,0.06205937015810027,0.40735859210699255,4.277141076475493,-5.823362378187715,-4.220964386389322
-0.22193025935891242,0.8762839204408179,-1.172138238218441,-0.483103900562378,-0.07565255072275844,0.8206269121377504,1.6329520006454303,1.4501097604872768,-1.640534587902732,0.7256063702220135,-1.7463115184806695,-0.5838841994268972,-1.855858284486968,-0.32754430225684344,-0.5228657518980205,-0.4490769707477729,0.007440561160860128,0.04461510750599822,1.5536247071500184,-0.20385848951061786,-1.348163615584711,-0.708076751443291,0.24691479118767282,-1.625787526063165,0.5596054399617945,-4.089812428185822,2.977812897474622,-8.70411835684949
1.4655136886159899,-1.6382362597814735,-1.0314606184243489,-1.2857139114614895,-0.7169838294768874,1.3225709370614487,1.3011813165959338,-1.6052791907917379,0.519605106588049,0.12086501674024003,0.38704765272937375,-0.9529388722131585,-1.0069468309478418,-0.1713391629919451,-0.9072296223206202,0.9830481807735711,0.26667750684956004,0.020585124011146382,0.8375516510256866,0.49854854717082825,-1.0321622488317799,-0.6242771316107499,-1.6910643666707215,-0.5042095711932054,1.2760729866578304,9.1271709421611,-10.847859900618154,-1.2520985272949996
0.49924674674084174,-0.12140632772988216,-1.381481309170352,-0.6772991018813526,-0.249535265338914,0.26390283915340385,1.4184174529568419,1.0647148676607932,0.12090867079096275,-0.33658810578886567,0.5515452806635002,0.33320388781350324,-0.3750605391185521,1.1490752995621365,-0.7119173814072034,0.5119580660415046,-0.3768460324162223,-0.04753190759348564,1.5360174761635437,1.134332860877347,1.5308466230173872,-0.7931512453195618,0.047770823967435906,0.5697301553787755,0.4745413834383752,-0.3218566845477843,-3.111952455200857,-2.614487878903616
0.6875629438744884,0.3722260028076631,-0.07768701478385824,0.8528636890689208,0.19510144728471515,-1.475387578960332,0.7555123248992721,-1.429930773488313,-0.7279541554364637,0.20483030073895392,-1.630512584952543,0.8497096153850016,-0.3194279239404668,1.0534904778266638,0.21046236079634245,0.11594486351326028,-0.4689538423587273,-0.22400356788100334,0.15799589550629173,-0.9131823454679056,0.9537943607651895,-1.034138581262835,0.38225758033562945,-0.21676867774867312,1.0472242343080878,5.729648306270578,-1.974816929589704,9.65870977047091
0.02412977652939428,0.39580271083481783,0.3004772817837427,0.783931925397977,-0.1996403270510504,-0.2339179267629896,0.9693209657257214,-1.0004547760596578,-0.42254287281875075,-0.4460250652201657,-0.3179405978969523,-0.4414413007157075,-0.16962247935117525,0.530809808553336,-0.2048544153127202,-1.4321195143459176,-0.9787165249311383,-0.15057423470031867,0.4604107935682029,-1.242441350470888,-0.3766936846583287,0.22838586773458308,0.19034600507059785,0.2277259792614287,2.0445236442095758,4.326403774698971,-2.418129081298642,0.890925710961696
-1.5464241428073013,-0.32642933271399227,0.9240353433033338,-2.1714545995865318,0.6344351172480254,2.001792077161018,-0.005408917653355431,0.1447404420638816,-1.0780216167162768,1.6004671298839388,1.9554689123709155,-0.019111059340639676,-0.8859676848290929,-0.6608359454968589,1.7591870238848408,-0.46747906411716794,2.028550782107026,-0.04702328193504364,-0.8910018067500362,0.2856350286255079,-0.26012964397317495,0.9669855100920194,1.1374856700778586,-1.990049283920617,1.0939558051288303,-11.202373388988802,-4.091615981126543,-9.274313833890732
-0.9110059452976045,-0.9925705179411907,-0.5444823898345174,0.7940036658455808,0.28999693805865984,-0.41700970938012233,-2.238335051859902,1.6481345450038165,0.3942545014897889,1.1403092180089307,0.21852413990153233,-0.5952933283750534,-0.17120976980433122,0.11078680717099676,-0.6305914372802329,-1.3359630414227008,0.2992191221513745,2.3383474605603407,-0.24317679736443196,0.3981040848393514,0.9001842418640701,-1.138233233900226,-0.1603067696233539,1.0895799792696241,-0.5881564459103417,-5.152092923418732,11.572207843982351,-1.821198322915276
-0.7268481529867636,0.5023004930830253,-0.5030816915875591,1.4478184452092122,2.189178258833079,0.3685915230205598,-1.622534577503902,-0.2881266507893623,0.39211786414730915,-0.5491167119021946,2.18433467329447,0.8981457959378645,-1.0779645045512898,-0.9845201525138726,1.1806523907211703,1.0780347239573358,-0.7280419120346158,-0.9055002213070968,-0.2033402535301742,2.9060647619999114,-0.0250157615674403,1.7160098261413552,1.9402977259429517,-0.3032004581004126,-0.8905285214373218,-8.062254305462977,15.196715597608009,-5.296191763401584
-1.0256893622305479,0.6323953776232535,-0.3838353810684803,-1.035177310001824,0.29083994635104365,-0.9270060558960593,0.21467042095529248,0.7799722739216263,-1.3101380773031144,-1.449406826590098,-2.0952088634214148,-0.023045720645431422,-1.6017334809645751,0.8745316179415031,1.31736264540962,-1.4063216967126195,-0.721621284543955,-1.1170619943413513,-1.2873026209472334,0.5939839171547944,-0.23770227015403148,-0.2541196661497243,0.5776749836408754,-0.8236829025464752,-0.6438890161763668,-6.418524891155066,4.016184560261977,-3.0379921770661342
0.7628888691063594,-0.6425642667514277,-0.8910619697696677,1.743674244592402,-0.30358273977131295,1.035973325106998,0.41330241805486834,0.1649021139447974,0.5004321312133263,0.11436692981750697,1.219779020551508,-0.15123862226804208,-1.3448354753992502,0.7522330327655438,0.08325177521915733,1.415112378084417,0.8152262296681904,0.8867663065518008,0.6727172754210996,-0.957648430519068,0.36335342075204585,1.2102226309499935,0.39885351953512066,-0.20773776582359332,0.7296000338511318,9.262086466256257,2.0491484280841425,1.179670412972426
1.681558516937179,0.0786000864755857,0.38978373989221066,-0.3322201551333719,-0.15594551251684835,0.15151968644358513,-1.2379216560995558,-1.69026312439773,0.277189507554609,0.1259957852569783,-0.8876755738998133,-0.0992806574651233,0.3294974970915184,-0.34044922657958393,-0.2571757689115868,-0.6475935239674288,-0.36633337017172196,0.3288750564780484,-0.4637335457004044,-1.764554244157438,0.9776387325404385,0.9797277320984852,-1.4435767428722108,-0.7011917171930583,0.1875978440140888,6.340480231603922,-3.580105525087827,11.74860594705693
0.5778383067353441,-0.5922282589575928,0.5756492661759172,-1.0368458507522718,-0.5572675158847612,-0.07302594302952173,-0.5897633683194154,1.2097337660544565,-1.1596178473776169,-1.7498780197855646,-1.4094477310450069,0.9078166532157247,-0.6599193632611354,1.4694229404352153,-0.11685208505749128,0.9289546838744114,-1.0214808913718876,-1.4535258093810985,0.47140963143314385,0.6264768647236125,0.6906554443762712,1.3363755956656174,0.7327728579542158,1.1304122148258193,-0.24952752343274426,1.8631397711789595,0.5893240180013951,-1.4192855639259643
0.4721790018418185,-0.08705943568874502,-0.12322122946273392,-0.5889880938708196,1.1762325901789799,-1.0543020173694007,-1.2918331634302973,-1.406881278466446,-0.6702322077727194,1.0816972374283285,0.8629895071671163,1.453088270119599,-1.1563253058271568,-0.8761335677371219,0.6494141782426107,1.2374789024664776,0.06349486068940464,-1.0474067444818511,-1.6440283890563494,-0.14475975681352096,-1.4896482421792079,0.5041089150936265,-0.6419231178859717,0.1530677667265103,2.6177592702076242,0.18528517545394013,-1.4654228207582896,6.584027746013815
1.985039273510527,0.9863068201930676,0.6163591885413959,-0.6638622934913965,-1.5397665455543554,0.8348651900129404,-0.6111531686401314,0.5956442126241586,-0.8291848016533523,0.13222879707956772,0.1005593977190275,-1.077412042686419,2.1908167917232455,-0.4372453941549089,-0.14202107936257538,0.7531052341469947,0.45366956961773147,0.7467950974851004,-0.767139301245315,-0.6685441330657175,0.19373260358223374,-0.788095559458311,-0.18252952176718276,0.93869230492563,-0.4167166002388159,-2.0721136200487917,-11.033023485838306,-0.34536423825413376
-0.9626917004991558,0.18877943986319773,1.2979231168460401,-0.7482175041191835,1.0085117762482871,-2.247123696939296,0.9127673147828682,0.18970069236844608,-1.6460706743324158,0.9006499204945126,-0.7878921203783017,-0.1659337628898285,-0.8571787377878579,-0.9585493777037936,-1.3161537102715042,1.9528007559192508,1.4885148950039648,1.5858844371937688,-0.9198376378333473,1.8010414829658026,1.0098670626788948,1.764238080035765,0.21634788367228686,0.7582291502729092,1.5467268369498075,-4.337425906604984,7.078385826748912,1.0279688291246394
0.9193613329685878,-0.2980953402510568,-0.5330963489220689,0.4766403937733127,0.3401766861304031,-0.31872928135198186,-1.8962818386905185,-0.34777909219197717,-0.8130387167049044,0.465646688823843,0.2842801011240507,-0.7850517114701386,-1.5345086700939505,-0.09445956090684816,1.6335029358049111,-0.23588117694290797,-0.4912705481617025,0.09092449285053056,-0.4040960753303046,1.2357121810202605,-0.4863618873887834,-0.08460832973379014,0.454996996245182,1.808838636734508,-0.6276814684909268,-4.461972362434039,8.999303548258082,3.9549098248433596
-0.7115125608677088,0.3271707079711745,0.614426071651042,0.32343582854185576,0.3839834990345271,-0.6970489398646124,0.07206008856736519,-0.23614054618059246,-0.24779623338109547,0.20086961157240577,1.1344120753028473,-0.3687373988992519,-1.2945674252883639,0.4300373388274371,-0.6592103446885232,-2.1972083282306065,-0.42465085795023,-1.2063542620383778,-1.199465072813322,0.9324097932064471,0.3566990515679781,-0.39862975646298815,-0.5239695007418055,-1.472685753634781,0.21615456635841507,-2.981449296732185,-0.9337545724925322,2.069341076777934
-0.39872446644685267,0.5934474119546304,-0.6228110797406475,0.4610542345540911,-1.68595711079039,-0.13828092879980375,-0.3537541574551603,0.1575225444577988,-1.7122600197494282,-0.8180293186165541,0.6691938405956306,-1.6945923996022825,0.3271516685025663,1.8212224916686939,0.8169932492248434,-0.8030096675553915,0.2540983474303249,-0.2102623518583186,0.7935781616871339,-0.8824018799425862,-1.2769018815298625,0.26630694954614126,0.805539356565393,0.6838813479539845,-1.1064062632690697,1.7439377935993212,-0.4637982549796881,-3.3042841798652804
-1.1752557064910256,-0.6372704752780509,0.5584279565753242,-1.107112697968498,-0.20794749492222625,-0.20495902332080473,-0.630978042708998,-1.0148838965579485,-0.3529985257021705,0.7727952909095009,-0.10448144495591376,-0.06505710886213299,-0.3969050429172827,0.2514042847917049,0.7678443592217846,0.7354199849409532,-0.9803823180230119,-0.8182179902759432,-0.7365781530830969,-1.9300506554507983,-0.8445249368628872,-0.49497171248827726,0.07652670933968905,0.37846172486754265,-1.38012294713869,4.3655856087883205,-1.2762830750216403,3.980813421803555
-0.6878693440578941,0.8336110303507405,0.11481850366359385,-0.6150916930280645,1.2470193033043064,0.619701330947044,-0.15844539240125524,0.8840008497176225,-0.5381206326341641,-0.45205202507819037,-0.021528293273059194,0.32773202002242613,0.9773344596799087,-0.5777213955989979,-0.5178922100985976,0.6739952037787101,0.37593918635255447,-1.3393472050608168,-0.77738142780122,-0.5367812927084159,0.2691498298515941,-0.5108822178713399,0.39349197865321084,0.44641162566074216,0.6171896952119461,-4.2491830905694306,-5.320392416032539,-5.062971992749554
1.25215490929048,0.5160449408026855,0.36686636348489626,0.16979916894291722,-0.6102465251597982,-0.1257411924038116,0.17480396417874608,0.3867848466125973,2.3963963934473718,-0.05225936445564097,-0.81225011167105,-2.057245748554195,0.9688280492040454,-1.9557181215539101,-1.508850860963874,0.23307463334151904,-1.4459811860023557,1.077704622683574,2.213697716154903,-0.12020003713133158,-2.134874582754814,1.5621029237580524,1.3048567351741465,-0.32729393008634655,1.2599793977199496,-2.551424464542462,5.618805020556918,-8.722844001992643
-0.3667421862904161,1.9685109933795764,-1.482028417818172,0.2560077647511745,1.640928661266078,-0.21446589187638274,1.815722291449194,-1.0471668321541305,-0.2997537112749615,-3.6541420148953248,-0.8043695068256034,-1.6191711947318883,-0.33407825131515584,0.8727171064201229,0.047527235772024855,0.07773801460804917,1.0442114044757287,-0.21910483265665232,0.29802043745348694,0.8087244898088928,-0.28261101038330055,0.3527461956351812,-0.07666591928820696,-1.4822194253769378,-0.8289366226597734,0.4090410893444473,-0.58377120888178,-6.3076706974903765
-1.238884835969346,0.05783423259459527,0.9424531809137605,0.8878425077403902,-2.4832766092072807,-1.9292073472653146,-1.3231736080707597,-0.5671372693100202,-0.036363094485536866,-0.18696962988591412,-0.4759619028485187,-0.21310492144747853,1.8364514908777678,1.7245733976451623,0.7509825091221307,-1.2397262237227478,-2.398341863928157,-0.05377897895245179,0.739765671867863,-0.07427061683704606,0.19152323929801437,-1.0218851469788761,-1.3269054161282474,-1.1237906942834364,1.5790596088310391,3.0194069308476825,-7.237765185678646,0.9640523033361176
0.09698769534635382,0.3029363132206733,-0.6319309021219517,-0.24891568772871803,-1.1701539774218839,1.125564300603388,-1.108546065592227,1.2130273942585765,-0.4767800055919864,-0.30155982295732786,-0.8904396189165058,1.4558028360991992,-0.5547852783770588,0.9061258262179721,0.07818841770878164,0.25828267791853743,-2.2330870305441297,-1.5650595042116773,-1.5287498427554027,-0.9489740428640557,-0.11569560888807244,-0.7185108951353704,1.6830405212205026,1.6278486928270712,-0.4505097262055845,2.9906858261745253,1.8799434096471876,-1.1994089440694893
0.8856467519951363,0.1084151474833776,-0.01783192822073662,-0.2313016605784047,-1.6765230867981733,0.31172566380109956,-0.36186161002720424,0.013451075283695284,0.8331792115943724,1.4570170104116937,0.4443813032615009,1.7055895204213496,-1.2348455663788271,-1.466082554834573,-0.2937649165768025,-1.7527006491903518,0.5115687817886383,-2.4516914936515404,0.6154608062449084,1.407173386206773,1.1931483190118917,-0.49894025077841053,-0.07486032081412729,-0.9154452300133595,0.3412706994241843,-2.1726333474079977,-2.4750811442752063,6.3970237073531875
1.335241149985628,0.009774068102140746,-0.4528029069017719,0.3304556581427541,-1.7685383696583525,1.1951534916705187,-1.0821208502475075,-0.31933236178578045,0.9505848693629844,1.4134711607464814,-1.963789036833938,0.17037251921482682,0.3285039156934552,-1.1677303652647835,0.4806862732262615,0.6775952880607751,1.1754877847280247,-1.2882565458860586,-1.5724674055392651,0.6383506985147769,-0.14766940699386288,0.6436525689412783,0.09243204571181977,-1.2532424969687734,-0.5687396197841613,2.0152307630024446,-1.7511385848070304,6.053568921917779
-0.35802261307701216,-0.6354427419316677,-0.7308294954890427,-0.7515201405820882,-1.020277376483709,0.742033919534108,-1.4004358728555042,-2.8316642214708523,-0.06821788274181442,0.17762245187761863,-1.8896993431126607,1.3275531860831384,0.2233522853695183,-1.0689460344056831,-0.38017187116031226,0.9567179140855618,-0.8194803843171079,0.2401352325594774,0.12908159375309014,0.9850633813376487,1.236867999247215,-0.9780205396523605,0.2818149768197147,-2.1630572412780653,-1.1563440504888103,6.882908790369018,1.576895619070313,0.3246846452845724
-1.4477056936963864,-2.5638629775075863,0.3232113459569121,2.2575983408285047,-0.892380447940737,0.20397227364770376,-0.5413361009475648,0.6855184654064806,-1.0296507776138435,1.1949985864490886,0.6858574531572375,-0.1988359079394854,-0.0006045203411599163,0.11956677311755548,0.6515405887374518,-0.5479649822442785,0.7754429950828432,-0.16081829057521382,-0.927646457957845,1.4082405743307713,0.27939837607238277,0.3212965460966161,-1.0946895298709405,-0.8249477670641464,0.7630547006447604,2.4323277787308024,-0.49641216621559514,-2.3371179800326622
-1.3077092021871886,0.46146256062038704,0.12975251874988347,-1.5286110389131156,-1.3547585640498196,0.9319365971780413,-0.1698077216818385,-0.11207703008470654,1.1537192395842855,1.212431943715235,-0.5584391853814442,-0.0012701543460072867,1.1736170589904924,0.7385549242227418,0.8267636412432029,1.2134293073402522,-0.33512558395024683,-0.8565112133190907,-1.5249229398154556,-1.3408087078919744,1.1770383940034066,0.8563167916315183,0.7074903653933079,1.103621494982888,-0.3243330779215636,2.2359375499874607,-4.50507838336358,4.742838376131849
-0.9190661806982579,-0.674707748306394,0.5148426526755615,-0.07437882272591836,0.13194200155519456,-0.36293286993487195,1.5443103491404764,0.35108155113901474,1.470492852178595,0.29666481902312575,-0.5159238667028462,1.2622375097333927,-0.9507044786404822,-0.23221489639651172,-1.1779284604373839,1.2802021587787615,1.144960482479151,-0.7239228662220706,0.9659098094054225,0.3191299852564513,3.0530295156010485,-1.2898888821316763,0.4678807111479127,-0.5412374684602533,-0.4499468884426162,4.472460609013943,-2.6362649990570786,2.8572221407863205
0.9193440379335709,-0.4636776520144105,2.3706755157605075,-1.2645697456904577,0.14607790402782844,2.5035996700637817,-0.3301126926405049,-0.40401190488595456,-1.1120508058980776,0.6096597008590916,0.82862835661993,1.3331974853280797,-0.20129020404672934,-1.6514660882010817,0.8426291172832523,0.7551581509078774,0.32955978498213795,-0.8151864410252285,1.722067357614843,0.5694116925377392,-0.03512670959853996,0.7226019416815574,-0.943334049231242,0.09752383059783801,0.8495049146432434,-3.0709521067638574,-8.32095215030963,-3.084045377131472
-0.6851274235288581,1.2639295661766765,-0.6818983505118631,1.7155187882597867,-0.5941854298150535,-0.04627471263946933,-0.5923266446505475,-0.327056080170933,1.3218409316335251,1.7149790360132051,1.2640548715193178,0.26074753317732785,-0.9339470398952403,-0.4371580439128715,-1.0694981301380642,-0.22318845746550073,-0.2124840574650625,1.7517149799542235,1.7306173612783,0.3067149179845661,-2.0615515088057847,-0.5091820882334553,1.0237264559527242,0.5671625532194633,0.5678650964269119,0.45839534213039645,14.416029924570172,-3.255204447094519
-0.8946642381145056,0.5527167648020224,-1.4817783843044876,0.21157173937859647,-0.6745652745038103,2.185638610958228,-0.9853199082746396,-0.9448269601609228,0.07564460678999792,1.7707033423195189,-1.1344196368875643,-1.8922798321160972,-0.4455351235849809,0.9635316197192146,-0.16509290860879988,0.9030874581227905,-1.2718975235283287,0.173058359974097,0.5934116239358959,0.7923246358885806,-0.9141566666912371,-3.1194361453710586,0.6474501356316213,0.14495002370409876,0.4807301742461583,1.0816858937834477,-0.34207668114019657,-8.178443572021227
-2.068328939079009,-0.8840123575781078,0.9743438431123885,-0.6724746020036526,-0.2257082381788282,-0.0058860715574405005,-0.42972817231861465,0.13121551797795414,-1.2539829309591084,-0.6048863616075368,0.7067305092161338,-1.1029198787665335,0.9249723558444805,-0.05328131157530677,-1.454036371721644,0.875784326022448,-0.33652325409620365,0.7522421026047071,-0.10041179433576013,0.4609635780145215,-0.7005072983383572,-0.9353360848574327,-1.270617323256927,-0.1667900478149247,0.23495386874108595,1.5535235776129186,-5.42118724454645,-11.823818243440119
0.43430817193245924,0.07133964442049101,-0.0991827983815953,0.0969832418257914,0.10562098293689656,-0.5822660198159509,1.3483957182573083,0.9708584302502251,-1.0826639161827971,-0.11371486844210002,1.1029064271256614,0.6468685365219203,-0.33158765262388284,-1.5025801415726794,-0.16740628957350517,-0.7294418369745571,-1.0437661218325984,-1.1247834075489211,-0.7703678526534045,1.5789058438760764,-0.34038860408396693,-0.7019351110689118,1.2118924152141823,1.4081233512290952,0.07126565501943635,-7.005281916277059,1.4689776513752117,-3.9683687072565808
-0.7201937573975231,-0.4910281316540106,0.9917468871567734,0.010675880761418231,-0.7537580782959666,0.9132800071093286,2.2315567766327855,1.4109284118758059,-2.222510827562647,-0.22498142581656133,0.11520977353073028,-0.1183326905093419,-0.6733189861733262,0.28938471163712354,0.7113628654244346,0.6421509419477709,-0.7922344325775714,0.0208655344014636,1.3009708416371666,-0.842792238933524,0.826082240028685,0.41968227621592136,1.308566448912161,-0.8560563968912581,-0.1665855213221413,0.2005851821210681,-3.625777867411063,-8.74589258560878
1.533633798744463,0.9435610798613183,1.0972526556464186,-0.3541300759418587,-0.07201385684562708,1.3011973622097,-1.6331177096767715,-3.5687309941687864,0.768274197376862,0.5225630105678232,-0.08135181246898658,-0.7411177126413899,0.07310109246949688,-0.903729171358484,0.5018671582299347,-1.3863727039193279,-1.864772633410812,-1.2652509157619147,-0.9303170443213287,0.5145178834610569,0.4856327786626438,1.7867584370867846,-4.056200864259599e-05,0.41367530471647823,1.0398541358061528,1.3999095339013936,-1.0243049310364019,10.204123505569797
-0.7579547792753464,0.34908716311771576,-1.7485138302336005,-0.8997109627228076,-1.8568532684560235,-1.5213834464086937,0.9765728545240216,0.6578193841952207,-0.18078368159933964,-0.3246056855480412,-0.8152940641641292,-0.2892409882669928,1.2705784434858507,-0.4265779886838233,-0.05377266163135746,0.03562084430010665,-0.5333991899351371,0.9692197964904465,-0.7643391797809483,0.5416067441299237,1.4188458612290114,-0.03543976241758014,1.8653528308675866,-0.7800530791499037,1.5435049436456156,-3.7124284618073733,-1.0205864259993285,-6.694437275255803
0.4895725797882218,-1.3366877975773515,-0.5253221525974073,1.6514263637024986,0.2629059054476763,2.6778837316798536,-0.050974016121241396,0.24575695971170033,-1.0528442181313822,2.1474556790338433,0.6029689703781714,-0.22388324814400673,1.0477665539666798,0.8882212216322046,-1.3178474429690954,-1.579648039042789,0.8178229320626894,-0.29086654080264834,0.5492773123673265,0.5506927426877853,-0.26451628516845904,0.6832712394068042,1.8846467508423748,-0.25660848630242294,1.2584517588944915,-0.5226455783255711,1.5972940758495449,-5.595266579259772
-1.2286870928254867,-2.3603739991236004,0.2915344449413346,-1.5262878149168049,-0.4719182064783955,0.018861352478465397,-0.144786321344016,0.5682098658698463,-1.2965495751216431,-0.49681199800847187,-0.1725870080146945,-0.09950604452112136,-1.4050995518729452,-0.21361137241571082,-0.22324394763350905,-0.8614474071701759,0.6638364513153565,-0.6875371760257267,-0.7451347672302313,-0.33992195006050124,-0.6664372611651115,-0.6411791136393521,0.6768878101807507,1.8016449178916154,-1.0907074046563072,1.5307053980054286,1.4782586555693322,-5.036033587845233
0.7768995062148287,0.4122836361841894,-2.108402261179037,-0.4639988447864119,-0.8211825829793871,0.6206010427398947,0.5981388040709942,0.512565801405488,-0.5321052884504835,0.40577490545461414,-0.3700817945046925,1.384967342396823,1.0200832479014839,1.1463842492524698,-0.3537028543406095,-0.14275020139314126,-0.6386783050912799,1.1518493758308195,0.7406261001545528,0.24849520877683134,-0.5740363005184668,-0.67953079707301,0.2772585950282942,0.3657786895332002,-0.41424697526168486,0.09968074064292971,2.630274499604435,-1.683730154269862
1.2232498314569,0.7891034498967415,0.19872385380319407,0.29417012597772796,0.0917270428245445,0.6257575975962372,-0.033631550969927336,-1.1906508102584357,1.088984945166847,-0.5104127720412199,0.06602058467522193,-0.9719561830353444,-0.4836656495199565,1.6825703872452622,-0.5806847897545925,-0.7945185698426593,-0.12645528272917692,-1.4021506076607795,2.3436811913944187,-1.7239656342842875,-0.40268025654753686,2.0600785160431077,-1.3326863245587375,0.8823605527021051,-1.4297550020497845,9.042738127687805,0.6681229997974173,12.560741641749651
0.915839278623056,0.7145159888692297,1.1019677440175286,0.5194591819300843,-0.07926240723591656,0.043070554776962054,-0.2251905817891756,2.31555512981789,0.05835648015340457,0.685748202945268,-0.30387732025798875,2.010011416274469,-0.34686292863866425,0.2866994453056489,-0.885776582480937,0.1158767391474806,0.9652469669278575,-0.3765164538534781,0.1529200136724246,0.688049228310604,1.371055382146933,0.3808910121053287,-0.8056087114520495,-0.5962278207970548,-1.0317033891920642,-2.8977910827648983,2.10962411519604,5.985252473272069
-0.7298089373954253,1.0661307493617036,1.0725702568869675,-0.23731522218625212,-1.9567380133353827,-0.8513121600192883,1.3911963489706936,-1.0018149876439875,-0.4010144105911884,-2.0673611410002883,-0.3939851120029754,-1.8359359938345026,0.18893964838379249,0.050041570473277314,-1.147197339311368,-0.888878174314454,-1.18477166961585,0.7252219463169053,0.2631499524335705,0.7935813628727179,-0.7378148601095924,-1.2027603615617724,-0.7387021894212346,-0.6130888925807877,-1.7447172652871668,3.7627957622708084,-3.5251796241636546,-5.933931942611931
0.44298958282900674,0.12531901862639816,0.8176796179890956,0.9546231659894339,0.6667963738062253,0.5559360526067615,-0.10658864525308731,-1.6004578084117702,-0.13971928612102338,1.271392203396444,-1.2566871026895003,-0.3619260972101441,-0.5650814904629414,-0.4385265739477576,0.38041636464585576,0.30623873619092545,0.25070437633976805,-0.497028423648323,0.039741685786282586,0.7193741836560759,1.255473597154399,-0.49738293585341464,1.2855175372527488,-0.9592930695929948,-0.19743762861119937,-0.4620069911321334,1.3555762313280528,4.536645088878653
0.26986278932018504,-1.0296022911704892,-0.10356628567765984,0.2911793857565392,-1.7533491014794615,-0.5877038433994282,-1.0367548305364032,-1.0495368976335253,1.8329394313266902,-1.7751252296612328,-0.14253058128139873,0.24521228752380864,-0.3511204044751893,-0.09332411754770892,-0.8100619046473778,-0.24041831976263986,0.0898582913840611,0.3813356777518561,0.24249078540275532,0.5906282728297566,-0.768146883833904,0.829675092288673,0.12120207822093297,-0.25897186413522133,1.589251954141963,8.880744241417267,0.8503740317483207,-3.411868904168925
1.0687542096381888,-1.1222916549936273,-0.7373785027868879,-0.3104541424903331,0.9155524611396418,0.31582155227480235,0.22222537844535975,1.835474399269206,-0.5371140645698651,1.6056298646335998,-1.1991363101426937,-0.7618145667033854,-0.8460140281564981,0.4038889405689966,-0.5191885849575121,1.7959656257590557,1.250631227307672,-0.4810048475845271,0.8493050344827565,0.4822867996756772,1.128152825863553,1.2537840814473402,-0.696186591308079,0.13691066161504095,0.9772936313854167,-1.6009120674847512,-0.2744148902070802,3.9319744512887485
1.607352002952429,-0.9295516970582209,1.6682155384449122,0.10394619705437193,-0.04001660468696613,-1.7371050177358476,-0.5939732877799804,-1.6893330598792065,-0.8705276798102325,-0.009880251817836945,-0.9264118735138822,-1.5999136292504834,-0.9175626138521416,1.8987922977113656,-1.3238144865216477,0.5453221716350639,0.3020590345394026,-0.8265814698943525,0.6528463027297595,0.40906206025087183,1.1575840363983447,-0.0809591778865412,-0.9576627843588488,-0.11061924954713524,-1.6040923617905816,8.084086587617904,-3.670461868194894,14.104871547586022
-0.5244826371687784,-0.61355242051931,-0.03834800842702666,-1.1186565924480845,0.697629353462182,1.7911818645122666,-0.008377275933084237,1.0587844534742217,-0.4392977874726779,2.2921928041022395,-1.861103372460568,0.8519320772999819,-1.214886153739322,1.2600663226085513,-0.4817720558598266,1.116394821960812,0.9235088159461768,-0.6093646504956876,0.5420263058105289,-0.15700619222938922,0.697114965553461,0.5951795865937295,1.3068753729558167,0.3082728308202452,0.07208512236017069,-1.150308384306352,5.061774064025789,0.767528046610449
-0.9295833921862233,0.22177951017919584,-1.5170156999750843,-1.009949291082613,0.059477926634797326,1.1584279703290492,0.6130826418304204,-0.4783099882090067,0.1321707654248093,-0.4190274724276074,0.1691517894419926,0.3193933180036443,0.8396127089690818,-1.6956799345375348,-0.5658315323875751,0.588141350498679,-0.43609396712625287,0.6432586920945101,0.32905368950552283,0.34705277525789285,-0.3600673375560062,0.0873051731446294,1.1168720839239665,-1.088787805764995,-0.281934612041337,-1.6740029747782974,2.373795952995851,-11.539281253386063
1.3236641263856423,0.6799585401660936,-2.397686003610488,0.8109034522935442,-0.3711661367097316,-0.9623550165270984,-1.8423269381984744,-0.8080415685493277,-1.0518496737695318,-0.5763545575519803,2.1682490928140425,-0.5209504845221556,-0.8966748014009979,-1.3736010220045598,0.27439341452749016,0.6721783494667337,-0.10960987410564163,-0.5386880224973926,1.654946348842642,-0.9239360651124029,0.6299927531706417,1.2408887173980818,-0.8933381184020636,-0.13148487043736806,-0.3649703135187145,4.147717089289989,2.816954491435854,6.647684011028849
-0.10707070990175543,0.0010861681257129097,2.0800861307636334,-0.5564580975492975,-0.10269210130655852,1.2283536632571013,1.8729021945844317,-0.5098922822064312,-0.15155690996466825,0.5175669783726088,0.3918956855133028,-0.7075527190492374,0.06731943311434947,1.7069898536860506,1.1968368861966698,-1.1677096877142896,0.02606843512697426,0.7368366727014788,0.8933768295639786,-0.569233915126073,0.9087946576255147,2.1341407795411276,-0.21187694012192607,-1.3645628404611392,1.4643978495409904,-0.7141656820497282,-6.808769165446212,1.1852595119939995
-0.7204627283187871,0.5302503365185373,0.11640188923794619,0.13781843801063007,0.978852801639222,0.9839440798424685,0.2642641965227755,0.4136500483638724,-0.35454598785275593,-0.35222545967331853,0.602037148053547,-0.18745954817692295,0.526809264783308,-1.7983701978255207,-0.42987648327448374,-2.0905385558004954,-1.348894894433548,0.7243164644316862,-1.0324680848381464,0.5918714606019686,0.6828892552838736,1.5098989845892345,0.9449068330069037,-0.4221223442159195,-0.026604732861948997,-7.901633330556431,7.6819752524628715,-7.403805485913812
1.404348748132545,-0.6198317094578593,0.3781175594970048,1.5044709890781003,-0.3048675418959562,0.12292077344178647,1.3820639727424122,0.8297626446262987,-0.023574788877688296,-0.39765566872686603,-1.283422997844345,-0.9506163761750862,-0.5395711522261101,0.1298235815658524,0.07353384342726467,-0.20657247644517765,-0.8945999656652665,-0.5231935383083923,1.2927690067852875,-0.943060742911979,0.1808081907460533,-2.0746001477788107,-0.6357270426481796,0.31329383980020625,0.9863791312201594,4.085294659942042,-8.003942180245833,0.03502702530494527
0.8343342947462276,-0.35554237598142474,-1.1564681691819179,0.38313396702557034,-0.3611674688225245,-0.552886862423389,-0.989209208453474,-0.7187943506664493,0.5447387877413034,-0.1965933453175978,-1.2406761868051441,0.2941962665267219,1.115548439573863,0.5168117726409244,0.45070181732019404,0.04846544517837867,2.5627663351286314,0.9430639865328585,-0.6633588763303512,-2.345041929641134,-0.2622975339024771,-0.5947821495334772,-0.5288475101200694,-0.06546675467442313,0.6448659998298689,7.0971988817195655,-4.853685629157036,6.583029847731556
-0.15293649427650843,2.1126538008383267,-1.8383914285921596,-1.0469036264588258,0.6164569767563987,0.44273395114507863,-0.05122305403072947,-0.49435672601707387,1.3132547435747346,-1.1012038370089559,-0.11751891568765364,0.5104373608894599,0.6450833415298648,0.44713779922245056,0.4742845741631005,-0.8835490368747059,-0.7688145359832983,-0.20812580145056034,-0.42348272533612685,1.7273683436180818,-2.542218074026017,-1.8115799551979495,2.4905048148151354,1.3973963458536454,-1.403828774247608,-9.374303024905291,8.462568744149209,-8.97218394062368
-0.37272602787983916,-0.1303961699159129,2.0487152408833156,1.0220739109677286,0.15798017453234953,-0.09229858075132363,0.3877697477968134,0.7968276734604193,-0.011112935193008724,0.7554641708154315,0.3590097638664067,-0.44114891317086563,-0.5992168630106844,-1.2977290236213186,0.23678386329110848,1.2115815704900923,-0.06452077314755894,1.2352845530535774,-1.0124185169932987,-1.3882893755304448,0.6398489007492463,-0.2157792532438919,0.9834384833874787,-0.46409973056541926,-0.8889000420278907,0.2711473204278922,1.658744573640923,-0.776314042961959
-1.7252277621688736,2.0113866728011294,-0.40597361179688113,1.2422705591200307,0.7534395501888949,0.7999965631662285,1.1075905583314334,-1.8007529126912118,0.4544855620551668,0.32878591207433183,0.7092854419148814,-1.2184244024907738,-0.5108922345408813,1.5741442746996945,1.4835402976183267,0.124611860007412,-0.1459014564151329,-0.5538970154135017,-1.8145036015466558,-0.24388202347746327,-0.1160505855259038,0.05794838604232146,0.2691476653541935,-0.47019018037515375,0.21852893354953365,2.0259158105229407,-1.1042862451701905,3.235684983634168
-1.177131229422235,-0.5137041737186244,-0.6201326527200443,-1.545215228561399,-0.07284179244112347,0.9120425699386975,0.8566202902409659,0.36184353153649723,0.007621623748594827,-0.48891093454186385,0.3443131359758867,-1.135458518836145,0.5456691769468535,-0.26480734910984477,0.14686417302651888,-0.6705474939063935,0.9304281491326377,0.4786934670378078,-1.8010345266296994,0.6225453481921183,-0.9133291466298638,0.600927339326102,1.0663587204171912,1.9075834905276443,-0.04148875903331818,-4.322125057223177,1.2401009265580436,-8.674845224822157
0.3585807065833187,0.03627795921920433,-0.7968523177146594,0.052929434700497845,-0.6174560642914655,-0.021654930900203925,-1.2195610855905301,0.5657386283158095,0.23708856602185477,-0.10582994045299915,-0.020431537881785998,1.2236180496125695,0.2085864643818455,0.282757810061484,0.31727061057591066,-0.5274885782166243,-2.3844735046072967,1.4548985919609658,0.3895387099530042,0.7509016840207732,0.7265040969032189,-0.28167375550331514,-1.2343801189401467,-1.984644132662746,-0.3246460805851805,-1.6219846872806338,3.9337630902343634,-1.0481429430679685
0.41399720209796925,-2.8909022059840335,-0.5269772083125441,-0.6788985778299856,2.0097212609316153,1.1917891707486366,0.7580401287969977,-2.6602665658802542,0.6245673368693145,0.6328109497219212,-1.2885165629389799,0.8092959873593759,-1.0066073297826732,-0.8164112376447468,0.11144539479936094,-0.9686668514655064,-1.269169485830933,0.3570222029513866,-0.2624373096253345,-1.105017071710804,0.9995448131944012,-1.1574903972709578,-0.9286068229113896,0.4493124405038027,-0.07498389677970145,8.090037962819697,0.5625744765572515,7.651311810244123
0.06080175305182811,0.34911863978308283,0.11497475373183136,1.6101499233944683,2.6190498793604617,-2.3332232932753514,1.321722466665486,0.3106721085934453,0.04498035872538677,-1.9125403749894374,1.7813713886364944,-1.2937644464490694,1.1673916050604267,-0.15445881790802696,0.2146269340430172,-1.828699903616816,-1.45539965133624,1.4541248304510503,-0.03726476740689572,2.0056765572631785,0.5286557481351046,-1.3037057667011003,2.009852863059879,0.40510402485217567,2.033102486417713,-13.549598062140694,2.7741468650504126,-10.57026078675374
-0.41592418711360957,0.3435588859037784,-0.7695064069592132,-0.8698612992317957,0.021633585233574226,2.121844447690617,0.0895755731757211,0.4886292880557109,1.3614069626278835,-0.6282396302871607,1.6171564225790422,0.17877076349615698,0.15251099320548578,-0.7353608369357914,0.17434430611193244,0.6270517882043702,1.3682432337696604,1.8025879844216004,-1.702508457554592,0.8737821931902262,0.41063743800391783,2.1429192732717848,-0.3924315060756409,0.5486113804628103,0.4345450746286248,-1.3313628876890078,2.7387141344129122,-6.001013435744248
0.11762267777134927,-0.967794134155445,-1.724591537626888,-0.0535699044193754,1.5908329228396256,-0.04394394051722033,-0.7516641531253241,-1.6749308324194208,0.8698745900134458,-0.7194327972875163,0.36635126908492943,-0.7814426015678425,0.7218163312220548,1.6993094010320058,-1.0082277077610384,-0.6897985117255011,0.2555169166785665,0.18360781321376024,-0.6521353324496807,0.6292208674828036,-0.8037390691512276,-0.08088091792657186,-1.2909332480589086,-0.3093244919108038,0.42006428510228855,4.151903640133507,-0.6641610569722644,1.7485647974178167
-0.15781532306108548,0.1551902844429624,-0.3651038911006473,0.39883833709437916,-0.9477925222110247,0.6191871315248586,-0.27665478552984946,0.02483679319362373,2.206451167500899,-1.4124539159740415,0.5814412887351771,0.16593102604306167,-0.32816511070606913,-0.024645535626787386,0.47921152547038565,-0.3338247535390129,2.216690615228479,0.7428583470839824,-0.6172285518798305,0.6242384221636481,-1.0842564933164107,-0.284041614055266,1.570856765924648,-0.23878524400882975,-2.2539440071479606,1.0312670641271466,5.753453643046706,-5.159140251430083
-1.1885470779684948,0.04529874738005685,1.0972590507207738,-0.007207981080933778,-0.3959980314582073,0.3075148552218239,-0.6201004326385283,0.08992869373486889,0.6283945303783737,1.27997729965502,0.7396412707115784,0.2327992219492009,-0.642771021468236,-0.1028922115106414,0.34515851966360955,-0.18904528115782313,0.3356840999568606,-1.440051303971958,-0.8642006407267265,0.8313041242678814,0.675482312918667,0.46826145775973166,0.30213452193004064,0.2518360501671142,-0.4365443557858071,-2.3684397381954025,1.2678515707671978,3.524885358633653
1.0096161294770243,1.1296622999221462,0.40130372988796953,-0.5250287626124105,0.8447557602997553,0.12306828951138277,0.3685997148716962,1.947330320989595,0.014959503895170747,-1.7582892991180115,1.496023631335415,1.2147450203508219,-0.24090392514014747,0.6925811705048602,-0.6130901451403563,-0.2933224451016897,-0.41652137861556005,0.7102629777806005,0.9180584718070676,0.6582774332472767,-0.9320418114807978,-0.10150261377299587,-0.15126898049859303,-1.664705528149174,0.6497114226051299,-6.973713023728831,-1.6753916436049154,-10.29250543369459
-1.7374391077092215,-0.30759316410048365,0.8552511559229321,-0.08892228426854155,-0.8690002231941277,-0.5416818314329257,1.3887075140189924,-0.7392694467609009,-2.129945922833941,0.7064493982787678,-1.0270618672413347,-0.7205058299424251,0.17821385356474165,-1.1239456333409936,-0.49272844772614033,-1.9395316945222811,-1.0188697169308247,-0.45422359479263646,0.38371893826217335,-0.9515867757171993,0.5850585205874635,0.4926178030802577,-1.1404977284918505,0.09411709188850884,0.6160177224885623,2.332019999748003,-2.0235278657690157,1.6232907477631557
-1.4211442518075634,0.08460208351174288,-1.1329737157008604,0.9707297598646504,1.341395409344386,2.3208608460848326,-0.7440046782287378,-0.39978670108553993,-0.9986073899605058,-0.8486791624082143,0.9086428756410632,-0.554274563934455,0.4350826147185006,1.200838406370461,0.3024915761080192,-0.7915088932101271,1.3220392733492368,0.5380831481930032,-0.8946457401432294,-1.9559329399441183,-0.7325117092078872,-1.2796987655937015,-1.2743456234057666,0.5391561208721581,0.4247933812134331,4.85485959469629,-4.711760438802277,-5.611566012160499
-0.12885981164423715,-0.5393965793191297,-0.903637051159193,1.4582512195629884,-1.627896382245514,-2.1697800336658637,0.4880896399880132,-1.0672440731612234,0.23683690971120364,0.9805993504183274,-0.5365637002729287,-0.11567147318220308,-0.5633473591221121,-0.16083015181573646,1.7182954988562962,1.0816950321966,-0.23448037618508258,0.6258152064612206,0.21310818038953477,1.311397717206329,0.18643134163084615,0.15083069293168977,2.5990599068186215,0.4908769036740062,0.2813856176951987,1.1511658912622675,9.037760328017088,3.538049190261898
0.714179361120842,1.1808672490997265,-0.17942851787310457,-1.2889231687533353,-0.2572697171823688,-0.440988327242385,-0.1034563056690544,-0.8846913571310501,1.0177418728300351,0.9878844594202247,-0.7484744300798797,0.1788742156349586,-0.9507280547417439,1.0239737943956122,-0.20728404060934585,0.8301063436950263,1.3204130307579711,-0.4915913586672679,0.7174731741183731,-0.9002270367050317,0.6726987367309804,0.39305102112270107,0.7515994356754502,1.1279118881066295,0.8947519381714346,2.3285779279021517,-0.5439856199205358,10.148534622431622
0.5033645457906675,-0.3305925490444322,-0.44763391393623164,0.24342934417579482,0.4548396806641603,1.749827901444376,0.6537893303133874,-0.4061492880426937,0.24487941261830587,-0.8043776305300158,0.6709575611212116,0.016144948641394964,-0.7023965274953635,-0.8634999307633189,0.24762708208645803,1.2394487885722305,1.315876995797105,-0.46110999405458664,-0.6872750937917532,0.30023279882211046,-0.33337459224523025,-0.009477738347266302,0.3605152286525836,-0.04958150107694242,-2.3301334120619774,3.5519014954395605,0.1299844718131286,-2.0682755515647564
0.22184163157776354,0.2080869622956989,-0.3106622419865703,-0.4633390123810219,-1.264022356300847,-1.6911605578231788,0.5075810443595882,-0.48593700648443,0.6386301943863514,0.23606792216427147,1.202419451541972,0.16221326352456644,-0.10782942546217356,1.7517195941405368,-0.8065447121119449,-1.3760314602277186,-0.7979118944920789,1.7632647657487983,-1.7419967780612826,-0.06334089158415748,-0.22443013956300606,0.5782982135649997,0.45393868435106516,-0.637556265250973,-0.2957294546650071,2.4500931375036954,3.863973835092427,5.396234261671786
1.1556586248270295,-0.39103480152556036,0.19596262557252847,1.3403170850457435,-0.2915982362113838,1.0721551095092123,-0.07366843748383614,0.24300606198458474,0.6487251019169193,0.26573257651060944,-2.9168224046409454,0.04601876339529377,0.6550352339290663,1.526155158107062,-1.0445739783664685,1.1172529221728373,1.1272535309099396,0.15015111110899584,0.3322768908779591,0.2406006125011152,1.012043477848684,0.5335621416619712,-0.5799472439835124,0.50173257405527,1.3908225572439268,7.787290095717758,-2.069848111310549,4.903754382124205
-2.2611132324822907,0.03306884848077516,-0.5060764956020309,1.642702187767287,0.9397958829572666,-0.05760553221660319,-0.30055627049379463,0.5805135323695751,0.40473491506162723,0.03678258167805559,1.4922372692474186,0.28624771473491994,-0.3984698868274592,-1.8753288272222621,0.16105327013365775,1.2887726747382513,0.08529112235713315,-1.6957393843869548,1.1425210386267584,-0.7333994370273065,0.10054793120938786,-1.4734599847980379,-2.7916355746694372,0.38935662572370616,0.48172408747558293,3.243541715617762,-4.140528637677915,-1.2183482868836506
0.32689905932069224,0.36738056008194286,1.307724439063133,0.8048174206955815,0.7212741559122262,-2.2405669306993015,1.3398490799104668,0.4308856964017223,-0.806150739258451,0.26000963338104527,0.4414645295278449,-0.9714015066008791,1.263133147766997,-0.9934510760465525,-1.391458563010846,-0.962228033923984,2.29469224346539,-0.38756004097221347,-0.9775822724474796,-0.8760281333341722,-0.4059002260184392,0.41723183759431753,-0.015941748894473983,1.1087138153046903,1.0530682827088156,-2.6181450294626347,-4.700199156149736,4.8126520217853255
-0.2402536938747261,1.0043036255432827,-1.1681661451582195,0.5883590119659633,0.25159251906488195,-1.0253003807038101,-0.5612034488143165,0.8168027346759801,0.7228213880723587,0.6803622780893794,-1.595648210694679,0.9656873719110004,-0.8570477102699302,-0.13512386155290695,0.6902329091627379,-2.515951543638391,-0.6909676523206891,0.7310856343025695,-2.693309912968249,-0.10147717407338423,-0.23286290533075774,-0.881962031234607,0.5089840464289215,1.7104915372744292,-0.5029978753751719,-5.450686839869788,13.883993462764623,7.305345712249783
0.6959496541165728,-0.8066342008097931,1.722555888082673,0.08964695693744712,0.2137451977795109,0.2835906471946987,1.1418690146949202,0.7591844102469955,-1.6564928808438506,0.4419803521899018,-0.8629712284902754,1.4479182824671348,0.4125109059140947,-0.3882294348717522,0.4772957773230106,0.8000319510663035,-1.9630860057322521,-0.7032200672122283,-0.0612722393000017,0.8687641977504911,1.496568211952653,1.4531773403813482,-0.33424340918284295,-0.8231113056409022,-1.1680554733737156,-1.296278601631188,-0.6029849382501843,3.6341260184316044
0.47768849377491446,0.08721620441353167,0.027290235446467626,0.20640329869785312,1.080480480924329,0.38053626913006233,0.3156958707609088,-1.5282541003822587,-1.3435850537156737,-1.44951115976279,0.5874701623597461,1.1258562021415992,-0.0857044435773426,-1.6038035421355823,1.5097764300271395,-0.18365921341973349,0.008013058616515283,-1.8670988650184663,-0.46954613658827665,0.2838057348447088,1.9163678214182707,2.293282903185196,-0.9034517334863159,0.9525016824534851,-1.2486871434020672,1.821382015832059,-0.3926262942111428,9.619736888078924
0.706940799641405,-0.30549056318470047,-0.1046222308048741,0.14921488798308913,-0.272303418851986,-0.1445552895258168,-1.5874132247788337,1.8335350342029229,0.30386586795788095,-0.7289935072432991,1.868075632054124,-0.23844173090198523,0.43261307972441443,1.0420034044976048,-0.12976475281618854,-1.805829414129365,0.00724187976697407,2.4218348510644887,0.8402717169338766,-0.1315746385902596,0.7149822069563497,-0.7650284731979317,-0.7518534596646334,2.4213333989746078,-0.09101463079161823,-4.15639745379407,3.473815438071738,-1.8136994678099838
0.04814085020637216,-0.2049394844547206,0.9044128800666098,-0.93229453149062,2.3978834762134222,-0.5630261304885255,1.7326899676415264,1.2943762408797337,1.231348882591822,1.1329429966614553,0.6269511271891398,0.14977116168618437,0.9002002718402404,0.981709740131914,-1.5632536547254008,0.20469142269438623,0.8549790772846803,-1.9067768492671,-1.556086967753245,0.6061828517401038,1.0700220441791524,-0.26922582536509243,-1.0766689313837088,-0.44454498940350956,-1.1707423455582857,-5.542856093857635,-7.323329515507008,7.811109723700017
-0.285503302466534,-1.125488403997277,-0.6346775275441523,-0.9782100887851264,0.8926677629031001,1.2221857358350514,-0.4532716091478021,-1.4800881336849736,-1.8095465846158718,-0.33360097114679704,0.49477567231360214,0.6580819328782598,-1.5476594087702684,0.006335499837129889,0.07201454920303636,2.898539913986322,-0.42482001726920693,0.6952067114618975,-2.008962284274131,-0.8911205060071354,-0.10367002045013284,0.8675966149638271,1.026333224209903,-0.7339707519842595,2.052850878456652,7.942928962053356,-1.9270614561331134,-5.7325520998302215
-0.5021716625479424,1.6026903518965248,-0.839074563114045,1.0881580687905967,-0.6451452625819425,-0.7917996307086095,1.843400457962716,0.4385314192451932,-0.32972406375674945,1.2010275784014042,-0.5538264072622714,-0.37485949564941573,0.22854648856870077,-0.28791376381843653,1.763898495717144,0.9500486479895313,0.26961769175924377,0.6053966081260506,-0.4598225333433248,-2.446826867934375,0.44715250122475525,-1.5120401558997423,0.3623887289644178,1.1115984913205665,-0.705749714898314,1.1006101004159692,-1.508016842423453,7.055198495944032
1.7747930860564054,-1.0313744542773178,1.5019776292929317,-1.1247200330051896,-1.1422270710970208,-0.21369568114130938,0.5200603702426031,1.3027351929778959,0.42087282034930673,1.2004122679970723,-1.5675458232678046,-0.30362387950762787,-1.669574014855534,-0.9169696497399094,0.1374601528383441,0.9531813200046888,-0.4779678500732344,0.08116951284581911,1.020581448149057,-0.13159838223827203,0.026476497706319057,0.37293416636864773,0.6344563986791159,1.4538305003701915,-0.04362461535192396,-1.0351111612652946,2.0259518075718552,3.8818082063755965
0.31695982523877214,0.4519303457151192,1.3520110579288829,0.792760712825166,0.9991764320862442,-0.7783166063572917,-1.0205175560330524,-0.25332295575712105,-2.195804876258702,-0.7620947574361521,-0.9683144631082163,0.16822629970159336,-0.8922787085820738,-1.7515402595582243,0.6950167557220562,-0.3678101973770553,1.7509427721269222,0.3603213742746552,-1.1154423137654732,-0.20908566292205466,1.2619158850171701,-1.074831179714611,-0.11330915753757373,0.7703826220398576,-0.23557418681677367,-3.493948988718935,0.8185195871137663,2.9995385533315004
0.5133045387294647,0.9673535927550999,-0.6701155856372377,-0.1975411031389085,-0.29420959977700084,-0.6675897246304712,0.9361266236070127,0.7115270600584999,1.0964469712902836,-0.38090771126253825,1.2725750938539615,0.08354406248178863,2.0414727731841324,-0.9771788173753834,0.8204944736949622,1.0372037115592732,1.6038621504189985,0.790020160583915,-0.4262365423357938,-1.1162813349040428,1.6783185129271936,-0.43000229409592455,0.3923791607221203,0.9888270257757524,-0.5838877830555909,-2.6141475521638653,-6.791851506220097,2.910123236024547
-1.6894781839410007,-0.20252109079506722,0.17440636158655276,0.3767891597264328,-0.43796999497103134,-0.3808559308837566,-0.7546801264962937,0.6613642356777307,0.32257116773428807,-1.697749360672354,-2.4238582593946387,0.03694328394456457,0.6902481568826455,0.7527140496372611,0.7675541731720159,0.6461540479825111,-0.8589351949014988,-1.8646322475976655,1.1605461189070574,0.5210691978169048,-0.8257128632518993,0.8785548672813839,-0.000145725861785155,0.45283057854040115,0.9449542373971174,1.1978898751001363,1.0032732066204095,-6.557360236067897
-1.9245630325543035,-0.846734687193138,1.293482066220262,-0.1638924750820438,-0.09728255224274941,0.32732829185101664,0.13245338586158723,0.8976868309891173,1.1052918926467095,-0.4617648793993773,-0.867509588515584,-1.5150278355604507,-1.7742500005797899,0.00819398363567653,-0.7014592357506687,-0.6359201561742579,-0.28905034909990646,-1.645883486035063,-0.3789497970386409,1.4963677700529114,0.027161594629012274,0.2859645645916379,1.3852096735878883,0.856169482876375,0.6966575160208328,-2.3633729190498127,3.761251138952422,-8.535979873671618
0.33766793259922806,0.27606171921875255,-0.17427317343686435,2.3393855372728423,0.1852001870823713,1.5642767227063583,0.7509693509798837,0.7084175752799557,0.7086538110329992,-0.7885967438019783,-2.59260039337278,0.2453672018934176,0.06890530270252045,-1.5554540234253933,-0.08324701456411812,0.5493522831810924,0.35341754637606104,-0.4720858547759964,0.5753765075983335,-1.6007424633113612,-0.15942616295084355,1.2186290496838512,0.16004976480402108,-0.8615615064577654,1.343572354775322,6.442985839304265,1.2422313429999516,-3.3001603194674316
0.00474767898285768,0.06189571155572337,0.6406231092793431,-0.08689790007809332,-0.4054363357078706,0.07073296797860372,0.3223100450460763,2.460776869940273,-0.5503108847383636,1.095839709395033,-0.2403142159092768,0.6115326731305355,-0.31737083813439193,-0.30038059004950274,-0.39379960624323196,1.1764693938458575,-0.019577846176715572,0.18248130070647223,0.9216469360768267,-0.19711940365474748,-0.3155743734851241,0.0008382403464043385,1.5681232174098898,-0.9182519078831409,0.4591968422197127,-5.365137425280089,1.7961598410074995,-7.496853137406529
-0.2421872715043489,-0.11706821182299051,-0.879746635505852,1.6136235997690263,0.46652421779954584,-0.25685195583544873,-0.6198798905503909,0.24790504531630542,0.7158988440840263,-0.8601620738016371,-0.36815829483724655,0.5468159010680068,0.7967628250110032,0.546326948249611,1.0472621055165492,1.2942843348116109,-0.11701743106577998,-0.10570919488522733,-0.008323518395577502,-1.2941065267161187,-0.022227927089830044,-0.6538903050330305,0.2965367496835568,-1.1532741005135623,-0.22791514748356942,3.8514298504758275,-1.1153108590196574,-1.104780208555786
-1.589269402647805,0.8437261948599446,-1.0427490747911876,-1.0829055703307469,-0.6494377017903548,-0.1497018256859596,0.008574217294001025,-0.840406008171423,1.0053910721851766,-0.48609037813321737,0.32959068848748735,-0.5173154907851827,1.1356709062569745,2.151791192729562,-0.5441066219544076,0.7070364848370913,0.3281197476738529,1.0851944241931715,-0.1953568729037395,0.40644791500961447,-0.5308293799935233,1.5348396403640983,0.6536144929794319,-1.6858800752685064,0.42652714059781505,1.9684908591738153,1.260901986471654,-5.436945340965086
0.002216083168458234,-1.0578762377223554,1.852799989677961,-0.2726681339377659,0.33861260123827097,-1.2846997703543095,0.5431963418942679,-0.04821310438432933,0.9934444225041716,1.6241690670199482,2.0343587766304476,-1.3905712155940366,2.257168888712859,-1.683151525898856,-0.9486985007613906,0.9891898657229118,0.7831067471303442,0.4693015034624749,0.04175935531166672,-0.6491143312605313,0.5696264218377836,0.7774793500156046,0.336168188454321,0.4517259608216958,-0.13593803843109098,-2.7846034502699553,-5.911574914557265,2.6918163535506148
1.2626747798180942,0.7738562167644684,-0.03852189641698539,-0.1399273304121631,1.1367783566596565,0.8509534300310875,-0.5848380040337638,-1.4276129702788418,-0.31943675260718213,0.6277382004010231,-0.932741680456172,-1.2796381761163498,0.4075207091092219,0.5939589210376852,2.1020449224440076,0.5943521728704036,0.748705357679638,1.59776333879438,-3.26016952099822,-0.7180467962381972,-0.24191944869200266,0.9650783803137437,0.37305451921620475,-0.14192030061538125,-1.3503827183104287,-2.108202994959539,2.139120325667952,8.25939265590143
0.28585219523935,-1.630142341261845,0.6790895244817133,-0.07715543275240412,-1.0988453017530166,-1.769917720480961,-0.2827101860031763,1.3754044202345703,-0.9571229899038773,-1.0189960993063973,-0.5190411327560678,0.600769253925806,0.5036757404422786,-0.18337001368334505,0.3090446341355001,-0.10451810512392237,-0.5930564644945927,-0.5544653178276939,-0.8367883830289816,-2.059716819610255,-0.2116798584632313,-0.5539539115578321,-0.9434018188255324,0.029027534768383965,-1.7188532690159863,4.856024781911257,-4.804944734253783,3.697092838287721
0.27790756556867774,-1.2776224693342488,-1.1642104146627374,0.5848555299859306,0.7218815930261385,0.20353667748354778,0.6856526690118125,0.15596601472591554,1.2910549197857133,-0.06721057288255045,-0.8942435525207988,-0.8381011933280584,-0.5021713951972333,-0.5766901839676728,0.3944420693821645,-0.4893113766087924,-0.6230622199784964,-0.18342047899575367,-0.4767019916493891,-0.06776045545241349,1.3698501325843562,1.2448524092994087,0.0443682466768147,0.009559240382199274,0.613355146090216,1.6706262023646075,3.401459686057122,3.0807469464582096
-1.6214529645337314,-1.6146063941226991,-0.18697042920032733,1.1231710877684835,-2.014570523034111,1.7621463243863393,0.11524854528735777,-0.2766863211876757,-1.5733766433208718,-0.721538728022163,0.7526825054743643,0.4082960757323942,-0.64359399158786,1.0717438567657194,1.0236871108529741,0.5082600695430697,0.08256263449961525,-0.27423298018764775,0.1151550133463467,1.2753444013212463,1.7849412466412948,0.3432212139356464,2.533749825038521,0.34301102640591036,2.53468012652944,5.857459825844056,-3.18890362565084,-12.542325399909938
-0.2952810256813481,1.3915795484673177,0.09764082829197278,0.7007940479371677,0.3246708799807918,-1.2565052810879385,0.9817561431301972,-0.1395937041169613,1.0255149882837227,-1.4718120990867372,-0.46656703252146886,-0.3005618591845772,0.4154735900979851,-0.5229830351087467,-2.5112757459257375,-0.06484416229202176,-0.48520407063972393,-2.1277232967144553,0.29531199234996613,0.7532783436000072,0.25753850272501516,0.032281521688256314,0.295904888107759,0.6798987338505269,1.5717996308175461,2.2503838971294647,-2.463039538082016,-1.2003659953998893
1.4867734674539237,0.10313840555299646,0.3437485504290538,0.09179287430163237,0.8655985751530685,-1.038851260809755,-0.12981996492779782,-0.3953150627791964,-1.0403355629058555,-0.9422415860811465,-1.5389513442511191,1.0550580634219218,1.8935138412058776,1.7867880501565416,0.8486674702589793,0.1347156799094985,-0.7321945127362919,0.08839944354676402,-0.03356225237281538,-1.6166414787045342,-0.6630254854483066,0.21619575160192325,-1.9131359309226448,0.03139169143586925,-2.294939771801197,3.8315530924756507,-2.675518536667497,12.0064033114832
-1.2239840525237122,-1.6412992937597297,-1.4569632879020693,-2.2560403698897282,0.772000869484864,1.1140730150911264,-2.2326585052405945,-0.6253145220498132,1.0478319717964424,-0.3169865240595761,0.8963845442481861,0.5072321677729552,1.8479736470800205,1.53430888451442,-0.14531094584108908,1.558564930915331,0.5815024088585067,-0.7625308454122957,-0.07055214457102907,-0.9628829765393615,1.720809333072936,-0.19214375518089885,-1.3125562600152514,0.7961464902861204,0.6810141601434707,4.831205616038808,-10.134378888206307,0.48362477970860873
2.0459199435736903,0.8487486416060082,-0.7465765136508195,0.7607990687258512,0.03303213433927752,-0.712020898281012,0.7914668850309794,0.4894668074014855,-0.07340100544095643,-0.3207476344579733,-2.0137656850096057,2.1042759871309786,0.03242297518857012,0.004228092343642059,-0.16574988653574285,-0.5843810305890946,1.4471506109152512,-1.3804049158062839,-0.025377149303343317,0.7795409502276179,1.4630364108455904,0.42269493173977835,-0.4276057684816887,0.8561192455250534,0.11687698412799033,0.5677290727637199,0.5901938356154215,12.425649092201713
-0.610876027931488,0.5384233004717686,0.6546411526130079,-0.6269125625209698,-1.214167643975702,-0.9806043868173531,-1.0214211020063393,-2.0255432819120855,-1.2478515471512486,1.2150469144636094,-0.6628296365480563,-0.006665680272458672,0.07113890146727325,-0.655084685769973,0.6811676180105352,0.3238956823834932,-0.566972730345149,1.4217509918691007,-0.15317437447978016,-1.126704650073916,2.182070091623377,1.036241070671469,-0.35153296834351117,1.5409366472450885,-1.04930168714983,4.302534375671732,5.336451947291377,13.062965573802297
-2.507692185035897,-1.8499078627443228,0.24094939485698844,-0.37052642694942545,0.23652316286718164,0.548503623370039,0.75249601324242,-0.019163166846105934,-1.6540532255468416,-0.06475693560735692,-0.07305353334301012,0.5428997948884364,1.569469894481712,-0.2826654042038545,-0.5934586461456095,1.9895968579553067,1.7460568909334202,0.9309691768020945,1.0617641289969353,-1.8525499452413465,0.00500886647246676,-1.5408726261928118,-0.3170469477049813,0.6194029148389122,-0.09975783901185432,7.264603312012171,-7.324869882044861,-9.525205504276142
1.015153375033535,0.08456359380410397,-0.34147714418394237,0.525727059389817,1.0559947604611617,-0.9045721876456965,2.3089461625159524,-2.09530406824637,-1.3751347212341245,0.10595264776690246,-0.27595043473334147,1.3135434662375378,-0.38661272601209107,0.6209373288964809,0.09686755735795528,-0.9500865427596384,0.8267016620175394,-0.5491759605032139,-0.6747086931232241,-0.9974383153748476,0.5394483611191705,-0.9401363696865166,-1.4783050726961702,1.77874201899655,-1.0943409236899837,7.966236952161412,-2.9520518727399843,17.59724713826333
-0.2984696848866608,-1.5251161564477156,1.0098344983444696,0.6482068218396837,-1.7082331224674252,-2.4375684353401135,-0.20095910360953073,0.38264695610475224,0.07559060927058919,0.28891575301558,-0.7920065348932309,-1.6207553830576766,-1.8925619043472433,-0.9792930240348309,1.4133586204390787,-1.3292689269995168,-0.523807202233109,0.6727733431264282,2.1113871832058027,0.6945783289217413,-0.5075137936030677,-0.5336577654136165,-0.07224260371799063,-0.17502139879665746,0.5370537841194669,-2.705405464023372,5.133724748250179,-0.8799376768619454
0.8943502248996522,0.6290385266758532,0.8259082444687543,-1.1557538406796621,1.605503301415179,-0.5333819256738983,-0.9508614308037318,-0.8224455610488247,-1.9234530081032857,1.5110453074267496,-0.2038066273001816,0.3869822545359957,0.9262372837613466,-0.5504483402040349,0.9018705345039985,-2.4136186787773455,-0.40311125429231676,-1.1034201599625189,0.2759330728687131,-1.7203522895751884,0.04548931547881839,0.44742971223549627,-1.3920449910096204,-2.3084797392991243,-0.44037639684051433,-8.591367197963866,-4.803363351727174,10.18209697703787
1.0960898750313925,1.2609057628668778,0.4515737596127237,1.9392289966816896,-0.6306469901733499,1.1921533864832923,-0.0890638684529828,0.7609620060935349,0.3184472005281576,1.075999409179053,-1.5669851348452302,0.3634124314218272,1.1960922115825348,0.0008583242065113026,2.373183839329045,-0.9130815409368783,-2.3322045025126563,-1.4532291456112545,-0.4901249545598284,0.06258554007991705,-0.5280984576114107,-0.5686284835864823,-0.020664346370479175,0.6178073471334347,-1.124823016847326,-4.733337539847162,0.5710434036170519,6.087153381398034
-0.45355008121363166,0.957145091011698,-1.8647272572730944,-0.4550006244346013,-0.2506018163800618,-0.574898480464848,-1.2660487247121626,-2.6021977647902705,-0.3707958733871844,0.0913438451200958,0.3499242412244228,-1.3199898280554587,0.6949260670743119,1.2201643526697057,1.3354001016049244,0.495237139402732,0.33714750811672933,1.6667710449191713,1.1132949625525983,-0.9784788851420921,-0.5750884132924595,-0.2597890385992705,-1.2881782998383318,-1.3837856941166584,-0.14183400112302405,3.4129995126980144,-1.4217711212272288,3.614478868542951
0.10929437872044817,-0.3051777540345426,-0.40960838607919364,-1.4983385058123009,-0.7476736315053389,-0.3063792693124,-0.29764209814619347,-1.4865724226810555,0.1889654662132315,-2.198497323154604,-1.5055388740302835,1.014900495401787,-1.223595237727452,-1.8513037602989304,-0.29313959030564796,0.20121010105091497,-1.020561063480734,0.7813728476960037,-0.4779811658804034,-0.4979344256074169,1.3589367386493483,0.06492067159977938,-1.7812918850433965,2.3714516025753385,0.3597582672605353,9.271686678175218,1.4700166391895642,4.4828823471741295
-0.8181909360656693,1.0661685191823427,-1.2832000411446602,-1.2352518013542955,0.5580806304486213,-2.0024197022968258,1.0647164889071064,-0.4875157387666769,0.5867542421624384,0.7483544283576802,1.921546705383397,-0.16346823771194038,1.8378647092577767,0.20476723844033326,1.0676522750394992,-0.08334277838432821,0.5772877357546704,0.5149950354603484,0.1772117089694806,-2.4186974542481745,0.3491881469869901,-0.012024130924196956,-0.7533192587922897,-1.281370477476075,1.1653888088271365,-3.6321020139022546,-8.8247460173963,5.165335847395375
-0.890936859838335,-0.49558553483704243,-1.255664349455057,1.4976997605597535,0.15202864639605668,-0.47361398646075814,-0.701403070263893,0.18361180193181825,-0.1734665489151188,-1.2033389098111484,0.9318538036658476,-2.141341026575429,-1.1701650243224186,0.5087473966799712,1.1891313244539232,-1.7905414505413402,0.42057656488314427,-0.1641315978764241,0.8463338830339387,-0.3540892719295412,-0.40934086581503687,0.7180185790153427,1.8947595300050841,-0.5691278894789851,-0.07602488016025946,-2.012161777875886,7.188078484079096,-6.521586031476101
0.21186181048420374,1.7218915449253904,-0.135767353867548,0.34479437459106704,0.28106141619573116,0.5958603804752943,-1.4127257735318783,0.5689402836988953,-1.0806732603256066,-1.7647711993057462,0.19366246520163063,0.24476076031585234,0.6752958737194366,0.6277626249820931,0.2737282660280299,0.9248141224208559,0.41175990200630647,1.0740521712533158,1.188484783521408,1.1469311066761427,0.2636160312343493,-0.28480339106384417,1.3764322232109287,0.07976382471480904,1.4195752621685722,-5.797395003285847,0.7642442313392125,-12.105639400755804
-0.9657637073254578,-0.015411022789446427,1.0656403005792885,-0.5029536555295371,-0.40241397592616696,-1.107237922063874,-0.06246044944200939,1.1299020035654739,-0.207648023073846,-0.8203281764883227,0.9073226268083265,-1.9158629538005234,0.6894107260948943,0.00033108628396690497,-0.7081400435943228,0.2374570479744458,-0.8062051930296774,0.4109541483722129,-0.08817519354551924,0.05055324438490071,0.7137953333646722,-1.2848397881463591,-0.12690983972900216,1.1086655867859785,0.4444978510469784,-3.233967431620865,-6.224404354701382,-6.824480789480156
0.09859074979247051,0.15068347646555635,-0.17741483224329305,-0.01077613760316883,-0.6785626777478093,-0.8203143672989321,-0.05307091783869859,-0.7779339266306344,0.6063475489496241,0.7484154005662228,0.8091050141035323,0.8145467121194973,0.05972807719367776,1.5778853741095558,-0.5510657888336279,-1.0860051407679012,0.4133619249137578,1.465016201048291,0.7431751256725085,-0.8873947537203355,-0.9086361485049711,0.46870041388103967,-0.5656271567050405,-0.4664787035767951,2.9002960745075677,3.930114787871378,-1.1017930778208491,2.983410416413677
0.856783910197411,-0.2985520343855025,0.27697986848830314,0.30324177120592183,0.49106507810329214,2.1173525290270696,1.2858454899154952,2.8948740979967247,0.4886692904702574,-1.1105772195350585,-2.2529365688276117,-0.7741728611503296,-0.9277593655962614,1.214541016719128,1.4357201623208702,-0.30760177302124475,-0.49582438797214,-0.820471264095109,0.8971337695305918,-0.647777387941676,0.6393736711963011,-0.2941906765921699,0.5967954254075146,-0.40077984433205965,-2.297971747788683,-3.603451209842575,0.26263639663417354,-4.115788340504217
0.8176206409456446,-0.494771756499092,-0.019021970791181647,0.2476130783019773,1.7066110321841668,1.3295471224522626,-0.8497705826185892,-0.3112111510972234,-0.21199404135442243,-1.4322123250397416,-0.25396174655643533,-0.7132680324239123,-1.293288047070741,-0.5150883351907233,-1.2130177807981364,0.5312395376182526,-0.3702927130107878,0.4149375854247915,0.21875747064280393,1.9720896614760155,-1.8438857513655666,-0.4875304635193506,1.5156092519934032,-2.0318411930278364,0.06790829259023404,-3.0481815607654856,5.52450020248789,-15.58942899678298
-0.9088784374040381,0.3028702741362348,0.8295313786266928,1.1945631689993554,0.2588352338812391,-0.5779144484799622,-3.205916810812659,0.10236575370989691,0.016559311137528336,1.3920882126951533,0.30440023182527604,0.25812193277721046,0.24773423106210415,0.3026264536176213,0.6374260840842524,-0.8981316351645101,-1.633158764985215,0.18623736356564335,-0.35604474672217823,-0.17088606287838395,2.2979381405598507,1.7044853098231385,-1.3319723211369399,0.39318016438296727,-1.1009671476803407,-1.9105567571962458,10.549486292568092,12.499701847011472
-0.39304118323013315,0.9942648400388328,0.011708827440454482,0.575421402685981,-1.4503766359782395,0.22609754710592656,-0.9892120528895713,-0.5091780787471674,-0.16774146162747272,1.2794055572036167,0.7989938623865448,-0.9998584984812426,0.6680262708414421,1.469812485093464,-0.8915518527396742,1.776078799602821,0.4147417536656429,0.6869291101326939,-0.3822250950699024,-2.0245161211548064,1.3789341165844424,1.1008675969034107,-1.4432020285019929,-1.0265710464876983,0.3746461581464233,10.241500760000044,-6.2417240163347785,8.203240841656333
-0.3565787546148037,0.6092859657235657,-0.5403104175096878,0.13845187953795612,0.31657397330187054,-1.1559423352301108,0.4001310376350731,-1.2408128872632553,0.3899610260373878,-1.4254810960252304,-0.4354044179989425,0.5622884359153195,-0.4585394318564762,1.7479628699469172,1.424798092961349,0.3371971794957457,2.8352237136903846,-0.7943824936502979,-0.2884582587817156,1.5861258609002193,-0.8699482814658108,-0.709896430012486,-0.49186577095386985,-0.07115272375234083,-0.3799001533353001,0.8958498186739532,-2.215059769308048,3.75893998797352
0.6910333260336945,0.2584880953634566,-0.9419211145857221,0.8694455641117654,0.5885920898647481,0.4962248719165743,-0.5285452192186955,0.6709735868943798,0.2690528630740979,-0.6748528329565874,0.6356116923714381,0.5587459683511764,0.4225761959286311,1.3048060325754778,-0.6415333055129857,2.259156318266302,-0.7306667631732084,0.08280085396588259,-1.1622588765331239,-0.6531154696360907,-2.874522685710666,0.2599337414873746,0.0698937772602441,0.1340642062686426,0.13895021347334624,5.550575059425298,1.0899114082839985,-4.2166162009936095
0.9084124165247432,0.32835690359018843,-0.7271525508991054,-2.0008323100750607,-0.31597462726248343,0.2891619829085396,-1.0526089340276548,1.1444870452060865,-1.0670666779353681,2.051769925338203,-1.2260334663046333,0.555855994373198,-0.12191590766773217,1.3495418350189603,0.6388644636006956,1.1221513300862125,0.03878926643830156,-1.0847566609846284,0.44491471844221353,0.5136068663108373,0.6403082674810013,0.7063946759408025,-0.45987681991133017,2.2007187276210027,0.5511005817621831,-5.379060796643792,-0.2947548247005775,8.573982484825054
0.3297949449989295,0.29025068496968637,-1.7515130204711165,-1.7707429478276948,-0.999511378733114,-0.5570398490122593,0.09791263755527685,0.05326968051707129,-0.42417112865454976,-0.7601237866404112,-1.8882337858329858,1.8514086749566248,1.1730700777601677,-0.3144684347988644,0.8695504828949189,-0.15110163584545028,-0.7705208664867247,-0.7025119805232914,-0.07081394464957279,0.5626401308370778,-1.0694714216596746,1.4474917062733494,0.4751706351957833,-3.5487091184452972,-1.7215479428195781,-3.5311276317189706,2.7321980288408367,-2.545126622444723
-1.5571415985332684,0.6806703522452738,-0.2152588609190727,-0.9434486934315032,-0.25797498991695006,1.473285878568943,0.4264750772753399,-1.5627969905902395,-0.49241998291454375,1.8409430869026333,-0.5918813394073681,0.34272679264883465,-1.2050705019596022,-0.48504913610649286,-1.304296590637845,-1.2191040823893007,-0.03157898872470636,-0.4121592086535507,-0.5955940814496309,0.7705214639865685,-0.15148180802807323,-1.5372472120081802,0.28286114103117854,-0.5920530165108131,1.052049725038432,-0.07968803393132158,0.5080207382413178,-2.7778842998519213
-0.9032354512581475,-2.2482682756701324,-2.2723662856625144,0.036463015711227516,-0.31395477275861394,1.6894802039883068,-0.656455580420674,-0.3559102220602893,0.4227227493117419,-1.208520683353866,0.6937867470837829,1.485253765657244,0.7682779997354447,-0.3656174294653662,-0.8499214437622478,1.7303678661910418,0.1395057789263021,1.588810982733026,0.09215051655568209,-0.4110557792967687,-0.8118218030572495,-0.5376512452270924,-0.7136251694803405,-0.4805026254491358,-1.2998200480632847,11.55441942356685,2.1920761243925933,-10.017625277465108
-2.516805117054767,0.2951432560349226,0.40672802600470453,-1.2870612835759903,-0.44161484234453535,-0.9276914551498731,0.5687638111973792,0.3852381549670647,-1.3564524621372207,0.4697633315069797,-0.1914388561275689,-0.2385339960380884,0.8478484672889536,1.100133380003499,-0.14506040911644685,-2.1448662799057385,2.0327120850383316,-0.8676710368413492,0.40481931574512753,-0.2334055987605042,-0.03890501847299543,-0.8941119902388932,0.6463571328504778,-1.504106636017013,0.8828343447740911,-6.815699162696589,-6.533139568807175,-6.069560934610092
0.07278904135964888,-1.046135270465404,-1.03462169831058,-0.95047683396923,0.4194098095278196,-0.5244022013599972,-0.9108364476809393,0.30740735663706725,1.1451562603822778,1.9355449029599359,0.23028873165190766,0.9605971826010031,0.8877427215552893,1.4886992046302734,0.5576887343475254,-1.3792943823088628,1.2864768825190382,0.4432952285180803,0.9359226443556318,-0.5559695035472678,-0.8364608725949167,-0.5314874401781366,0.5831963182642048,0.268206388596121,0.2619752255864693,-5.006622974134893,2.834430368831425,3.8413760707726055
-0.6549924239086075,-1.4992077910045554,1.055865681794725,-0.22238807751198364,-1.9079146336618504,-0.265464756443399,-0.6653782318663356,1.7489498031553394,-1.4817192509998123,1.4768855022446643,0.07191991834137908,0.07363378632187884,0.6051883993083469,-0.9324254055967565,1.2785490644640338,1.011956998393735,1.0523645200790375,0.8812162321327895,0.8046018855990357,0.05024363473982195,-0.19239572307116048,0.8391984060739349,-1.8558637729721414,-1.6454847010282845,0.6299670472996959,-2.60196641671293,-5.4265471912144925,-3.4360806881389307
1.28607583972298,-0.6042468937514688,-0.9779605735748359,-0.5342977308245631,1.3725218869828315,0.2758226451224365,-0.039264705810345,-0.5341068530226958,1.4582411731905247,0.5308971786236704,1.3833968709916193,0.7208936976465931,-0.00885108300908839,-1.3314453239343749,-0.6890343067964969,-0.7650260040878506,-1.409573814630278,2.8029887463221512,-0.23175233788292954,-0.7287162760070515,1.8063160409436596,0.3585565164828028,0.3314595771123534,-0.14413995165151117,0.4058566029093578,-1.228211790852556,6.81959046937212,2.6953961751741877
-0.6756920290744666,-0.28059503766451876,-0.8727995851487265,0.2752337277147546,1.2415600500797115,-0.48811394050047496,-0.33287115269371675,0.1829873829820842,-0.505428800865189,-0.07989163142139484,-0.23527162231423418,1.7985872020540223,0.11581621173323185,-0.6301644303978079,1.0784575325513224,-0.048363459853177505,-1.0349513307475862,-0.8383217779749754,-0.8705336117248682,0.7972986110758586,-0.5083824878159563,1.4782112103517329,-2.318565367435655,-0.5699713143450995,0.0690781217579561,-1.8202166265775195,4.488990932531709,4.254246173065993
1.2090164018314193,-1.6120557955209127,-0.7263494337765002,-0.5197073513447172,0.114091527344406,1.5275740329828782,-0.6253522876337976,0.9292803378130551,-0.3184958564819525,-0.10871464557808266,-0.03893121542493992,0.07041315533993008,1.508529395449468,-0.191661061471365,-0.7364278229493753,-0.7894320000468874,-0.45504590855279675,-1.2461021129644285,-1.2015480622472132,0.5998953006435122,0.18395921237314386,0.6930074238085117,-0.005613513386942497,1.750443405945633,-1.095008258958546,-1.0385209525058507,-1.4929209789182756,-0.0504322664696092
0.1698586744866959,0.07974725434036094,0.1224566740555259,0.3509847992926936,-0.2076043072087833,-1.1879684414235634,0.27183573514861104,1.5072885361095834,-0.10423469313700198,0.5238261907854697,-1.4424820110347034,0.2963925840511737,1.068526034380783,0.6273843149263088,1.0903729214232176,0.37118301282003724,-0.1296937048889906,-0.4317074313005873,0.9567573733406652,0.49660805447055106,0.6237016869127034,0.6136016113698705,0.8568216566757805,-0.34971308333755263,0.8126803408221284,-6.505579953833249,0.4553919652993023,0.4007823928144413
1.4042259065762968,0.57390096431368,-1.3169316843861258,0.8685949170801571,-0.32855732441487745,-0.062273659993797324,-0.5761091025753928,-0.8178669716813547,0.6168240860872761,-0.6935214490449848,0.8798711568864072,-0.45128479225046464,1.1607222637068333,2.6324801210095514,-1.6101451766830446,0.8663388663659162,0.288083575399669,-1.1829826727183046,1.2106632338693688,1.3287327620781806,1.2691987485849014,-0.28819602541600403,-0.9051562025743596,-0.13087010744287456,-0.22007434288912106,6.683704798089189,-7.0826170282978085,6.171238860340333
0.8880158805980352,1.3375933655158343,-0.5685601687114727,0.021913119316713543,-0.6415396144609832,-0.5535484897329667,-0.10452426995164708,0.2602334110253503,0.6607651857854782,1.702086881079768,-0.07165246146296793,-0.15049333905981457,-2.3085110309010566,0.11570638965738231,0.17057529815258274,1.509347186197554,-2.5354563734374382,-0.16430025823661276,0.2446231345223032,0.9978831650999913,-0.30159581591974655,1.3642173616167272,-0.677349507192985,1.0011219607599149,1.3273809101243017,-0.050409975399468246,8.125256579854,8.316253447069213
0.13236086186839024,-1.3943511507624748,1.2690984234121256,-0.852387327487665,-1.465497267706228,-0.29037219761379807,-0.6669209202019197,0.6128588972359958,0.4623842991236861,-0.6643651925864935,-1.2244897544420597,-0.45485382816622916,2.472307475027587,0.7433819789072245,-1.649479527253093,1.4896634230451868,0.108963469648561,-1.5401594960758411,1.2172566419038413,-0.06470938267954661,0.8114101879293222,0.901542811956152,-0.8931351355154991,1.1164286849164973,-0.7213569223734219,6.471584634698229,-9.14064595627497,1.2620711628073153
0.40027730657689836,-1.0555578512434483,0.07288093800022519,-0.5182427039465536,0.2401405406762879,-2.9284806131655565,1.7975975510326587,0.7087352308418009,1.3768389729644583,0.467525089391347,0.06103099226246258,-0.18904189039653946,1.432621284953286,0.049016576877723705,0.8742627988494804,0.026326979193675208,0.5307558454817746,0.3961620334077087,-2.091819430443762,1.7224085869928192,0.9725241314528843,-1.5292119339493673,0.8463349416802137,0.6269431347362076,0.36866597736669154,-8.347816611844209,-5.25087695677727,3.7060812554392637
-0.15597783003054594,-0.8241950851634452,0.5442441774944142,0.19340844381727873,1.0059758681618969,-1.212521920226229,0.48244291054706323,-0.30298038641912123,0.17535330614163933,-0.5867674740439335,-2.431759565678647,0.5505752154891177,-2.4861833569150336,0.48128432353819206,-1.0744508566385633,-0.6281030632783939,1.674505546098214,0.39450680800455107,0.025714976070340834,-0.6543255197632745,-0.05459140843839744,0.6340821287228106,-1.189499715149578,-0.3778894552075419,-0.5314399893367124,7.371781859055715,8.047944469424356,8.11256870121736
-0.8239414477053548,-0.8523029746022357,1.449025071163409,0.33428754248189396,0.8626144549130954,-0.11859152037655843,1.002441829812302,1.9742376867627587,-1.8672277620513285,-1.3200783205449396,-0.8039058303288529,-1.8085419325798684,0.9130882774252361,-0.6941003694963258,1.2449156701993567,0.3306755022012868,-1.2186954618167,0.3216870486197455,0.6656141732028498,-0.6556334868970173,0.5102584856050331,0.5646393131934809,-0.2196130701812249,-0.13158711452708724,0.7045124467976085,-6.078546025746513,-4.932549109510677,-10.848266826785709
-0.25542157814733035,0.4050440293208414,-2.675110965225818,0.5372454272802089,-1.5523429286926074,-0.3775278491354546,-1.0244094488015867,1.1715155140075322,0.9367086812283952,-1.7155670584423497,-0.08899540014747812,2.763017383287028,-1.453227276705515,0.6868151088289681,-0.005758540402910523,-0.5910113298642534,-0.2097663763766822,-0.337477405060679,1.4099895854455997,0.2737396455666023,0.44113998411340694,0.694972642071581,-0.7604224248351513,-0.46270827657677704,0.2625283576502855,5.712157920289741,8.459494152088888,-0.058096240869640006
0.5327614484609687,-1.1909920574564157,1.5980010993374345,0.17658835999855643,-1.0337768436358479,-1.3038648327546334,0.7910537905541605,-0.2862082804066732,-0.21983532536204042,1.000257019070276,-0.6822683778683125,-0.04460363782929704,-2.2504732003340906,-1.2522934492052429,0.6459005292556824,-1.1407455069764079,1.5868197342362875,-0.8115086287900617,-0.8988189659853912,1.471077725598283,-0.39419684678994377,0.33237666709489966,0.3082975704394618,-0.0134799963560119,1.1322563378175179,-1.7793529203291953,0.5418314284573781,5.13167410191501
0.5442448118811009,0.4805323280360824,0.04055989383817935,1.308791969474327,-1.3961580227742119,-0.3340994996936246,1.1255943461769782,-1.701428427031436,1.6356800838650385,-2.0985635003874714,0.031259409235732116,-0.460070251872226,0.8636301381797461,-0.2521200166850261,-3.0630791987408124,0.8775191009110738,0.8646955304922437,0.2524645074496197,-0.24504983168785283,0.7771966974568337,-0.21921562627903063,0.8411881286948714,0.4976873929140314,0.9663327964399409,1.0593861273040233,13.779667328758608,-2.056556511238162,-1.524526671377686
-1.0329699749489758,0.2923196768494629,0.18323137475297302,-0.15692971870422565,1.3672067503606642,-0.28295387141099027,-0.8470771858179124,-0.7998317825641065,0.6490909769921334,0.3753544185095516,-0.35631596622233747,0.8111119685710173,-0.05293937885123854,1.2980219949580811,-1.0955823794891708,0.5434501618372147,-1.658461765779309,-3.944813354863953,-0.47220109152483647,-0.08951288796179398,-0.49883503166702775,-0.11001989846119689,-0.0984603290258625,-0.7874911698786675,-0.08076746520928088,3.182728202755063,-2.7186935575686646,5.14336307129555
-0.10427422737487418,0.9624394419148561,-0.08803349605702009,3.444019578715538,-1.2160101961182557,-1.0123791160940512,-2.172792858691322,-0.08416618917024433,0.42869279694629236,0.4104423339807756,0.7599436424984872,1.482529040728164,0.008924063278079096,0.40979887059890147,-1.0148771442504863,0.08838566574497884,0.4259228766664284,-1.5467452518007796,0.13709854259363985,0.4842959007715437,0.3645365017079231,-0.7305307491035878,-0.5492792136763872,-0.39997849219975357,-0.4716771631300283,7.370884222431616,3.36265182391073,8.02855442999028
1.508603966391426,0.7704975126871403,-0.892705733174332,-0.16938060843035138,0.6892912814224625,0.38620009982168535,-0.24900203865555015,1.6809377571316135,-0.5572140989549024,-0.6127417739043516,-1.8044224481394682,-0.9873025942325799,-0.8772589145946935,-0.46837620198958385,-1.3640303911616014,1.6195157828900348,-0.9368482863288824,-0.1779799633056127,0.30026356607356464,-0.772904594326864,1.6756335689102848,-0.08373521975523683,0.22184227275849663,-1.1654568735865107,2.7722518273078833,-0.6227082058290838,-5.120155253793906,-4.891789729416772
3.129282489865313,-1.2024255853937589,0.5782713760308802,-1.5314868809031208,0.6998648479875763,-0.9375470945927854,0.26284044259506617,-0.550970395658879,-1.2447533405594713,2.261060745891372,0.30511092463829276,0.7915490926175596,-0.6573468903735042,0.26789400450900497,-0.32916919709878933,-0.465512028695892,-2.0772578447918058,0.7785815235084161,0.2749463364531211,-0.49599307515654684,0.27907569479587374,-1.3156953364095707,-1.686142212126575,-0.3417334607823649,0.6076723797387596,-1.640246059916815,-5.855493979041351,12.852359349812026
-0.09213750188435268,-1.613953275473463,-0.2065670882044816,0.7596401469684457,0.8321548684044349,-1.5235944598536306,0.015831864985091572,1.3789035211583793,-0.0666735406547755,0.6388977622610224,-0.8257958976667924,-1.0073106991410505,-0.7951305857413017,0.013768352431324323,0.722577664726578,-0.33021268302513607,0.07906369417202934,1.5535065492515738,0.7980263387728278,-0.8791538518191885,-0.3619768342480781,1.2507183789067757,0.6496987208987667,0.8652091373822871,-0.1854240941864396,-2.5727723983948505,12.007520960238509,1.5764824405385265
-0.13104579384051734,-1.5580426991512244,-0.6416170024300784,1.3923226690399582,-0.5737226083108395,0.08294357662772107,3.4947461192446605,1.1462727814353757,0.49691563709632036,1.7091155710756736,-0.46137826406161714,-0.8420078688652535,0.35673539665107107,-0.14352115959144487,0.6829639290615542,-0.3753429035407876,-1.1028610629815512,1.497730575505726,0.1109421099647269,-1.2445977239083421,-0.12584025497529072,0.027338072149708122,1.0673574769939775,-0.6684555761920776,-0.6831271760370339,1.8902161653421397,2.984477206565523,-0.8016568495231919
1.9120048752688807,1.9424508546097443,0.8089986831469077,0.20643900916635669,0.5715291196800445,-0.3601229894101256,1.0037720665908763,0.7434613261445773,0.5780558915341067,1.047162128378691,-0.03396815560865629,-0.20866271736284253,-0.8413039336544924,0.792961644956443,-0.6308141240061775,-0.27911081950965255,-0.9333218273738271,0.8492227821770577,-0.4386707402702741,0.38547503677348754,0.4995469506798236,-0.3752763529360206,2.9142671382741407,-1.2105048137769538,-0.7641966094633706,-7.966586700829543,5.909861284879424,2.10728363465111
-1.2834414420363045,0.6252347522258134,1.6033745390141527,0.5475911992650805,0.04633612929070769,1.2934336324462288,1.5266197138840074,-0.7025438184976258,1.3308740219365844,0.2548001313748032,1.421752030164658,-2.2964123975235182,-2.0912031160039555,-0.3100759687721309,0.7756280277497904,-1.8982189056749827,-0.026373359762073695,-0.35548930402717854,-1.1380711936198442,0.5593422399914981,-0.7425795987873779,-1.24511833274264,-0.3197821762266223,-1.3986969369605626,0.42888546960244683,-2.589183654895182,-4.86714667338178,-5.126900945509828
0.7086567013555692,0.45812407790157716,0.012903575708483035,0.0399716823966015,-1.6633776338268855,-0.6685761163968054,-0.3779265853335383,0.7873061425336275,-0.272007355322197,-0.10614512251700248,0.6356589999448827,-1.0891446213559204,0.4127381923536031,-1.6760132204714948,0.8526057246141122,-1.2031366437794,-1.1123843565074079,0.1956149304994154,1.82244563038346,-0.3841645795780523,0.03302414250987027,-0.5638338126966026,-0.9065936964366356,-0.04088249757611703,-0.061157248229752714,-4.625732136907869,-3.1458042769288688,-1.4679749354097855
-0.8660271706108259,0.025749839026912587,-0.2455119109662276,-0.5123065719592073,0.4640575175901342,1.0684918742019274,0.5466675568801596,1.6664418394353995,-1.674156530745823,-0.34127500174824865,-1.167624697924828,-0.619619888964747,0.6746670622688742,-1.4861020480298421,0.27158447529430696,0.9357375559725083,-0.23952254038414264,0.37374614011980317,-0.6539306719090978,2.114534515702336,0.08646487228441826,0.5968610423931139,1.8908384857244023,0.7868391526454322,0.2659190159482643,-10.85244467590355,4.914148064530395,-15.221987763247203
0.34080888084275673,0.19907617280839546,-0.28726645644848364,1.2385899248589385,-0.4283310568466262,-1.0183451928674523,0.9752381383671472,-1.722736968202785,0.5420595147687648,0.08085126180193192,0.1541422968911962,0.6073963485749453,-2.7014130766019746,-0.44936544530881534,-1.5843681207204847,-1.2253616768838007,1.039021501705701,-0.46760402158936554,-0.4284365657790674,0.9487890243046965,0.8594895154933699,-0.00361771612120655,0.12987350232476103,-0.21469865950145842,-1.5372585527229097,8.220476276714864,8.670466490930776,11.238630204575916
1.3115847623988834,-0.8119210885022385,-0.46480543078040204,0.5107478300805383,-0.1911806400498062,-0.4294112356159989,0.8516692013560162,0.5110088544089268,-2.577103174829809,0.11922576247306603,0.5455451002881052,2.4010560383479937,-0.8946035186533058,0.40882564732236415,-0.8261006925342984,-0.08963091907859268,0.1385324376797542,-0.20483749357899905,-1.0934500080565033,-0.8425882082206793,1.31177120679714,0.2170806415451928,-0.12689740006667358,-0.894511155918584,-0.14161676487009742,6.186907867845582,-1.8793068419239178,6.744046421160126
-0.6259645799261693,-0.08774814493524673,0.7708021746281163,0.16793720963537556,-2.5757427068388554,-0.469391070024621,0.6400741037324261,-1.7168301839767235,1.8974941914064274,-0.7661165119103976,0.2778886093107124,0.04333389459079889,1.067463388197844,0.7401038743344788,0.38190108938244144,-0.8202532464158395,0.7990574736329121,2.1966507943860987,1.6126989672098306,0.3940029776824999,-1.5925248589756642,0.026856319466307847,0.29004198670246,-0.6103389579270561,0.7055112474315782,5.598460667085115,-0.684756452202555,-4.773886766298636
-0.8121417067437853,-1.8384841998818242,-0.15705324797415077,0.5602089209464919,-2.2508152873726157,-0.9708875788280656,2.9228205067267377,-0.9787043936390565,-0.7378147839943795,-0.47003094307682747,-1.5532274256986391,-1.0894951421655823,-0.6429138505923669,0.01499858411038228,-2.401811117673351,0.598555964391208,0.9695096282700433,0.5201081342240772,-0.7586601802706672,0.2429338281730194,-0.4057014060755361,1.6192077172081105,0.5293627900575222,1.373376281909481,0.9534726196406514,15.978930646275563,1.2892508098168216,-0.5111766157902469
-1.8203002941961106,0.7936117319238617,0.624136129813071,-0.16282347694348887,-0.5227027614762964,0.352136670033417,-0.8579230154253901,0.5416302933983361,0.8339812969600146,-0.7956232092615801,-0.11294325090449553,0.9971251844086657,-0.3643706182303262,0.5395073743376914,0.5253495398770676,1.3695011890081965,0.35191629271173713,0.28034383642886185,0.9955078844916482,-0.09123015283116123,-1.0182802555733126,-0.5993488217306174,-1.493766702111243,-1.643371559010164,-0.5977521919650681,1.885805284141783,-0.6881096372046144,-6.138744520901687
0.5972287608347578,-1.6389536030713225,0.8655471634367512,-0.7296010291584423,1.3554760200524902,0.11237159832687532,-0.8907021731957919,-1.9091999947032452,0.254645938971185,-1.2955319671151153,-1.7660506977243937,0.6341048958874641,0.764598666527453,0.1995712232143798,-0.5606880990303619,1.2724157015920114,-0.30339905934188033,-0.17293920067902144,1.0886021823703353,0.6587184298767264,1.0517241600817504,0.12430186718480019,-0.3350064642096182,-1.2466163389589073,-1.7174384798094584,5.102294030563755,-0.7806295957088195,2.074530919038003
-0.7214830516965728,2.0519251729191232,0.001965902095995366,-0.6801276678769951,0.045653876317762895,-1.4866422959221839,0.9653648979929238,-1.1820521734019456,0.6737287072899006,-1.6135260345782145,0.3488413031711826,-0.2877364243972212,-0.1302392609652388,-1.128810051366844,-1.4657044736765703,0.748259544826269,-0.22681168918017106,0.6465899043616046,1.7676789541377749,-1.460367955619596,2.2468147731458594,-0.9349752638476777,-0.4869607717667026,-0.05612419635838974,0.09141929729815688,4.627386855240299,-3.7341902699477134,1.960173763354569
1.2606017171828776,0.8150943154073079,-0.4713345281571257,-2.4019890204466745,-0.42085695931671907,1.761484698962486,-0.9616197312701754,-0.9194361189359116,0.0494060231223103,1.4039834860993945,-1.2401677936160107,-1.222916859841867,-1.471223886950012,0.22130913130462854,-0.2697940775317971,-2.254563526412783,-0.5345688448351577,0.7268609432609247,-1.716278946549267,-0.2800369447753915,1.2813578794780647,0.8647226325798091,0.33287326755058577,0.5344683951847224,1.021705540057823,-3.517957619236871,2.122432704032156,6.302091261849916
0.1938614122953421,0.28882403678890434,-2.2350136874844453,0.9226342785268629,0.5638748744554867,-0.32655173948470945,-1.2832180728229101,0.13074056570248618,-1.1690896352789637,0.6372695494077814,-0.8265902243190401,1.8783770324050701,0.46860641231176586,-0.941413144475046,-0.7967926156172886,-0.1288350312243656,-0.30037747249091395,-0.9590390006685191,-0.37588518763629386,-0.06175790416127437,1.6167084368301348,-1.048561252395691,-0.37297583507821236,-0.07842829169175539,-0.030871113392051047,0.9592649940367317,3.1877277053860347,5.533965077539918
0.7086085272085758,0.8628515918768701,-2.1742469720934525,0.8260896929706086,0.004058742980904709,1.4686974188114914,-0.32761559868988976,1.1608097150567793,-1.2576145690923184,0.5052084535356474,-0.5693086540996627,0.2487020621241164,-1.6851093093317149,-0.35696883596246365,1.566265548585507,2.572784734440426,0.8610094580904707,0.2663816257483034,0.6765233303425159,-1.3064447642692518,1.0895026495425113,-0.3647594916450241,0.8383837493949733,-0.5564207961112588,1.4915193009634988,1.2698238202425687,-0.6184287394404764,-2.482055103257132
0.5174105760796315,-0.20868023538333183,-0.028855496720192456,0.7918759077478205,1.5080463506651336,0.4768576406716269,0.44691649624339114,-0.9387329485304785,1.985728244294309,-0.5160545581924793,0.4723439078092953,0.2356261030678149,1.1696671051143115,-0.8314540267576859,0.23037510352400617,-1.144551924444193,1.141474887327879,-0.09116609299044337,-1.4013324191424419,0.6038918174731656,-0.2281922293008796,-0.7020029111810105,-0.34708601588474935,0.8693710601536916,1.345059649450091,-1.8783229253191136,-3.7647812850916322,0.7682314554245058
-1.2577394678689018,-1.9843390941827301,0.32795927900269983,-1.6682388516672664,0.1914451815488438,1.125360165386177,0.9220947419809327,-0.2883185540212079,-0.7779892644304887,0.3221927064811484,0.9655716702875755,1.6723861842773233,-0.9356538856299342,-1.285879043507431,0.2642336984906917,0.42850977174925325,-2.4645601116163363,-0.4078085100442957,-0.5146843932997246,0.5981099419384535,0.46721237247781633,-0.5959061625954002,-0.9421583308305218,-1.056111434489898,-0.7347049760134875,1.2107534402295383,-2.531275618530775,-5.069153522423973
0.523649651978625,-0.5341166495172199,0.4430883581472555,1.5359446092489784,0.8171208577208904,-0.4302821181349441,0.3369004945094435,-0.4951208918863216,0.304981061284465,0.9046560049692698,-0.07399291134985579,-0.5353259726287153,0.6659783885725286,1.3346848228064763,0.9070927859146938,-1.71637510260991,-0.2907333374783949,-0.0499200491533607,-0.91748401255474,0.6734028350294899,-0.46419804968577993,-0.7782954159882912,0.4158205035041244,1.4081656431880683,-1.4332811952250897,-2.4913079560908487,4.2532212435423356,7.847186656076548
0.3496448623712749,-0.6537131031704793,-0.11527058341224972,0.601848163137082,-0.058116210677204294,1.010637582198795,0.1131133050996598,1.2953190156989154,-1.3766196166480906,-0.38047063994575864,-2.4937144982859407,0.6134763422117447,-0.4106743669616065,-0.16332507301706092,-0.9583596756256876,-0.20597973219827076,0.8799373604825215,0.7319406908597493,1.813898588684187,2.611402277940433,1.8079731974493292,0.7960157697095251,-1.1553635939207745,-0.42256370173914876,-1.0937322067393913,-1.2395929422435623,7.528001783262431,-2.167927356813841
0.3760704857907796,1.2827648492555885,0.7393454511546967,-1.8201124513699691,-1.276968194517936,-0.7360391391100479,-0.010836995527140679,-1.3565744418765517,-1.3418484390719103,-1.0510956048322606,-1.5160776259577888,1.2442385746622813,-0.8635938491885659,1.2315349781412903,-0.1953488866834268,0.7897102752801379,-1.127027964387074,1.655300168508555,1.024297082859088,0.8933733979322035,1.8381939154173843,0.1726142412153055,0.3256397309913491,2.113790149689529,1.1451555989174567,3.1399027619127247,2.508901874628603,3.3658731115936007
-1.9501657992468142,-0.3282957496184828,0.2784114108324658,-2.0397753279695787,-0.40183816910954995,0.6888387449455292,-0.1904081325385398,0.17085023979135258,0.06565131414845798,0.10408082197744108,0.5595213720371053,-0.09470115150051342,0.492120821118966,-0.11274261046929351,0.4187299232004626,-1.376250643700848,-0.5020937797899466,-1.6945122255267393,1.1412352176863727,-1.4756426285821747,-0.050155215166037735,-0.713197946542183,-0.5614112426718387,0.09923668965166613,-0.014501535170812704,-2.3731630265804182,-7.75831869609251,-4.258814298295638
-1.3162529248593011,0.878874073605933,0.7436639160603208,0.6435025357508535,-0.5602345981084093,-0.21933575237013528,-1.4343777293246305,1.6715840248688068,0.8958154139653074,-1.5000045470287968,-0.13461328770432288,0.29642471712975305,0.7952240594894541,0.38990007488833134,2.079015024044556,0.7322169647759537,-1.1420038570610385,0.14262779097721304,-0.8488574501917415,-1.026187894900541,-1.0608304943760025,0.021115762438251726,0.6762865250595671,1.1763262958736584,0.2777207181063413,-2.9574125707561123,1.9646531188397465,-6.885456927170832
1.4149404395149745,-0.26431215711194306,-1.4437564752405951,0.3343170791352189,0.38804845999849474,0.022472891829845448,0.6551698867683423,-0.14778408226568532,-0.9055761565196296,-2.557669910253248,-0.38572266842215264,-0.06461799098888846,-0.4093333489770819,-0.6932035330209207,0.35681568127976704,0.6587018142323189,0.3208417032428188,1.5265052051692607,0.6308568440576301,-0.65190812660251,-0.31984774898400126,-0.31851878877495926,0.14966566329934622,1.4452855545283068,0.4443297443074476,4.179887328761328,0.9584621086377044,-5.024886025352638
-0.5658329386168803,-1.1051895446243722,0.10660906587886522,1.2010582566917631,-0.9911445282017526,0.04295130324754987,0.2669468758954804,0.47071256845015125,2.098331555996792,0.14419744118612687,0.11951888465511765,1.312913832798976,-0.9643945164521703,-0.32528932531140203,-0.023183894006066012,-0.7516837193177582,-0.7266018129949469,-0.3749908680065901,0.6175746079314446,-0.05984441853268249,0.44836078844779975,-0.6615561479056143,-0.76228628546718,-0.306614823861524,0.14155147499409884,6.0596053025280865,1.8128871764828132,1.8731711883126165
0.9665481063594796,-0.5823897906939023,0.5233329304767913,-0.6090562214750721,0.15138729552754282,-0.3128084565100162,1.1578745366541439,1.0357650782475547,-0.8705863119243729,0.526878924034084,0.7337087931940863,0.772047188049026,2.409085135088951,-0.6605899062923861,-1.3637547004426425,1.8600534483694482,0.8656855399724059,-0.4855024760192612,-1.2764147372373638,0.05062166704988099,-0.6901489258432051,2.105662286983378,-0.43076556394013743,1.8403715985679074,0.9396803440469221,0.3001880751730821,-6.338405115214803,1.8161641193030331
-1.2400299946275415,1.7246385459130946,-0.17820133161760934,-2.108101960646717,0.9299000357547037,-1.1978828841952358,0.18701146172661537,0.3568973705823042,-1.634381367064299,1.066536629466745,-0.05953328477076628,-1.2774653627214874,-0.8508838439844858,-0.6035374336395278,0.8866374638477194,-0.7420824144517014,0.056223970230920066,-2.133784296351801,0.049160171564284504,1.6340975089016618,0.5437740318272892,0.12770174251489871,-0.4777975877947163,-1.9112671552297709,0.3623596267808077,-15.767444900403573,-3.023639331218943,-0.29720381086175823
-0.8238604274522691,1.2269173730444392,2.0487102979362,1.860785328405381,0.8100853432575998,0.08895962977662011,-0.09409445534419614,0.8670219490385475,-0.839650691830227,1.4418290360951724,0.6838811727776216,1.600498141324757,2.052407996508359,0.8599568571158291,-1.0265492616654397,-0.749123906812908,1.3794448037372673,1.2807508886594523,-2.2236543224287524,-1.2063988364920686,0.6228576155159968,-1.6011139164778927,0.5385070174089779,-1.035787256772343,0.6571634624308866,-2.8414400700837925,-4.213858314488759,0.11103529411357241
-1.6662983940348537,-0.3588095563404465,0.2893179787499426,-0.4754501974162553,0.36348934606819383,2.874632802253793,2.1056016835961238,0.49512952683564737,-0.3980266124678204,-0.9837085772440587,-0.025262789880372016,0.7393850849545589,0.3475912146382969,-0.05639372904188775,0.09527488694882089,1.1941841572039742,0.2439006913643882,0.4931400228870355,-1.2266132247879455,0.2287009826136222,2.054866818959498,-1.0200716745221696,-0.3201948623929409,-0.15434901902759998,-0.44453647882784875,2.904904832385601,-8.02691216783299,-9.66422961475345
-0.678169173115447,-1.6170498913272293,-0.7000311370615716,-1.0002692715521997,0.5766828315025317,-0.012067555336829246,-0.07969626329594606,2.3603720808954103,1.8028337695846908,-0.5947330101584652,0.6069278913513777,0.6384107952056552,-0.24864193162497775,-0.07820079962102548,1.403838717259828,0.3562993529813711,-1.0900424580388566,1.5797803614480177,2.15981417418252,1.0054112558523411,-1.3073102912185355,1.2065254371842715,-0.33637452241260823,0.5071087905851256,0.09453025633855175,-7.549237473441266,9.938481303796232,-10.616180370417991
-0.6106164902153425,-0.21340618199028075,-0.5713361514134828,-0.7463600075926378,0.3889054977240153,-0.6419986231725556,-0.8345934339009791,0.6088072038148087,0.13503128997510472,-0.7956084020766463,-1.5424646625129252,0.3587995203476832,0.1587823787806209,-1.5636594982100427,0.9017083718905017,-0.1863242386691942,-0.26056408209138004,-1.2125477013532253,0.2194144129089463,2.4540699793391854,-0.43040314803718943,0.1629973934090155,-1.2496581432800284,-1.7455274245939638,0.3808055875395107,-8.654566471583106,0.9196285840386639,-5.83647228436554
-2.4667090544453227,1.487749608468983,-0.6226745837411028,1.5502454754667452,0.9491711746709443,0.5738918194210227,-0.1050209062728822,-0.6119565018261482,-0.8373709067404138,-2.112627977098498,1.1423555474637248,0.5376773347650112,0.6134471022773959,-0.5147102811962463,0.15637410985587086,0.9863632799605053,1.4825790399691425,-0.5048260198920415,-1.183884892633259,-0.6841991288843767,0.20582032832674582,-1.3691071854931356,-0.005558314104264376,-0.08742071666015828,1.481674015767858,3.5491978839215936,-6.2132564910115375,-10.056398850364578
0.20533575534186194,-0.4764145280162415,-0.08678909759401557,0.2676418357773936,1.2138880426645386,0.9698884435050861,0.844971917485508,-0.8360725373817992,-0.90138157878707,-1.3191662139978682,1.2766074004535393,-0.5625496971107528,0.4482417422333585,-0.5190667949110997,0.6861387009928865,0.9960428903575356,-0.6129087579128297,-0.21083256361741723,-0.48268105306108877,0.4595944108755679,0.8620675316440957,-0.7881932471188197,-1.3534531915087666,-1.1217006978564015,-0.7047724300375758,1.660042795053242,-9.518565039811435,-3.4237283078266048
-2.2834012965504167,-0.990125716066647,0.06803948049207664,0.7168160564333278,-0.9482230992381893,0.6105629509296949,0.555823604168643,-0.7560191466227374,0.337410502502494,1.0389484068565207,0.23080946045293696,-1.0380909729737788,0.16464183509919514,-0.27574383607487185,0.4728929073360683,0.021300209931890482,1.5071989434775008,0.799133160081633,1.833268671896811,-0.1258150345252204,-0.9699447456828615,0.4686333992177291,-0.3351326175631938,0.8899155105272957,0.30322177539355866,4.1379513143488,3.093316404245823,-4.080895825099941
1.0128758409716538,0.13623978136578935,0.5148273983435446,-0.6274585322576138,-0.7694859847443083,0.9874268341037015,0.2887414132569004,0.4227301588468374,0.20057219370144735,-1.2207606328896745,-1.9177995139079513,0.5486656447964565,-0.12006907811255461,0.21272697802382928,0.3626449724059847,0.37490108882105966,0.08748661662678335,0.2717213149123506,-0.4580390701161895,-0.04582625073585243,-1.6398795534273005,-0.1511345817239123,-0.255417651663346,-0.9688246355037564,-0.757944836462872,1.7308208582261617,-2.2663391995687476,-4.250757391682876
0.6358922610152429,-0.0019471754860307985,-0.5236886068414236,0.4096740054374203,-1.3222885498212196,0.6222727380129797,1.7214862613324173,-0.4064754372344408,-0.3312962830042997,1.2774556140849622,0.3962565930282824,1.2978916289068627,0.6371318321192984,-0.22367069731495604,-0.4190851300480103,-0.6738498966248451,0.9420180915273426,-0.3105754858238253,-2.231604847672617,1.0555565138154601,-0.7833005505470279,-0.9511814420345884,0.8066178060042403,0.7088695603013233,-0.22493438680261327,1.7173103777196177,-2.7022014462813724,2.5787196892236404
-0.459949277004494,1.2785152410066625,-1.2198024286678972,-1.0173307549644994,0.8864532081925595,-0.3927737270679789,0.8182372244973495,1.6422787642202237,2.196363899648157,-0.17699087363625166,1.4925584001490038,-0.753443268039098,-0.345537852206626,-0.3006058360990119,-1.1125032932489045,-1.0916101038612338,-0.6068883279093855,1.8007205501108197,0.48258165704849215,0.5912815413690228,0.26364991481641564,0.8540829578390234,-0.13606829605279558,0.33147948628466567,1.4186296839715262,-8.794698983055634,7.076458467760196,-5.7201933204046265
0.389189145014474,-1.7665195435749492,-1.0252468697169808,-0.12921950888098055,-0.06643648243559462,0.9754442151615905,0.5086272399124842,0.1651419065730596,0.6067296002527113,-0.026152883119086204,-0.1720225095938088,-0.50126232898619,-2.9559242907702075,-0.10942437686300059,-0.3292067914436063,1.8001349981798689,0.5546020488741439,1.2146159924778395,-0.7636633632722551,0.5971858742268945,1.52231033290416,-0.48660256566049637,-1.0584571399219356,-0.5952460393221163,-0.7304415437950651,8.138881730131263,1.8101813764646788,1.2527124160850405
0.050728043489929556,0.9592276363139526,1.5903699485478353,0.298346468296282,-0.02285691283869353,-0.6372851330655387,0.7274072755589364,0.24527237555488254,-1.6842788882019935,0.07130928605941604,1.168535527576112,-1.4994566751684009,-1.8432721195796156,0.41326553689808543,-0.40033571913601634,0.23291623231408773,-0.5321819639639942,0.7938612125058419,-0.7020686290900428,1.089201860485668,1.196628617353001,-2.3323725052173083,-1.1665585707704933,-0.08264583867148843,1.0640951534619036,-2.306357006178359,-7.585415508220807,-1.3163255864733934
1.5918146584597448,0.16425847059080204,1.01440811545998,2.3002939436969223,-0.9696576623664128,0.6255097088857268,0.7601330723061359,-0.5288825400020487,-0.7814604469359713,0.39671722431410333,-1.0049258778666306,-0.7167243131550296,-0.2718108112933393,-1.0507101693824232,-1.563210487673111,1.1661886391996912,-0.38698420502827063,0.3639643224849955,-0.07996228221601424,1.6077416546141163,-0.22653153820156932,-0.48029731738974407,-0.7990554898954254,-0.536314708230708,-1.2365081999134153,6.847298226301945,0.6363341097038253,1.8241204819943666
-0.2744635968403265,-1.153701112115585,0.8968598149606279,-0.4979013434057063,-0.9921412587183206,0.0648500301684912,0.26261289056469744,-1.272730291269525,-1.888031621912233,0.4748822429621522,-0.09515695571943793,-0.10180252350347585,0.1390548021808483,-2.0903160385989463,-1.0899432096874255,0.16143317076756117,-1.3401997230361578,0.6510853928944101,-0.7639857009187824,-0.1890462332205958,0.034763966159435326,1.269295823279769,1.120092106855111,-1.1491420135914558,0.1776499232062705,3.8466092005693686,1.3883000505943812,-4.657643708576839
0.38146199399484626,1.1862253889917032,0.7220174884657421,-0.19780204818101407,0.05945224222655723,1.046687321807596,-1.3297008787235451,0.7630892178920466,1.1353934250256876,1.00028316755485,0.9614506033224753,1.2960090819062524,0.7633387877817726,-1.3984768210695455,-0.5850998119150229,0.6176263059347626,1.6439373513085171,0.8570537228781132,-0.3493504340314235,-0.7572067072637944,1.1252418301665283,-1.2674552616140984,0.2550780153436135,-1.8182822052951015,0.4093291451121432,-4.351775504714643,-4.95016439641054,-2.3929601067764588
-0.5020908270769903,-1.237519473019801,1.249266209388424,-0.8533380551436976,1.1646933146912501,0.18371389633701576,0.5141962932292024,1.2585038638425454,-1.1683523439547918,0.15091502946732466,-1.3361443341760524,-1.1667417457408067,0.19661734745657247,0.4924467076724514,0.19704641344053397,1.322006307079897,1.7150812731177631,0.5624724744980865,-0.47052608079318214,1.1304028801501356,-1.0059339375254106,-1.4663654403930464,0.037653248566768736,0.43857567516662377,0.2009224696522929,-6.510366439692381,-4.585600449955426,-9.176862675849152
0.735661101564942,-0.7558434068898732,0.15141249402853585,1.2086094601399606,0.8670570458489766,-1.6280209509627983,1.0134847393693225,1.5634096015303909,-1.4898541019115186,-0.2853816528069136,-0.9005819561279647,0.8866181486835293,-0.7312376280161409,0.0664668724468526,0.3398165084116874,-0.7880238951449753,-1.0270831664703663,0.032076505398052874,0.015824739683470652,1.1434878006132532,0.005293386585869574,-1.8126132860937203,-1.2072163250688934,-0.6656688360225028,-0.6405834395751693,-4.164758572536228,1.5204193775507733,1.4092591987807317
-1.246851585899903,-1.3846470237707111,-0.14714604941337922,1.8675575521368808,-0.5311669560562142,0.8845997881246878,-0.9817188509267594,-0.3454649660901606,-0.885975709713165,0.7895442690780814,-1.245805721175676,-0.45303310092978766,1.071254259315283,0.5657042352995233,0.8196760717821839,-1.4861758860259306,-0.4186591837405258,-1.252184332172747,-0.2117342525769844,-2.04773507449298,0.054574505521243905,1.3370307853125427,1.18183357985671,0.37837851613747586,-0.8443673090100436,5.854571913713818,4.4726789416109085,3.1024340789001226
-0.5502619709816684,-2.213462742506255,2.2616399250803596,0.027238686020086562,1.417702460691913,-1.0350965317253908,-0.32725148767631695,-0.7534177864131764,0.895621544776983,0.23321819857622472,-0.8332130740627357,-0.8432127400485931,1.715150550061246,1.4929603272739709,-0.791648654099946,-0.6139561455777294,0.8969947975413204,-0.38506564148563915,-0.9997590651256468,-1.0480592952741676,-0.3911953992140544,0.14142229838359177,-0.8851610681700082,-0.8775983155896191,-0.16666743994771308,3.4766224276613684,-6.817390261930012,5.07292569355455
-0.6960840623043353,-1.0674893282218956,0.6317694119346898,-0.16191417990334955,1.3473816049692422,1.0427416003363652,1.0088775093985423,2.8569406374444584,0.37115639360852015,0.6225956053367008,-0.6428048380592758,-0.6612444418584278,-0.2933071193267305,-0.5076591204194267,-0.7641442222742838,0.6294292462541825,-1.0221597669548839,-1.5158166549681473,-0.19792550469168618,-1.7387994139848373,-0.0022624534790638756,1.2720559080076634,-0.031006279578081036,0.7724225690711529,0.9575044123837022,-1.4102876728121458,-1.1489252166639794,-3.9922512452189634
0.9536899193131532,-1.4195231492541212,1.544277176599066,-2.2046433961374756,1.4568457651314501,0.04795510513579582,0.7034301869089136,0.06735285709716243,0.07879763956574229,0.7705568090078317,1.6952517452691174,0.6852124321476122,0.006471330346778764,0.28389219696817214,-1.9775939303955095,-2.4635768157707845,-1.8087208940917507,-0.07895323695379791,-0.34805801266828457,-0.8708026308843962,-1.0355537583286905,-1.072605471878538,1.544082332597349,-0.26303297613729837,-1.636651036090822,-5.102546873843753,-0.059908896314034815,-1.589780369739964
0.28736838838081685,-0.8234036513778422,-0.037269371612578345,-0.8125187964603979,-1.0486989281469645,0.24326452076869326,-0.4355814618186303,1.0612441791047935,0.09421989242297585,-0.7452890323583762,0.28523300412716307,0.49793074289166056,-0.7278793862519091,-0.939430022991698,-0.8534950799978884,0.02587596579037024,1.5376493046886648,1.0932306570597585,1.5005619744668348,1.1156725763758657,-2.924280409773799,0.057019286516269085,1.1557364796902976,0.22532436022164487,-0.5944609906188488,-2.2435253254922665,7.318705693588164,-13.373870589166629
2.175143303963197,1.4379323694146284,-0.7909083847501813,-0.4088706557787174,-0.8846457491341007,-0.19188490601175726,1.4063114828283467,0.7405145550950629,1.8706206935735379,0.8160326627990597,-0.8653121801738272,-1.6001512578446597,0.4165010853946009,-1.6252218500526654,-0.09022748317155391,1.584992316730969,-0.062193582900200904,0.9779689764182796,-0.6288691336274923,-1.1665992939458951,-0.05149360500120817,0.42258725768373395,1.0643929654610926,-1.4313031618485488,1.4411312588920553,-2.2733631363263203,-5.043069922160576,0.2888099240637061
-0.6196245286862133,1.514141517212013,-1.4105119419884322,-0.5711215379949457,0.07651312170043117,0.09759800346607661,-1.1793818797310884,-0.06914398471068432,-0.18544263666453709,1.841549654676148,-2.206039817715526,0.0996033762523145,-1.2364587534922367,0.34052332352404024,-0.7737429225454444,1.1909562357931553,1.1035367725911143,-1.5267493023717373,-0.4178221095531278,0.5543750232937753,-1.9315307378957123,-0.4002582371365248,-0.9502192836364687,0.8401817912862289,0.3460087675874389,0.03835639832022526,5.399804622389402,5.280528931477809
-0.08243826867918684,-0.20406193729618546,1.649599843370831,-0.29998682430350665,0.644898706255805,2.0483673824735313,0.8024975464277183,0.4731889557762783,-0.21925911156965255,-0.37548438044845184,-2.3584730113125185,-1.8833997662840298,0.4890160997183358,-0.9436653188599344,-0.000539508901093748,0.4851983186475328,1.2214164863748485,-2.518109399570434,-1.1964110600440394,1.3903527924310497,-0.4800722236994626,0.2041914053337562,-0.4573963896025068,0.43709644853145285,-0.5660703419150209,-3.5986550444636696,-8.254048174147815,-4.647818641933592
0.613734970201405,1.7333254374250973,1.308896482488233,1.4118831862626533,-0.38028234755806384,-0.6749730387942934,0.41781510790931914,-0.21753398151699443,-1.0639154327177187,1.0424140977976584,0.5703424375310924,0.5805230138238135,0.2072050980542766,-0.5277000527028137,-1.5797690797482735,1.2695929781017559,1.130296455131981,-0.4076557844690344,-0.17843423985166543,-0.3509084885529852,0.26815483685321834,-0.4025496767330817,0.3346397507332536,1.0821408976115316,0.8030976261900947,3.1368246269058986,-3.071396842844764,5.986919397113704
-0.3610886179991027,-0.7481176058605135,0.880505856888623,0.10474291081596551,0.26773904652070335,-1.4401095886106507,1.3189583416428037,-0.45889034141333773,-1.0812485319771632,-0.7160281728211634,0.6413742079861554,-0.4672650226130295,-0.02403499132745053,0.4050777248575312,-1.1857767791923044,1.1452252530225207,2.025936113630979,-0.9819670502910516,0.8548056036505982,-0.27348596753587334,-0.4790702040591207,-0.09281960303620114,0.7280471061998984,-0.8361139043002315,0.40484304721211023,4.450665750373372,-7.236649172482145,-2.6942770903710884
-0.6124455529870821,0.6348338383338255,-0.5678474569118471,0.6220238197634556,-0.5661309572219894,0.5727509122548976,-0.643188072342161,-0.5772348693747095,1.2083472999773834,-0.7367856922469468,0.6458493034488132,1.0542461966183618,0.9108716141637011,-2.791034171009346,-2.5909484142318635,0.9233470334351506,0.05281803542934422,1.1794398828878265,-0.9656969680999873,-1.124083366694345,0.8565734023329467,0.30460610386811116,1.7480326069426357,0.0093645424836936,-1.0097183850171052,7.102924332532801,7.0136233366620715,-5.177311964984369
0.9118202056114014,-0.29229539559212864,1.2440861423190863,1.40309534530105,-1.7246583716238237,0.29481205412678213,-0.25269473450775465,1.0315106738272841,-0.5463553401609792,0.8227981660650747,-0.24771872237837614,0.9400760602721272,0.8149288685084125,0.11347434078147198,-0.6249372021206112,0.9870049468997845,0.9639664048832941,-1.127564585270224,-0.6113637337438729,0.1946096459106519,-0.5801687059499434,-0.4884645349834339,-0.7718047172196366,-0.04357304114635295,0.6009200763772181,4.8058950965093885,-8.53989132340869,2.115635913185056
0.4323909610415773,0.05970373334725312,0.7644133749329743,0.16842003538359454,0.657391917301195,-0.11702175320978336,-0.8428869428025703,1.3583571378537151,1.1258996727723125,-0.33169879615178544,0.19866467284110575,-0.885682824393052,0.15311739558143156,0.09689970145239407,-0.5349142692158029,-0.5859892559865643,1.255057426424624,0.8453540472653857,1.0413501178094113,0.9276994962865701,0.9314005679830422,0.34005972015386765,-1.7287880738322954,-0.5101514258504155,1.4218201356696911,-5.273808323561306,-2.1125237794116787,-1.626292816835149
0.4550199063076836,-0.6080670871985505,-0.4321415655874116,-0.5135067645837137,1.593408957365549,-0.24261755688146971,0.7992620205537483,-0.29401566271703866,-0.6918063451106584,-1.166077991613904,1.203564348597651,0.4079649324942528,1.0124427732283774,-0.06983007718364477,-0.31956930843248144,-1.0153754037429814,-0.6256205214406036,-1.1200211686804884,-0.021914958499750073,-0.5064143338847494,-0.177416214468855,-2.9245191628961202,-0.3093776663534328,1.563122820617669,0.32529610538961534,-1.735127990186194,-10.305889952721975,-2.376713037144586
-1.2011842935081163,-2.4945547256221223,-2.8610580746423695,-0.4830253044221016,-0.1357648449660212,-1.2859556301107546,1.4688997924845293,2.1335437369989134,1.255134802878277,0.4189513518589326,0.4788443780836234,0.9580848918064515,-1.1099660495086414,-1.3513920937340091,-0.020803247575923757,0.40489337522916846,1.6623322716707265,1.0207010195466413,-0.07217103789975705,0.3991781226785195,0.2598066660199347,-0.6499238894338929,1.8813750513816667,-2.500221223713185,-0.44845291292834905,-3.151284712909684,7.082776512503583,-10.08214187753077
-1.6590200496891483,-1.469235990296602,0.8828802485010536,0.6904330572825188,0.6338042321506686,1.1453325151097884,-0.8538087920098577,-0.08793374125280615,0.9206355752667026,-0.5954840241136304,-0.7200908104941083,0.12634403975870592,2.533789005896106,1.4826295651290158,0.9514557432555047,-0.43236523529354276,0.8058982051790403,-0.2904316555198991,0.6276081616582588,-1.425045119693464,-0.42009075113117916,-0.09122345611378481,1.1321803302191737,1.7263224927887393,0.06058397193016359,2.256827558136952,-1.9732927785655465,-4.849764169149172
1.2452771180474032,-0.5654773511109827,0.05215595867824531,0.44555236826568156,1.847811158309224,-0.2883068023206221,0.7660987673277649,-2.452005348095969,0.35949605504319676,0.14322624961707195,-1.1229023579556752,-0.03536200230947418,0.43432420416913736,-0.5152264231488815,-0.46149526883493425,0.6713048356648862,-0.8980056202638279,-0.7968586340095057,1.5328292748811552,-1.0338394484710762,-0.49820512110872545,-1.778859192949292,0.30007408882950815,1.576241061573931,-0.1245207691029626,5.648246066201673,-2.081922132048773,6.760834330655885
0.4045984032458871,-1.8655078373230831,-0.3596697624125421,0.41007862018495495,-0.9352441756865033,-0.5032773872888304,-0.031248925843859243,1.6349622167003233,2.310788735343016,0.8195350533875148,0.8516312940554929,-0.47866124284370126,-2.188465365148911,-0.22370514370690625,1.8967149735527087,0.4955872492326916,-0.3894376369911167,-0.7737325122633959,0.14875987747961,-0.31774867622523006,0.45264657169002914,-1.9342221814882883,0.5711583312327387,1.188218620275799,1.19124403554977,-0.5000738717453612,-3.0589966866836993,1.0436251697145575
-0.2473351852630479,0.5436054420932086,-0.8995552409393649,1.4714625174385987,0.7789898072301575,-0.9195534353743877,1.2945879178183175,-1.4522890468960639,0.9537966987070033,1.1586528288039066,-0.7936383568800363,-0.2523525750281973,-0.5317896471336333,0.9792854220003191,0.344438149450963,-0.05846909059867813,-0.5899462973013416,-1.0866897848211647,-0.3801744688508362,-0.35421251353720545,-0.43938056489134536,1.1194687924956188,-0.2866779455610323,0.2442507575964019,0.21322822877131137,5.348025719448916,5.286858099880617,12.84531032568349
1.10145079773232,0.05809749215728042,-0.239739959409797,-0.04008373023666834,-0.5092585723846769,0.3118646251545601,-1.9778707539207778,-0.17179667731058856,-0.22827561367818333,-1.122988875224065,0.5873486248301375,-0.7188154959474631,0.1415737180616643,-0.17207442671534456,1.0164452425731685,1.2600417608835845,-1.0317036880617683,-1.5416005362468224,1.6822336027644575,1.4432159919591423,0.2288521753177819,0.8021445195240673,-0.1912567698066131,0.21981652402378524,-1.583906309547552,-1.3768919755059066,-0.10577508882025764,-0.2541759742064827
0.060690980664960266,0.3214937521015918,0.8977895165690448,0.8747504910703717,-0.4934615348364088,0.14187942133559775,0.8610591922915954,0.1096029964411691,-0.7126712381636191,-3.1012249321507803,-0.44795003280529466,-0.22043125889415188,1.2395533659956026,1.1141265086398457,0.9391551923596279,0.14589522659011897,0.062148452230775385,-0.5470245359611469,-0.6680590346415277,1.3289769110239114,-0.3654058359465442,0.45161451795636287,-2.9902282122681996,0.5273626805441317,-0.06674902554058433,4.1733196115456135,-10.080078934456374,-1.5111431454722912
-0.5725872779330392,-0.04997441352482973,0.3367103455099163,-0.4812248920508699,-0.7754725002355802,2.0990855642531323,2.0220388284310444,0.9750581156423548,-0.3335797542008924,-0.13521534971660806,-0.6001099153497627,-1.594480685825614,1.122967870659326,-0.543527991092767,-0.4076315861250607,-0.6895861424929682,-0.14528048317473694,-0.03613024942225458,-0.25488466783924024,0.4606159341404933,0.29971597491823526,1.3065197930182222,-1.1606764944522119,-0.5201477097520038,-0.3134692832017304,-1.0856312350010424,-5.8253319165361495,-6.553136355151408
-0.3946258550099379,0.9104063941568279,0.5529291000312139,-1.541905110992688,-0.16704987115345857,-1.7784065369577702,-0.005439486635547588,0.6002719528138011,0.8087930163168745,-0.19315057375440656,1.4117998487621122,-1.190843324076438,-0.5673611859940776,1.243888846567202,0.4772816104831415,1.4288043720754047,0.5278025311870442,0.2523834319448194,0.9415219916151504,-0.1159405313496757,-1.6962474609957652,-0.3323632036827123,0.734110826732828,-0.7042872432286346,-1.259025040646292,-5.142412455216705,-0.5406098842133319,-2.7918574244680405
-0.7481189437262981,1.12016072703766,0.6209429594000999,-0.5647820601616848,0.2936456628012314,0.10121129704586042,-0.5321375297371463,2.6483798691526452,-0.9175101272937785,-0.16524099504348957,1.0424373660380182,-1.8273489289222242,0.5646096301201401,-2.3553671390656103,0.3300738568584682,0.8522138363508683,0.9674404473862207,0.8413920666695098,-0.21301410601907522,0.22997964955720673,0.6474355750960497,-0.4302641429859023,-0.377734504223711,-0.2895716941882615,-1.3402252244772475,-12.86466920087766,-1.3988782179352421,-10.012154785849429
-0.9090934643527537,0.8412021577023628,0.655536179995438,-0.4176631219292378,-1.361595229856496,0.823411892208643,0.9075039764810375,1.304112373183035,-0.6202725944833969,0.7338987019611974,-0.536973477088362,-1.5539915103580517,-0.21264253081918275,0.6325495159521086,1.4489205166686177,-0.3135113675509202,-0.03045797962096549,-2.4949205875043847,-0.6566741031559071,0.14679729227421826,-0.9025995871690485,-0.35254226345970857,-2.2796060056442644,-0.6073391211763396,-0.2137463834585071,-3.177952990625482,-11.998071313649666,0.9899544146324248
0.6115056194891197,0.5997378147892388,-0.32834435934479944,0.251532960894843,0.8285804091193151,0.2901141134031408,-0.02902805240611584,-0.4666503086143904,-1.0103034931240964,-0.33290189733751696,-0.9164343504433021,1.313946481271261,-0.9176462624738055,1.4222906986733224,1.7836842607522831,-0.42168540155469514,0.3259136457536107,-0.3445833024382164,0.32984145039305895,-0.3805707464202963,-0.42245847314290663,2.257368162825232,0.7753612815154186,-0.8532732771267293,-0.09528103625507421,-0.4686482074732069,6.761385649241354,5.173014882672858
-0.31486760123378693,-2.069785686900273,0.8939205176247482,-1.9820819584004294,0.7192508874422539,0.23417690972793234,-0.8162293137024518,-1.1328547021046667,-0.7661217276327105,1.535019348700948,1.1719542975507309,-0.580068462806375,-0.029766815161925038,-0.0643568889084959,-0.9014988788219908,0.8990226672994729,-0.5997766746618896,0.7032979360833096,-0.08463865593108298,0.5619910093365771,-0.6802575421358427,0.6906524801894638,-0.7002302014883045,0.7791218438038543,-0.5136385346344879,0.331040109883912,0.9249658011858939,0.5224714513984647
0.19892270285556704,-1.6848291418324857,-0.11753688673852897,-0.8778932238821826,0.7171063745639835,0.9740686052452935,0.09705573777210551,-1.446764714554085,1.8151485490969872,0.28947655058645483,-1.3159964916592426,0.9294533437759899,-0.4001370082883257,-1.3487377319421494,0.4897691530303669,0.41529074180887904,-1.2009970003983164,1.091944820486237,-0.261102116616539,-1.8923818252933717,0.5513002465954219,0.2596476801173128,-0.6965060940016996,1.6840639937810535,-1.1827725417808164,8.026695698072777,5.383350178654474,7.925296337611539
-0.193831795310541,-0.12961799224159964,0.7400174843256715,-0.6556063547647585,1.3780688422314362,1.1013416469569288,2.511031181915953,-0.5442145181896066,0.5501118878122163,0.9711883801093409,-1.2449426182417718,-1.0627846564299346,0.6432210318267841,-0.07889244580180942,0.6355051076823635,0.9721173246706676,1.0970883971111733,-0.7426356280668786,-1.6869446094031466,2.8935319423744144,-1.5575291543297753,1.3830287086067776,0.1834232625630903,1.8444119359783684,0.018518067346416422,-6.146510707239485,0.8643834193840414,-0.3118514850246238
-0.011222511417931076,0.9270417420737024,0.7798907423320666,0.7226555933385492,-0.6048333024617202,1.5899064475854852,0.9862851281679403,-0.8988448495313831,-0.2237304898449517,-0.006336422492050289,-0.4602748265624861,-0.09202356689879646,0.25665358095697965,-0.6981671764572107,-0.5284468157908979,-1.6083782822436943,0.3278406465177467,-0.7963252051247377,0.8690970043091072,-0.9062167127295155,0.5393677938616013,2.029229322946517,-0.5048384215324665,-0.564756863353523,0.2617745874948366,4.417758322220266,-1.3954770785208,3.233825322334026
-0.4073632524607373,0.41288750181557965,-0.39647037123259704,0.582497116907042,-1.535290930847128,0.41906464180698244,-2.464154236407904,-0.30047868805136546,-0.5574132508552966,1.5466686355358028,1.0096913890277062,-0.9959952608132714,-0.18642093954872932,-1.5362245498780707,0.5183077219026508,-1.134714738625882,-0.9137172415638358,-1.056343997488617,0.19611303117139478,0.42433836089304217,0.10489974962809784,-0.7224232528783592,-0.5964812451654771,-0.6705132019335899,-0.5913684458007792,-3.2341693126532203,0.8372996090262284,0.8743301791287342
1.1134833968234432,0.11334521967741,2.033963326128532,1.3910458596431763,-0.25988176930129947,0.7359024092996954,2.281096991226904,-0.3374424197849881,0.36690529293024493,0.7554790295216526,-0.7559258214426252,-0.30690054458874055,-0.6675317246156384,-1.2745716947796557,0.9173045648131632,1.4321257292105387,-1.489943952471574,-0.8565155943014824,0.10191656582739271,-0.2224314141310655,-2.0325594318011015,-0.08802668450439216,0.7802958717204778,-1.2943136226031227,0.67101703391378,1.957586704321323,-4.671356718719393,-1.9750134862471893
0.19278526343764155,0.29641023095924246,-0.42914114800246345,-1.0701757069955768,0.08288010517999943,-1.1230670131545128,0.4531215743652188,1.2933920070415306,1.2669288306588944,-0.4986132767318437,0.9006034780955705,-1.4786665545300877,0.013575748682942106,1.692033928941323,1.7666783672254174,2.8803771702925074,-0.2400526930411388,-0.4103954468278102,1.3072427824871902,0.9327552019503276,1.4313862363658223,0.8245142337736657,1.7259214498474702,0.32766638899755657,-1.2844989304515886,-6.43006984620971,-0.5886802934909254,-0.24649547641087824
0.009054594375064458,1.4451352159577415,0.2810324292186889,1.1925956394446742,1.5458006084824063,-1.0471770651512302,0.04999179261960308,0.09928668877622157,-0.3534675267458451,-0.6222526967717984,0.35527393343705527,-0.12088287562286196,0.06109929525686003,-1.0751684646594257,0.5297853298353109,-1.11043116264179,-0.19194588292956682,1.6004905056727008,0.013280022885959001,0.40886804453852105,-1.332926220036864,1.064075671431034,1.4249643326456247,-1.2944930195387159,-1.7877642238035083,-9.139724290941285,14.55292631569435,-3.744414473322874
0.2565258029178486,-0.2042024356642246,-0.9690709069675698,-1.1631418050059463,-0.2875639533385755,-1.4325602316016273,0.1957829453504535,-0.6555434432561755,1.0902995336771975,-0.3925662180750695,1.1189521885260392,0.3520755882990785,-2.157836842442776,-0.23436711206723174,1.3090985691476158,-0.06219606389417871,0.2529286764042343,0.5179106337062251,-1.8250819164611896,-2.145478628949645,0.28441358115981036,0.4273623837726456,0.8430935260836709,0.6455829620536093,0.34538975626436935,3.7423179562337867,2.102173959506941,7.679028789714615
0.5906104149109007,-0.8226705704351827,0.15155859156228643,-0.7870052681373403,1.4890408667673922,1.151496183499763,-0.4843904624017092,-0.5963734792520713,0.3326295760377682,1.2996755665623458,-0.2853716418892165,-0.6874811731966483,0.5254734219516524,3.1316318526099685,-1.3167225803138818,-0.5115071566384924,1.3008845262685447,-0.2319145719222672,-0.6548704324663392,-1.1384327101501606,0.17542546629151315,-1.8689736306691047,0.824647975383834,0.5687201117390706,-0.3328599599598922,1.9940936508052494,-6.159867365402035,4.604076260318778
-0.10900079376289246,-1.3596593013123015,-0.06470480992750688,-0.298015650124101,-1.0058229968695396,1.4580118188996616,2.346668203339097,0.07603136183960461,-0.3202996728098093,-0.21490164525511377,-0.06082038446916518,0.643320631164648,-0.9274947861886961,-0.28355763157030067,1.1786782846914954,-0.3082958725001533,-0.5245653378991455,0.46731969773862836,0.9022025628867294,-0.7822981958931557,1.2669818020954817,-0.47245380861147773,-1.1110466457517967,1.7333165548441678,0.9132910393789467,6.441323387146175,-6.030917700427793,0.2786446190128134
-1.5871665373340915,0.400577776108195,0.9507908185032756,-0.17911515643608175,-1.1198162518991244,0.781095076912901,1.597709341266594,-0.22064768515110705,-0.11730605798454903,-1.4344492833294726,-0.4770909682064206,-1.2696859110452057,-2.0772061664565333,-0.012821646385246339,0.37658500163357067,-0.5614047532570502,-1.6150544404619591,-1.1418148232924794,-1.0454042236683967,1.207143645667764,0.783825845904017,0.13201146619677784,-0.8307948652439132,0.8072975333330971,-0.4204841106408485,3.4798290305358197,-1.4383973535085557,-2.5869727467836863
-0.32882751711462904,-2.017228725073508,-1.7337143594240227,-0.05473052036392253,0.21331710863940315,1.1716198531967623,-0.29271511024338187,-0.07285016287152064,-1.9887689240735211,-0.74449428478626,-0.9104292718205996,0.15813547885340043,0.9140204527814637,0.08437209416121032,-0.19077470803266033,-1.3225154061374798,-0.6932755632286156,0.42110951071618624,-0.054265373301579906,-2.1428424755565914,0.17762408925306417,0.4431203637771297,-1.3559540562498775,0.6811729939118828,0.49971710528726193,7.297594618905729,-1.682100850972455,-2.0427412456531786
0.8598983389210476,0.42211645943689213,0.8981493794099905,-0.1573062480377987,0.6190409962347806,-0.04276810685583321,-0.7701420076231966,1.4010856597524222,0.22985577749104358,-0.5544445347764763,-0.5073968632839364,-0.253151124878221,-0.6649280378681959,0.0955838551387516,0.07643362718676691,-1.3485697222360136,-1.1277194082702642,-1.377602529031281,0.589359267797123,0.753088127159868,0.5055752777840039,0.8884609344697549,1.3004975139663806,0.012013324066504174,1.2927729381608901,-8.739154398870275,2.2473443491047527,-2.8123874191059897
-0.25709746796722904,0.8515064294659127,-0.16758788751368764,-0.11337255513769415,0.42365331792622835,-0.06231902159519299,1.165110911255441,-0.1105085218634234,1.1211674314916562,2.257542558516029,-0.3861327930507218,-0.5892736568457524,-1.4221019795818115,-0.4859075299684462,-1.3492340132223248,-0.2410134074103089,1.0056162158995434,1.1347037146473313,1.5711767328978108,-0.17015683188677713,1.3406960890901307,-0.7923304122431062,-0.16595553438504285,0.04403184136513909,-0.0761864448809601,-1.1666639677092208,5.48695988565895,5.995754292269079
-1.1287801097778554,0.1823429277357228,-0.3180442374483705,1.4526511083313955,-0.7193536553031592,1.0168810933547472,-2.2390028691322827,0.6808772975951013,-0.19920021875323934,0.22407173349597803,0.901878802306959,-1.3026595285393048,1.9453727774476735,0.08174324323018425,-0.7129440809003973,0.614558187759438,0.6801464385014059,0.0031546897308641466,-1.1794185922615397,1.8975114579743082,0.6172934789847061,-0.9528280898563083,-0.6405023048182887,0.9993783608449375,-0.6598060983309062,-1.5414674514250737,-1.3465296760553114,-5.864293522153161
0.7527895329811787,-0.9467524710760392,-0.25739043682197277,-0.21255633442768146,1.0403283656219726,-0.32919950145672994,-1.2348420432612572,1.7859191205736142,0.7157553948368549,0.13425135263806554,-1.3618861484142275,-0.17261677142173085,0.04424359427919896,-1.5923337928092245,1.1262577205251088,0.24152648613445357,-0.1136287918343829,-0.9512382427360593,2.433344862848262,0.9536699977605915,-0.5522422586807149,-2.0923632704776054,-1.433700210299968,0.06164074620290792,0.8993719443903061,-9.904909527547014,-2.9625130080456574,-4.900593360208349
-0.10293941412447064,0.15476140369920052,-0.08382299956232134,0.7117261684686388,-1.3042510270206813,-1.58799579466087,-0.2882712818401842,-0.32351838588257886,-1.1995707153278519,1.4860660876443184,1.1726081618741404,-1.8472651377868685,-0.31447710019821223,-0.9080831206905983,-0.6312469451034386,-2.0603284586863575,0.16828784598719387,0.4965460164678344,-1.9325320624122042,0.04686762332566923,0.24132379093089296,-0.17311210971718835,-0.614279777266144,0.46986646854815106,1.4949734603839464,-1.6557084123770622,-1.086511052672929,5.109143604902335
-1.0482090545480638,-2.264851348922748,0.32118874026469907,0.7430753410531187,0.44071312221744696,-0.7346289699157442,0.6599310202240332,-1.2871855065440356,1.820546502545378,0.5045634879849568,0.12004348209595193,0.21068540578370035,0.36442909757319014,-0.6152969081684784,1.616899876499306,-1.4758067754663546,0.5876418782728351,-1.3503724415626572,-0.5931262126495344,-2.5192996120819506,-0.6461487270238144,0.6665225711160832,-0.6909148345000489,-0.19058182857733502,0.6868729375707726,6.490729691531966,-4.328467857656753,8.420997404064353
0.594317197163125,-1.376671997638444,-0.9568576654805786,-0.6558500108252555,-0.9419967575407904,-0.8144698539039066,1.0907124768909249,-0.9290965919034735,1.8002470913548223,1.2022266478190013,1.3635240717659254,0.25454375067801116,-0.32816837433457147,-0.9828710584041316,-1.9567068852747467,-0.4411341067683236,1.3563196586204347,0.654912486580426,-0.0834675101835017,0.2715874805777152,-1.4201126587945105,0.5264627160280239,-0.11325790294041052,-0.6342416070881587,0.9603505730898537,5.366894819308716,0.37077490937783386,1.9504046508728352
0.0874335203365188,1.5506310306424906,-0.4658571533687992,-0.3186701670509736,-0.09673877586311201,-0.0028575701160923816,0.6584070811743146,1.346747727094971,-0.9215646207751595,-0.5346212735301764,1.5830501340659793,0.37204051673541566,0.7796544527381605,0.4030132390315397,-0.8237093419901986,0.526726301913473,0.7986504194965784,-0.6593896702052604,-2.486382910610393,1.7032901898414257,-0.8059048767446793,1.2140691747667907,-1.3361508852180743,-0.7874950515117347,-0.8509720262302719,-4.020734657710449,-3.2868516524663156,-1.1234727096975006
-0.5222186634263157,-0.9671279490189445,-2.9088008704696904,0.08038125859489889,-1.015254143906518,0.6156606265499638,1.7558636281575637,1.7330972928661612,-0.5037563903047391,-0.9695299533284638,-1.9536465686758921,2.231550077352049,-1.0625292482903983,0.8468162946464315,0.12103775784019875,-1.1136834565940332,0.13368206400111599,0.41195284951272465,0.3952027610812722,-0.23003767250896992,-0.4678051409666488,0.8397952389845587,-0.35909905360461764,1.063967591525677,1.0278933074064396,5.87293283604066,7.683384965465219,-3.4863148237429256
-0.9420628368089048,-0.42800458353243487,0.6215611548119176,-0.024513851367636095,0.46133184244754427,-1.2938608014921338,-0.7510328297133315,-0.6178564872886924,1.6800011610602852,-0.8799968549050815,-0.8181959326454474,-0.364748737810311,0.027094754414375935,0.210419504354388,1.3435351515607783,-1.1532039515791699,8.962618095515074e-05,-0.17348368926083899,0.15752098994718633,-1.3095054752595847,-0.27443108149529516,-0.6949118261411759,0.13387556634185305,0.339118646175099,-0.4947914229412459,-0.1602353098981908,1.619887514991472,2.8447109312677887
0.2911123310974286,1.73203538984066,-0.5618985929729551,-0.1744192797981598,0.5891082905025127,-1.574997303002148,0.42891614984869264,0.7364178237230191,-0.8592970499685828,1.0670365717472339,-0.8737280683450125,0.8714965395406682,-0.09098725619248606,-0.5618084819923181,0.2224598373151806,0.5601618644446076,-0.029057469477061056,-0.19648761635546233,0.3513996171508066,-0.5372877214824826,0.007631091604529785,-0.06520562138918301,-0.145134175422878,0.09351667864303886,-0.07858860808324189,-5.431355613892803,3.916836115577371,6.567931037943652
-0.49654322558628505,0.2580905467601178,-0.557916646555979,0.42254629672428273,-0.06396232570023666,0.3672893395749636,-0.8850471499698231,-0.17401958349019903,0.5454335589917428,0.5686126273617137,0.9872857801586661,1.1614609762055668,-0.6592154632025483,1.7404194987018364,0.9589469125776012,-0.8415181032592204,0.44392729184645374,0.6263513906905113,-1.8035223422513946,-0.7067973754054935,0.6201116818170437,1.268343220102306,-0.7271532043609088,0.7967085008721805,0.6875494858880296,3.2487424827681486,4.1599806991454535,8.738326018040706
-0.5013855282689581,-2.06606282227944,0.8862871843244423,0.11685122794017318,0.7150801932767569,0.6342180025301013,2.042609563414885,1.5896428671599712,1.508622687548634,-1.0554147708194257,2.559558946163397,-1.5563326183046633,-0.9518661914948656,0.9848650941003064,-0.30983577069958346,-0.3445832758103714,-0.4814155146469349,-0.18260297082440236,-0.8551160650780374,-0.3132845080084907,-0.8137768945632443,-1.0370635124417125,-0.2485525867542255,-0.01601522697983232,-0.33397619847029886,1.4405890104330428,-7.70341129376657,-8.949058086760632
1.4165048762103547,0.06937951620249269,-0.15228114043869753,-0.7330110412925693,-0.29230752391660614,-1.5144199862799166,1.3781110564985415,0.1557091682676784,-1.6337749020831158,1.7109972242490463,-0.15801982951344062,-0.56297846590133,-1.7113785480108619,-0.639876098173113,-0.8250595015309108,-0.7793551257033111,1.2106079806914298,1.5068345734802653,0.9722871093219182,0.10560650909593336,2.704724246476914,0.2271968478073143,-0.6448581545465154,0.3503100563794465,2.742820410595114,-2.54825311728895,-1.9024915330427281,8.694282215594487
0.9547917823799364,0.6144266808377868,-0.8117320802870073,-0.898478960178223,0.024040145299405024,-1.7829945181737834,1.72315458787612,1.2182431375596279,-0.046150991196925735,-0.3600740111194965,0.7376931068275538,-0.8044074759648229,-1.2302035729894798,-1.5253650746863012,0.3375527425169127,-0.4715713697633331,0.2829434507608339,-1.449518873613917,-1.2628136006816941,-0.9979534482766425,-1.9574777937620544,-0.9016157629600741,-1.0711198368770207,-0.7001293025250117,-1.0429681264133932,-4.009046426979141,-5.470406627836585,2.937116832031542
-1.739103562680722,1.3839516707319783,1.0515557693138458,-0.22081748087680084,0.2484790051609384,-0.5516751027993686,1.1286720629493183,0.7951918544394779,1.4447443527278738,-0.659031540175436,0.6203637493360857,0.9911092064089991,0.5559430555693115,0.030646088615977587,-1.9837787297510072,0.3650425308364477,-0.305010258614615,1.3084454437929944,-0.03780766270184807,1.0623084697143352,1.2111026255521562,0.42665767984076075,1.314589336331662,-1.7020775882985641,0.4671442993791602,-3.22704682812519,4.007196657343894,-8.905175210469286
-0.33416613532264094,-0.51902908078824,-1.7495939337228652,1.2164195728666778,0.4805530963841885,0.655938195892493,0.2357242201085918,-0.1430577533949375,-0.45774356414636846,-0.4737089934162955,-1.103437168766998,0.45351879106237225,0.9793127655898596,1.518596917923575,-0.8233021703718946,-0.8341954051065398,-1.0972779148558818,1.4314333519495561,0.40907823446864644,0.36109225953368035,0.3208552727155581,0.10462376036379724,-0.11848321723125489,0.42914164708851843,1.0875704571929823,4.38956288240517,5.760361957941909,-3.4310370143704287
-0.2453489146480292,0.9327791510184245,0.4700730808152849,0.30429352550566036,1.3859163515488122,2.542755151949201,1.0750019479666288,-0.2603575239670604,0.15726712418256766,1.2113708204950815,-0.3799593297779087,-0.23063774743004695,-0.9905060063148049,-0.4067258829821887,0.7892525779438517,-1.702805253086484,1.042256902879809,1.086231497526566,1.6568436393726658,1.042061759889573,0.31236720617494157,-1.6752479829678062,-1.5795308792274305,-0.1842988352498231,-1.3445865623334525,-6.434136372331424,2.854805122735608,-0.41564568624494885
0.8896096165786281,0.5299337447875336,0.2813401912300885,-0.03385419127948722,1.8368415821619735,0.8314398202763371,-0.006166455086483392,-0.7726665475740393,-1.4189026536625324,0.3489317370243619,1.2579366858716894,0.6792317380012134,-0.969189300556077,3.421295759749063,-1.0976249052477336,0.944042626599356,1.837980915893165,0.6497200864692616,-1.8344256261079954,0.12384248509053829,0.9287845546473075,-0.12464935099402687,-1.249582794791543,-1.0125209274901796,0.9949811815260012,4.695221606613878,-7.006048602925898,7.22816909326014
0.5346274937341571,0.3942791470763807,0.38897060898606545,-0.5641414754546292,1.3507799808025136,1.2633278006512665,-0.3757862519213724,0.5636327264741934,0.9725641314184277,-0.9189180001319176,-0.1052425160063332,-0.26987006611508085,0.15813375397454058,-0.8510048286012704,0.4427143019942746,0.43727788159730197,1.2081294358998282,0.08591098828987759,1.4318012665311461,1.4996222481842751,-0.5179315030366928,-1.6241696598653632,-2.219607074612215,0.9638219404983684,-0.5222165560328198,-6.249156871361484,-4.137619130391618,-4.429158731545436
-1.2166190107829258,-0.4514004951916989,-1.015923119642834,1.0407269524118172,-0.7825183853641158,0.4827885637937767,0.874049598326688,-0.5653369985831525,0.14588840030133254,0.7484800761827983,-1.3920078226545058,-1.5351139466218442,0.6965423108683604,0.1482756585263225,-1.1056889164064223,0.040730291123303064,1.2589029082510417,-1.035743835482345,-1.719415447142619,-1.0444828785180316,-0.041935271067838176,-1.721100460925093,-0.7788781602195928,-0.10649276548328394,0.7869670557239002,8.808050215915047,-9.337034420980538,0.8339493385492626
-1.8530698781103059,0.39558930138979603,0.06631042857519047,0.04898109515102275,0.20959194726027613,2.249680142143351,0.2331911325052223,0.504055864807903,-0.49554498580048256,-1.8831782899408733,-0.7040391948622976,-0.731631458810701,-0.2816248001496311,0.2992422807184796,0.08623250504002454,1.3065977651755325,0.6240833410621618,-1.0484100159612277,0.3905261248901053,0.15937062176925038,-1.3718387695934628,-0.21349408695017316,-0.3217720705603827,-1.23109400600198,0.23092897527404052,2.401098295318595,-5.1384187646545,-15.831134782688766
0.5113099356103289,-1.2427384096017509,0.5592524152195663,-0.04382099754696377,-0.32429821951006715,-0.43603940281151393,-1.9651818502394751,-1.4747787613238619,0.031184863393188163,-0.6414327048285533,1.3132914474392523,-2.1560430720129076,-0.14506635448403477,-0.8056665734401907,0.8017205281003801,-0.27632864462948914,-0.8457239439563886,0.5610681270386404,0.5573017761777589,0.43803826761484455,-1.1242853081515456,0.49111268145673675,-1.730255513181827,-0.5696436297814024,-0.9741904325691918,1.1068274508170752,-0.545551965857086,0.09020921383097177
-2.442663106620175,-0.6656186479963256,0.5326114182668424,0.34443976125498244,0.8495267193775312,0.5046395693771083,-0.14680795792221024,-1.5892652585132911,1.57497436363882,-3.354104825858273,0.06108554130914003,-1.3144070053465684,0.6816491831589272,0.32079943659725674,0.1157888608178922,-0.6722020915517197,0.046347521754075256,-1.2385366047162407,-1.391669818463795,0.5979100772603444,-0.26004211803574795,0.982321199342962,2.2012273728875877,0.029570580405506204,-0.8685678042046671,3.166650809064203,2.022399411872382,-11.346715911116549
-0.7537550864837324,1.3014649702711865,0.44971478726376035,-0.3221844874187845,-0.17086169770101167,-0.6115465451380899,-0.4023788273779984,1.4861727819054074,-2.2073018458481957,1.509987864008945,0.21945754199001888,1.109170097408251,-1.409881488141287,-1.5141849811951646,-0.9865070449560144,-0.31408457169934983,-0.029316489013956136,0.920811202742803,0.9446432800788871,-1.0130375918350951,-0.5550884667355648,-0.49785848319733245,-1.0512594304527962,0.8619634277204479,-0.44332071128746203,-3.9599210515303076,8.215670679166394,0.8265122577593057
-0.15298839938206824,-1.716386812676395,-0.13300567882606887,0.4318665887027317,-0.32320933487903425,-0.061084162391487354,1.0378688970139789,0.25188770526368015,-0.9328601123630572,-0.41893699015003566,1.4657636989993992,0.07514868819413457,-0.41684807113419553,0.9092141107988514,0.6460450379469193,-1.360198140455147,-0.9547466967821986,1.8463995923349763,-0.30093598469683147,0.8478666332785001,-0.299097322839702,-0.7105647441613574,-0.14766540965906885,0.6817352303048342,0.014087742333596885,0.2424080585480952,1.945095566642477,-4.83094807589726
1.710472437251965,0.33144110222118933,-1.920694415986394,0.5363825539811744,1.3047071609156893,-0.27370126861487687,2.290947597251983,-0.033482239939336154,0.1325278481185325,-1.0241238436515134,0.44815896111256676,0.39493750612515865,0.8499123295149362,1.922724385970509,-1.0457512541462801,-0.17071864877009194,0.9549323471672334,1.9863306214879284,0.8726573004613966,1.4524141843468894,-0.0727860450950975,1.4897469195221629,-0.8374636776240936,0.28210206068020915,-0.4850842905955176,1.5264425791976446,5.2219412752428465,3.3659653259662567
0.33498227262274344,1.2590461925758551,1.1545427799865426,2.4832866869475323,0.6635994649444482,-0.3550089609669124,1.2864525143018393,-1.2047526091036287,-1.8176888867750467,0.015132812801521506,-1.244288432357252,0.12389425084381785,3.245670062122971,-0.48570853339779557,0.3817774555844826,-0.5817189036954065,0.6726879322630674,-0.19155925109779318,-0.6209085100386796,-2.144812042511857,-1.1688006603286043,0.2844325451564899,-0.4482964567697752,-1.5562394602666945,0.606901615924561,2.608580285828221,-8.646761452659911,3.4218580701144243
0.6346333920577751,-0.6788683932453838,0.6122121823799463,-0.6708134748311477,0.7596649960622626,0.5794864928645538,1.341050516163133,0.5696465206728076,-0.005735895739945517,-0.5470930189619552,-0.12554629174243592,1.87320414917328,-0.9224953190627958,-0.3347228214235305,1.3454336989263456,-0.07322022747254382,-1.1516558325316464,-1.7555264191309823,-1.7379787364047776,-1.8935964624166675,1.239704171954632,-2.116681210175509,0.5153392641584958,-0.384052270452578,0.9115208610488713,0.9041362589714836,-12.627839788487558,1.5163549102352143
0.3369380783827003,1.7314726317348332,0.27885520872660935,-0.45833868962885965,1.9165564319534907,0.9639379706461071,0.8467553719426809,0.20409075749883626,1.045117962333599,1.8719462884028293,-1.4715931899252415,0.2843392504379005,-0.3439018610339642,-0.12965789165800015,-0.5193929514747478,1.157787944613068,2.11716362514399,-0.17504177641524868,0.8837722813781194,-0.5761319992033389,0.7745821447601603,-0.8702522163722711,0.7075745006197113,1.6597144483101736,-2.188144248586488,-4.057431904443698,5.546937128602012,9.136591702361894
0.41187309796696037,0.4679351696940794,0.5565510015473188,0.5782953587432581,-0.3175333631746407,-0.14780501970669324,-0.06251772507059367,0.6452607525876279,0.09716357466238454,0.6906127799803202,-0.7610971588547275,-0.4745927724604271,-0.038421946168101635,0.7750151233689094,0.7496389238220788,-0.6645419915826768,-0.9719984804125137,-1.2391994955440764,0.5490701923944838,-0.7937142133772096,0.5991382949677906,-1.486192789122801,-1.1239994738011998,0.21377033115922559,-0.9481243203212879,-0.589243536846997,-4.80405121920568,7.563343031718014
0.8756327981743538,0.7214514745708498,0.8027865156580218,0.37754885898006924,-0.944371891514342,0.5490196387996836,1.0621854072352077,-0.12311662286408664,1.047006266654553,-0.08085459395319018,-0.0711450857765393,0.5889842384212868,2.1301025823419395,0.920796058143823,0.4367774609434195,-0.5970045873430819,1.489837022704348,0.23298489890548518,0.30589420075252416,-0.41822420029078294,-0.38387017119167716,0.1096212168430708,0.7810968524120155,-1.7596882506275384,-0.6115579996877908,-0.3974244700450672,-7.084801935453133,0.15069798444226978
-1.1668958847843234,-0.2846265460562449,0.25623224328401495,0.2993511449772766,0.6744182273660623,0.6248308253554105,-0.06650610338665658,0.49895061027291543,-0.293200073994252,1.4729053237062222,0.10463564387604286,-0.03337646732245765,-2.0592535103254406,0.38914285591811587,0.29378767455394567,1.656489013858746,-1.1368133013555213,0.043583549222027604,1.432272643453329,-1.475227024117901,-0.8962087735630924,-0.39841923046487154,1.6698440271663904,0.38482119737819137,0.12733234466501137,1.4752238272163027,7.370791310750448,-4.036952224270555
0.4533622410423167,0.417338916116554,0.7012177669849792,-0.5280808850476617,0.30763493796055874,1.200896208460604,1.194202184524709,-2.4331793691529424,-0.403235025972446,0.6825883288638,0.42358018345169657,1.516339813288323,-1.414040169071204,1.4992571430239376,-1.9455524308131498,-0.350071739203734,1.4019531462175272,-0.01587440538392309,0.6627466187608665,0.02686024017236446,-0.11106659489741671,0.2388607376498422,0.7738104370655952,-0.9495734891135249,0.7854451272020364,8.276920695248236,-1.2409580004176541,3.6371326513014406
-0.22315419479929965,-0.07741944669949691,-0.047187262701918385,-0.46863835854048136,-0.5294312359232984,0.07822733237392675,0.3658293799218075,0.9140627502080109,-0.08927025489371529,-0.6306000727016691,0.39796983863234403,0.09264427757785998,1.5361914038198488,0.3940946958161336,0.10476073883109922,-0.591410967305301,0.5205931184108484,1.07702492292651,1.8605958302572698,0.34872546612234406,-0.14383735064802294,-0.5270038108132326,2.5139109205933434,-1.443895491378634,-2.271780495852258,-6.707167899685665,2.995039970060459,-11.046576110054833
1.0896518294756437,-0.8658920560158245,-1.2251366962426935,-0.9444872240449587,-0.6486817168770735,1.7854278703399147,1.2464597387859224,-0.07434949307053952,-3.008534334677882,-0.6705260936369617,-1.4284601621578827,-0.22773723394524004,0.7809446123549526,-0.9501182935385426,2.5027194633247207,-0.7411281424849218,-1.2957958477365181,0.9450758184608715,-0.9813327258584196,0.47558443468824607,-2.668344682877173,-0.34488832209642967,0.40004485204829326,1.5879677762405955,0.1740588340568059,-4.716823113694649,-1.3417704690191676,-10.345874572121831
0.7585052431463659,0.2568009125044984,-0.686935997718679,0.3437689373325568,-0.17931747417163252,0.5229340229904608,0.11809255203896711,2.2398773339957905,-0.775614641300256,0.6106794065521455,1.3983298069196843,2.3667778656721823,-2.3124456891523786,0.49036589249419027,-0.862244466364524,0.7306153930157037,-0.1812261479989336,-0.6594679034376176,0.4189824058343782,0.11615319183414398,0.3745590754945211,-0.5776608346923309,-1.9117541003817302,-0.1205605965314675,0.3297924957072773,2.5255637067039953,-0.12071779693239862,3.2635734279060618
0.6609631408531186,0.7947857921524357,0.562799039863244,0.4950659042577229,-1.322621135144255,0.8329604420728445,-0.640315190505024,-0.8821300663494882,-0.021627609911819765,-2.6124369540012475,0.14301089512342832,1.065352643746646,0.22535413899320836,0.40367624289380366,-0.18641069907567684,0.35318003199042775,0.6859324396174079,0.6741560500869543,0.5052451452872444,-0.08465143437060545,0.7949804567687131,0.5918260175961346,0.2610965933997664,0.09767951568950425,0.32169734362245306,7.800039507696788,-2.9685990445777994,-2.9490940887832946
-0.22459383773230196,0.6040634298805165,0.4245891717915607,0.31632275613507754,0.08609242935699908,1.3193820665414306,-0.7722601761439736,-0.1958889676878216,0.46574042369408686,0.9440343035442935,1.3285143692003107,-0.4925383944432155,-2.0570753012112934,-0.4778914548217217,0.05771310676285889,0.0007237325471638565,2.25714456514452,-0.6771464520794032,-0.5429051777606145,-0.7317961193047933,-1.0352557982570727,-0.1804786909908857,-0.8165313641423572,0.751466382481553,0.8955414437432643,2.094304727525412,-1.7679351221597095,2.2416236943412513
-0.18046255614267775,1.134950284612847,1.6401787004208908,0.14728654989207277,0.2224133148519372,1.5084771642305876,1.0554202968766337,-0.596418528390398,0.8627560925528697,0.15294435680714766,-2.230016066614369,-1.4908672038298836,0.8448608089083599,-0.2909842619671665,-1.4097731025875797,-1.2367992621867767,0.22220094913187738,0.5067447924566861,1.673354633742958,0.38742730528668307,-1.515674263432806,1.1973432847784258,2.066475891806045,1.2023358212722313,0.1286170533938679,-3.04263296828992,7.587473397200078,-6.8908613963828085
1.6710580614592554,-0.250567721325052,0.6135341752640008,-1.1997254251131455,-0.20617832879341116,-1.0672722851732557,0.8340651803936642,0.6055574237791845,-0.7177771150586953,-0.8949295884514337,-0.08837703626100142,-0.6049768443541487,1.5691522836599032,1.0455817535814058,-1.0738233204403496,0.23748513942535227,0.3628884271119428,-0.5480245225467809,-2.439585783484057,0.8715300900235354,-1.7153717338890737,0.7940190243127746,0.09273500160888734,-1.3094469699523956,0.9113490281156518,-2.8073239063551663,-10.5478642804621,-3.052541516155664
0.9565023320254433,-1.4576841445714894,0.004943084457505802,0.04713078583046342,-1.3417575591467719,-0.9683408391552181,0.28611564379357324,0.3094487529741202,0.18556112771959501,-0.4305803100373713,1.0749821419750012,0.24903230287365374,0.6353645739197716,0.8738037504365813,-0.8980701584323102,1.57409984631964,0.16949286988519013,-1.6879296775741086,-1.8455066557454671,-0.628281443313666,-0.35877983260930724,0.5133755883595763,0.6225740313015778,-3.876548803568698,0.8108192609403831,7.543012793895568,-14.546978434015479,-1.5919690275635212
-0.8656517947239256,-0.19904915578558022,0.636427940934098,-2.2660373418267543,0.7520915876817504,1.8099956400965147,-0.13442932256879336,-0.8510155422489878,-0.5063497929267025,-0.9759495450449712,-0.15353871184721596,0.24162212897728053,-0.37727124993422545,-0.3431051089611507,-1.2392858917417169,0.39629798671125693,0.5962593328520142,-0.11582516089260038,-0.8671288225460623,0.40344024251011096,-0.310819386314297,-1.6743414460331396,0.18905846713201044,-0.0796583307098834,-0.8937410531951241,0.20732380641407483,-4.8296724190574025,-9.388906118566801
-0.9049786423199477,1.4229731080212928,0.0857740840554897,-0.6519585889965521,-0.3294932199850944,0.5540129582321055,0.04296396837381546,0.6105825716822482,1.48557837451669,0.19804142050996038,-0.2005206121456869,0.7884014869530844,-2.028187953309229,-0.9610805291603991,0.10454797819507092,0.46918176258516997,2.000896540264529,-2.052647437047043,-0.03914591797579098,-1.98964987988634,-1.032231628590025,1.5466543617292787,0.24212276164312968,1.830734214037547,1.8797611905235778,3.0023056060866584,1.0108891518281995,3.209611508259164
-0.4932809545990859,-0.710819484759241,-0.314930853069029,0.25271191168710583,-1.3083163473703447,1.5995796228676065,0.249585461033855,0.1521258391511044,-0.00025037495704947264,-0.7187955443638152,-0.4629756788472038,2.523129530825069,0.21252271187965732,1.3282214041385139,-0.49637283952749317,-2.130306083272694,1.233856027902313,-0.6213847120527624,-0.7188078876221581,-1.0515868675681261,-1.1215786691824472,-0.46232234928616533,0.3166289322687052,0.4564257714987093,1.3964878002272556,7.768298108321923,-3.5512220179216207,-3.7381820454265027
-1.9728345768181133,0.18486766111253508,0.242774265923137,0.014194781152931605,0.6326379413919319,0.11622386629996673,1.5268426406202589,0.005000366396640148,-0.28434196225056546,1.2861607970720867,2.064196018737798,-0.6959613467236727,1.3905943029143388,0.32458563413660374,1.8296881287352518,-0.05391401973700182,-0.13969377618230777,0.8302595854612346,-0.8927219237035064,-0.4363449947063448,0.09232398499058493,1.112377064621244,0.988952260419027,0.7927619368923181,0.07110731090958955,-6.188919026610423,0.735066467595864,-1.7460627556259833
-1.0997232660046805,-0.8128781682135867,0.1533534260414531,1.6578169272319392,0.29207806035303685,0.7094989834619037,0.4380099059464128,-0.37622365839119853,1.1969574970484549,-0.9578204996588763,-0.18904012088914282,-0.5873833900724298,-2.898772386183992,-0.5803246097072795,-0.056325967797078935,1.006361680361017,0.735272873095181,-1.5440393620701627,-0.7737176921785701,-1.05578519187659,0.47237598073801085,0.4518941306362744,-0.8775775587568719,-0.8091923444264284,-0.7788769563736266,12.437697528633363,0.6878612022756375,3.03656114733721
-0.13670586286078834,-1.2487535548467157,-0.03532623996544298,-0.0033060593969936936,-0.8690997403180646,-1.5884253455421349,-0.27660001345087487,-0.13616759838569875,0.05482367777278206,0.189425545930542,0.8085255922842097,0.3491449860793411,0.7525237447314673,-0.3148370451850775,0.7629074435779094,2.395456259310361,-0.7359557812260226,-0.10859725567342482,1.1956169154590455,-1.0465735284181634,1.0805885601019025,-0.10816540106253987,0.28721189860637103,-1.10005746668125,0.4923146401855583,4.5543745325215,-6.393863817146487,0.9140690854003066
-0.039304564715718616,-0.004355707792356007,0.36472040980341736,-1.6909918714459748,2.127024081646554,-0.2966596205195044,-0.950252259031718,1.2619153281403803,0.6546970273383439,-1.1937730770703507,-1.8468722054964613,0.21699776170120452,-0.32987102439575305,-0.06540731634102216,0.14416810277134373,-0.0621872193358397,1.2764632579441446,0.7310413079317202,1.1318306607127733,-0.9715813819499021,0.6609615164257301,-1.3245050876770448,0.1651966061000298,1.3971253745261347,-2.157963943847624,-6.522616112191282,5.497435730290133,-0.5315366632148086
-0.38522027411062076,0.4267622720243964,0.23169978189416793,1.8811257980311922,0.7645535948401249,-0.05227083487602463,-0.26313540887537684,-2.232344062891303,-0.10978288415187894,-0.0645364152733253,-0.9721810632687119,0.23297940730239283,-0.8620935787266025,-0.15735169477049754,0.3365253921148586,-0.38872242346697145,0.9120638035190065,0.14980634762892206,-0.8906641236970249,0.21656811600727524,-0.10584830740502475,1.2939495961788277,1.1208543607883092,-0.25406871355339694,1.5618505875200972,4.493478346214837,7.204565851794683,3.57560689370631
-0.9704807923310274,1.316277934711256,0.04353768429970741,-0.5517152885337585,-1.886822371520621,-0.603519886395,-1.46233911659202,-0.8518286208477682,1.350503789144544,-0.9510438582868337,-1.9117280330697828,0.349456661381968,-0.3696324832600098,-0.7867683719367417,-0.2928008315009352,0.2582642479356628,0.22071483059259986,0.26581220229895064,0.8072716763859442,2.033693124868906,0.6727003215380251,-0.8265638432989858,-2.846083485896378,-1.4648271662917174,0.18353880295180885,2.1979997193073686,-0.9234024245201957,0.543229941877651
0.019242981402317047,-1.1282632767225285,1.0009918807202594,0.8534988232600078,-0.7335910940993055,-2.8576046211906623,0.09294591908779003,-0.41898984978918447,-1.7989763422829326,0.08341916344435564,-0.8364253833196502,0.7291639666880566,-1.7742310444541785,-1.2408905507783548,-0.034845958467525,0.9774135876079466,-0.3344898310056696,1.0742002098454368,-0.735927918537357,-1.32300475500426,0.8233440798799198,0.5531210404162189,0.21064431943563758,-1.5309849514873608,-1.0710629978664858,7.297516967745393,6.210705000799588,7.650270270913393
-0.12947938639082135,-1.8205888732436288,0.38484211977498506,1.0735377525283518,0.06050217711174733,-0.6410879922667496,1.278800829023778,-0.008538779976566952,0.8526978031429839,-0.6366021207738919,1.005118332077498,1.018193170868563,-0.976907962933351,0.8198355125693467,0.25717911428007456,-0.6069829927454019,-1.337792757440685,-1.0481283009410451,-0.599399270495242,0.9453650317331194,0.24805266907899193,0.2832812299762325,0.1480565298388686,-0.21605115029356967,-0.5667931581425317,4.643723475152834,1.5736274103505932,2.669915408277087
0.13035601923599027,0.7745531081622709,0.16498843524595433,-0.33029307136836844,-0.8050852411672451,0.6589964491362061,1.0673924140536863,-0.03047673183566111,1.0478481131899713,0.7409427466750157,0.6492560128344884,0.7977874269458195,-0.01132150609578563,-0.16260565875220365,1.4190186340106512,1.074474748197859,2.1121871208581613,1.0614475880341034,-0.21735443906177832,0.8387554365319353,0.40605259214752365,-1.6640371045483446,0.16814345338380215,-1.2222937352706655,0.5096896015528718,-3.238151205739881,-7.49015758089209,-2.1040054670129997
-0.4978443464270323,-2.526050899606679,1.3133352978680999,-2.407018121449171,-0.05114044140993429,-1.5566394707366116,0.9012467829641869,-2.0606719935478264,-0.24980464067357325,-0.8496531731474376,1.165914252210963,0.5130595557052091,0.12564144458702226,1.4976703534724831,-0.9789760129603206,-0.971305743988281,1.407464023902351,1.2034225979223339,0.7352730140110261,-0.1549784344305539,2.0842163277565993,0.0005159516768369903,2.7911963941516924,-0.5327047329198585,0.21024124757453352,3.0453469430724005,-4.168639623407504,-1.585758414673463
1.5877363138711649,-1.4721817063294365,-0.09756831840101858,-0.4939508019120243,-0.460809945499668,0.0004910202138299733,0.28798945150751676,-0.25553531569759047,0.16221307975049956,-0.8791246324601882,1.289185520680188,0.822226131434281,2.090816795137224,0.31569841173505914,-2.035283491720223,0.9085066825513951,0.2725277317144756,-0.23741549890150834,-2.895318957769137,0.6402180289297684,0.051222276647946714,-0.457523202339796,-1.065284351157726,-1.2803046527254993,0.07793967425297649,6.959645927689131,-14.27609327257011,-0.10659975153704757
-1.3046121619597422,-0.521545266953228,0.7560566591985599,-0.7846056969112902,2.0973625545567813,1.1114155122001628,0.4734444475970923,0.823904402252229,-1.4514915273216806,-0.6254175077466607,-1.8656517638556467,-0.48575892618718053,-0.24748874585045455,-0.26020508284682803,0.3787437012589572,0.12515490556148964,-0.6461806326843244,-0.1907126940123224,1.011291033481255,0.47076698857424376,0.7744417042855971,0.7390595268969291,-0.7791319419377806,-0.6611907365199814,0.5130541645818149,-5.886094204255374,0.6875498109191178,-8.040432778837157
0.4631772004693506,1.7688468575895413,-1.2952591335748933,0.17385564257401254,0.484563612801024,-0.29190627044705647,0.9199909282580385,-1.8790206748366907,-0.4795997687682729,-1.2082630570985409,-0.5044296939459043,-0.4792079871364114,0.6504735039018067,1.1627834225279206,-1.2424942853777903,-0.8340461086748492,-0.12112962144129905,-0.21303158479412299,-0.16257255891378794,-0.07472800043042184,0.000385039149856786,0.5934274719954608,0.3091532056340282,1.4171151853540882,0.3952456528580557,4.474195735828892,1.2225446153836061,4.723913696501277
-1.2092170814295615,1.4352782754274713,0.05832132424548839,0.9896418512460241,0.4825583306364854,-0.2623324817574046,-0.8686537153003205,-1.7533160840189768,-0.8383633499825021,-0.589651563087917,0.6007042851202671,1.8605168358892543,1.704684663769391,-0.8467012660593487,0.3353331017698263,-1.0840781314639483,0.5274085099325019,-1.3114484131825268,0.5551083524296175,-0.25857613663266915,-1.0960455042835695,1.2748958079627652,-1.2726201181027639,0.37251038273964826,-0.014167209515861385,1.7186617907069104,1.9227220000474412,4.0920657381931065
0.0970866974252799,-0.8877414619064655,2.2572660647065654,1.5827780296820888,-0.4896155200471621,0.9256174603321916,0.6954930767584929,-0.7323437461515033,-0.5047138842589092,1.8506713641336099,-3.639148419181036,0.1714083828444315,0.06716410885464602,0.506474983876032,0.8778702941264914,1.862826687035942,-1.159225335271256,1.329900172955955,-0.7982666342309565,-0.9554774192255644,1.6593390807827888,-0.8377922437971715,-0.8044072901933291,-0.587624463017371,0.6959163277002174,8.92385851225127,-3.7694715526454856,7.528133605314391
-0.6400972770279477,0.4946429365550976,0.3294805541870489,-0.5880094407614672,2.1672024060981494,0.7873254281551292,-1.4823671418300104,-0.9797200463735967,1.2476105753838298,-0.7609871573872925,-1.4312880907798433,-0.5623302458261218,-0.8800652112709862,-1.9688524930487563,-0.3387249077650214,-0.2242015235392225,-1.2107766118433458,-0.5914691386132298,1.2802556668920355,-0.8586572959623389,-1.1957128392202019,0.9605363933493534,1.0346326083120236,2.670033283949306,2.102006698990616,-2.5412045621696717,9.576170765565042,-5.087367810604801
0.5414965213036484,-1.2004466319210196,-0.26956752527836714,0.6432671996420278,-0.665161482896697,0.8717730006050561,-1.4348597250192205,-0.9729826556127434,-0.6005321442438128,1.6092595130200924,-0.5601395096903299,-0.19246547770352582,0.8254542761023844,-0.14538979603718435,-0.7510157368421975,1.0515487089634956,-0.7584119352260061,-1.0311626389215938,-0.5420803822001201,-1.7521494369961594,-0.7359517609134995,-0.2793392027251142,-1.2449431216854308,1.7905173831984844,-0.3820952196954951,10.777293631388526,-3.3029922948692034,8.819214841541392
0.7521682675807827,2.1944188932232445,1.414698230713115,0.6683140629463579,-0.8605503246042259,-1.7469346992265058,-1.3611770692632867,-1.3627613566125862,1.2902864079542413,0.5616393302468389,0.7758322628866309,-0.08209444772383455,-1.6907211082062332,1.0517020371551264,0.064179599900595,0.714365893607594,0.33096095286724425,1.1414110506873738,-0.1726308572866948,-0.45744742958691675,0.11118266548133525,-0.2603891979123084,1.934979856695867,-0.771648067607448,0.8793397895268547,1.5009979140958691,4.19656059079366,6.927302814684473
1.433557384719374,-0.7113164801217066,-1.462385117254694,-0.16092903632021574,0.8581498727034691,1.3960256793417032,2.502102633118803,0.5480477173799314,1.5384590988998224,-0.2745055152669868,0.23495469832306104,0.3244773527885546,-0.5985729055283403,-0.9185619833984872,-0.914479083939783,1.2375645221345257,1.237627248806075,-1.8158857800178407,-0.09000707146541022,-0.311956024190441,-0.031587702168792454,-0.3935339160317636,-0.6383563917123725,-0.2957997097276884,0.3960419913380135,5.284691364943684,-9.420117722137544,0.5661840527927616
-0.13995800820370272,0.7857291065224803,2.8213658970865416,-0.28451414504870853,-0.3356263146447301,0.11580965063392837,0.29275618773236733,-0.2860052252109472,1.0883633988060188,2.624244965836748,-0.5206248330676931,-1.9668653217189291,0.8946949633033581,0.03384315401144611,1.4492607276350151,2.1195720356808447,0.24952055604957551,0.41955354103881015,-0.4005346420457979,-0.2989196087995446,-2.155413960334271,2.2946889495018867,0.475282909207495,-0.10416933444241971,-0.7921672017119638,-4.309017541464258,1.287784376877568,4.621945040697105
0.8513566485897532,0.7958653244264412,1.9837165041166946,2.3557633849785145,-0.00655339403780088,0.1164118987755987,-0.4544004139374048,0.52231131069108,-0.7815724742611357,1.7758048525777579,-1.4768540294344374,0.8792986731601048,-0.12049453753474423,0.024729305575008454,0.46623857180823514,-1.2727348923252018,-0.24688485555466763,-0.13076632447386916,-1.403808359868084,-1.9682138982449198,0.03895372772728883,0.01646775707529131,-0.5972203633560929,0.45482340794368326,0.8973905147516241,1.8334904954352758,1.0160896610059227,11.571625088873228
-0.26954819158979804,-0.3977445191172214,1.0419237607127179,-1.2316450048241656,-0.3581032793734766,0.6289185785385318,-1.210998767053932,0.44504552712145823,-1.7851062210713056,-0.7158618904594625,0.2881595173176355,0.6334229030989729,0.7372923539704223,0.24194375154340356,0.590289615363002,-0.02301333034226389,-1.9878103321296767,-1.7826675363610582,0.588789991082447,1.0826576279175681,-1.8075734531775989,0.08249462352928386,-2.006113298821277,-0.14568588577467198,-0.6147025818303604,-3.177447472754456,-5.987028882047229,-5.400263343954486
0.6545967693440605,1.5973933415207742,1.0276879116723614,0.4512325877887064,-0.5900465931531451,-1.2399663319012701,-1.6812371888392643,0.47373270896655784,0.5833488182860068,-2.1066903877157737,-1.4579130465233263,-0.29278442369401386,-1.1223836173623012,1.2843189033328553,-0.7205983378922937,-0.3771411366169288,0.28346185290977965,0.11398434174970852,0.15551517481317056,1.4912369059067057,-0.6038166466423631,-1.044204303030764,0.014544384281733838,-0.01610603100632182,-0.008134060611781034,-1.4551236188988317,3.414228644849756,-2.1156655700276743
1.4519188560205223,0.3998670465125829,0.930321445825294,1.0882334037885666,1.8591447830477437,-1.5505917944646148,-1.1034332735400612,-1.687132736658438,1.2105389062711787,-2.132440481434301,-0.8294134653550072,0.2570961991481963,-1.8901003760112234,2.416248210823515,-0.7839315630782269,0.579389860076364,-1.4648348080198106,1.7940385597039241,-0.8939106034306874,1.103462822933101,0.8743796081449001,2.6753320079411957,-0.27149206428723827,-2.776840605427747,0.19961834431911324,6.642994552811334,11.414828018414399,7.7850202340841665
0.18962677903179764,-0.296335704977863,-0.8575617127261166,1.1752804706243358,0.8974943865526357,-0.23175407375884566,-0.19934439714409585,0.35821525085168243,0.08505926699525809,0.3987934245408511,-0.581605883425828,-0.21765808092697717,-0.37819674484316995,-1.324118174485581,-0.3348050549811673,-1.0598691864673235,0.01824038545786593,-2.4523936554757952,0.5162603648453549,-1.1924081016250878,0.013863077964684717,-0.41474892743875624,-0.5157691503938778,0.48097789381686534,1.1103447200826058,0.6801544158841765,-1.8785472874401175,4.099139285919911
-1.5032777574088507,1.9920408173119428,0.5299552001235928,-0.2673351018773237,-0.11738228547612081,-0.07834233638531643,-0.8042986246803534,2.0478567641645817,0.16504346569933617,0.6754096716299756,-0.7139841835312696,-0.3475145339211324,-0.9605731536514888,1.4161264462137797,0.008933113943596915,0.23631854795538934,0.3133287508350344,-0.41252533024188753,2.719106770884191,-0.7121529603809761,0.2896380738450665,0.9019283233154805,-0.11113489094525521,-0.0029068706000458704,-0.6798930693284678,-5.101971207065059,7.212301395513115,0.07332435135578633
0.11111049772050796,1.8687742012067738,-1.0292228391388272,0.22451692301645362,-0.561629516013956,1.694725331272517,0.9737709940771456,-0.20744839694304512,-0.4878417125195193,1.0727167245570042,1.3878730176828298,0.3130191814331375,0.20668784808156243,-1.4600788204983133,0.36512362047229335,-1.398776961714528,-2.3598119844818113,-0.5831350401784512,0.034756079828085255,1.0636208821189856,-1.8332927648792794,0.5855578722941336,0.3771998774799075,-0.9219241420517038,-0.2519920206049027,-6.719593727821965,4.107577911586558,-5.332912016954309
-0.6311807085223327,-1.0831826978664296,-0.7835296029120795,0.18400034310582192,2.076464067537615,0.6759194907235999,0.15711890494901276,0.5022091027973504,1.0497954013244837,-0.7611184617594066,-0.6682188207384069,0.32842397116180283,0.7316469608712699,-0.8217565888955881,0.3273995881403974,0.5542323712532021,0.36814026226897106,0.5773704070003662,-0.8294301353768864,-0.9889107774502618,0.5582806079933645,-0.9987675424665489,0.2638869163693673,-0.5248013340066041,-0.6767745369979831,-0.7177385305826668,0.35435062864823663,-4.803223371057158
0.2754039129962129,-0.5895566206050917,-0.06462939219047543,1.492045709175962,1.2322083328733893,-0.5058167437667119,0.6952777238560851,-0.4976768765970165,-0.8036613427675221,-0.3934209362332972,1.0649478986339096,0.4086678427527822,0.6155647728657919,0.611669309696547,-1.538005305283325,-0.12905617430954294,0.9833045264170984,0.8053888559818441,0.4514383248288558,0.12478034958835463,-0.23096752793351222,1.1337360650937356,0.5177802890543625,-0.6285106793033357,1.84218204236573,3.4587500122821715,1.096788804356336,-2.3013649269512753
-1.2923966749522227,-0.7381651924407487,0.13305177514891714,-1.0879132289139333,-0.3879935042378422,-0.6671099405112281,1.4911650286198683,0.1978855195053748,-0.7333782754857125,0.29770179650673967,-1.533807505961385,1.135122708976322,-1.1002123997356232,0.8077901417565793,-0.06943837473832677,0.17909791340419268,0.3891708704882039,-0.4766291746696923,-0.42493521448437704,-0.035409702501539075,0.12105876131653907,-0.7245220665813679,-1.086394406629593,1.3312127613995874,0.13594488925770243,4.003690271117687,-1.1396774670717849,4.1321200443424715
-0.053738753087015395,1.1399941612336704,-1.4005660884168976,0.30222185620820496,1.4980367360113909,1.4712517828873863,1.0088830576359935,0.6451962962262451,-0.6935645058941783,0.1855758268618466,1.4420479720628028,0.34491015972400685,1.2057245158089949,0.21810825205218481,-1.5064285169703902,-0.37008518818297154,-0.37825049321042126,1.0319351915027888,0.19189034868898744,1.8420622306612768,2.2971084899518486,-1.1641507254756263,-1.029307335243365,0.9012239526314194,-0.05747698675237692,-5.3638750403230375,-0.5774800966461511,-2.9448234832956257
1.051342200075311,1.4592882433846486,1.4277324040108172,1.596375361264115,-0.7454197685496873,-1.9309656616583117,-0.8792217273268911,-1.6236771957776002,-0.22227667533060888,-0.27110125537531915,-1.901676739657731,0.9971739989187766,2.0997211993617557,-1.2306499345504833,-0.7957324071137265,-0.9946627333308197,0.755400711811152,1.7043731094907915,-0.40660267709390424,0.9757391793099371,-0.42383271572776743,-0.04729321806379746,-0.5569268357687076,0.5204145672998427,0.6479256949452376,0.1325340550958582,4.180928881669611,6.5151934931372875
-0.9535383184436905,0.477045258614798,-0.45947956781136656,0.6086993929371765,-0.39617761333617174,1.8372199963115594,0.2744938805295396,-0.014580940638859324,-0.08063172009904515,-1.9964823333486597,-0.6354019281540162,0.04919915226672415,0.9539418316864109,-0.7491615148733533,0.6972249032382608,0.769712007088684,-0.5485205861088608,1.3786128179794455,-0.0831070074811186,0.23557241901698478,-0.2461781237801067,0.9194055634583463,0.48819297748643903,-1.4137569659648606,-0.8479941186007025,1.7847947402683908,3.0153712123324934,-12.98865447563705
0.8422348271688853,-0.9731011717719344,0.6344426915387517,-0.9502716831038525,-1.1219865673322957,-1.1374102765224412,-0.4770639717536682,0.5786323163247694,-1.0289878090267819,-0.20207071612123267,0.9313595110223699,-1.3025223891456634,-0.7939548048306457,-1.2085046467035068,0.9856203275183771,-0.6118596502050335,0.3136438402216513,-1.0262253826921879,-0.26570869593951796,-0.6074228767147989,0.22090280044146982,0.43283594313729623,-1.1369853460904977,1.3997300511278596,-0.10181902986747474,-1.532551661620379,-6.292507892038182,5.1150535910752115
1.6034183173537733,-1.0169910863562976,0.40150071144522276,0.664092114799843,-1.3417031812122098,1.533820056847419,-1.3072547894949877,-0.555226883094618,-1.8454525835937683,1.3096373905193421,0.8595515514687675,0.5513656981067128,0.8537047287501127,-0.1622998173445977,-0.4142783796284783,0.40303376740683994,0.44552923312725407,1.5247498676587192,0.05557763780557302,0.4325965561722582,-0.009357529770321149,-1.4101965584213096,-0.07338024320825558,-0.5934582243685084,0.5210737616108981,3.072786053128985,-5.894803621818476,-3.034716116178807
0.5950977190599999,0.2207134959619901,-1.3332314346857381,-0.8993307067003355,-0.6279430200464342,0.13669723218698038,-0.4823422465624186,-0.3332032799234313,1.0815487479856052,0.7104806072474924,-2.46388819800051,1.0955589837372586,-1.021051149789754,-0.21784574022860365,0.03472009595098949,-0.13484298299367142,0.3160646505573426,0.7680033888799147,-1.986734202667324,1.158315814074235,-0.4739781739561806,-0.5631356900933612,0.5148904226964793,-1.1594199299043595,-0.32579493890288663,-0.8098451627273443,7.243429438217949,2.2253879669399157
1.2648887091384908,-0.2704808935448786,0.5204735193508804,0.5386482870007075,0.6296741855603267,2.498542543782725,-0.7890638000304326,0.4054258244558389,-0.4540546908772147,1.2178215507469268,-0.42991581392586736,1.2530136017633062,0.5797794571272348,1.6505614444384793,0.26038826233036827,0.994758008049251,1.2498204171708773,-0.052779410883578994,-1.270819796132022,1.25212930534419,-0.04504983227036137,-0.2634225473681285,-1.3783859573583475,-1.8134431878266148,0.22528789136745628,-0.29089331645553945,-6.676858174020649,1.3463818500892302
1.0421297428616494,-2.2035907621235453,-0.42097646078501105,2.455837987396437,0.3248013104239101,-0.7165548828390859,0.6989526623214837,-0.8326158019827772,0.09987337474121592,-0.0740689293763371,0.9854007714191446,0.6352924340376545,0.4283886018675277,-0.21129687753704135,-1.7269595711338839,-0.7777435889816406,0.784925935675861,-0.8487516545237197,1.1095847631227982,-1.0951466245924804,-0.41656250158511215,-0.7229093309186584,-1.0223856776882272,-0.8488945829343683,-0.09074239989109341,11.920498724639433,-4.23344465210794,5.508859068991289
-0.6158980751142875,-0.9986636447514683,-0.5847370196864042,0.9620247824987064,0.5736499117016342,0.08059380988582407,2.088700413866291,-1.4117004313252586,0.1813931219476236,-0.23457270833536825,-1.7005020073398653,0.35097190098095676,-1.011771615623225,0.1781257411085087,0.2562063969188532,0.6472067432857423,-1.5433004212099497,-0.018238568858119156,2.5868115838977688,0.031028175553403068,1.75999389591911,1.247280835972981,0.07874899491116041,-0.5233597476211922,-0.1337190675250946,8.628477600610097,6.314705023343383,3.986576860915771
-1.3774037868244717,1.9602106342673917,-0.8177812843756315,0.2656433406429134,1.7257349762217884,-0.5029802380383221,-0.5937677939594513,0.40175798208876873,0.6434316976096471,1.9087872437825373,0.4618002921836667,0.29152579609093576,0.7608655019579122,0.5558116509366602,0.810451927991786,0.3068599642405811,2.030041031997103,1.5737310221875904,0.332422692260324,1.9903772783567908,0.20935232582571836,0.7408343838554768,-1.3832869912305976,-0.14783332509531807,0.06789651190507387,-11.523999010984191,9.556734029453962,4.0171765173156695
-0.4043659148406717,-0.736777132437992,1.7151187422727878,-0.7764875530241448,1.065769997646445,-1.0632041481202315,-0.9239408161554649,-1.6206905154457862,0.40785246466125397,0.2505835472853982,1.0688476791680919,1.2029741395021316,-0.9268968256546348,-0.5707589620456479,-1.2352323139427095,-0.5053202366457993,0.3859135991525727,0.48617580081530204,-0.5692535465175483,-0.2377853860011009,-1.6061879272700108,-0.047566642309071955,1.103552480196235,0.4340690156447366,-0.529763251544007,1.1230244087245191,7.069316118181738,1.1736347545696761
0.5959257608829592,-1.6802310633107034,0.3483202413214895,-0.1510774107646739,-0.1071177579860005,-0.9383874552743001,0.5056082022984328,-1.8244634718920756,-1.347567744827712,-0.3721400172508049,0.5546416788746507,0.579818419141591,1.497925951293333,-1.3512220327672404,1.7870502992160464,-0.34741950810141586,0.11438607872374802,-0.26712587745887795,1.343641390838908,-0.8196139404340154,0.45589435235702386,-0.13230331914299967,0.48994290538705537,1.4973236883978867,-0.4014585075684458,1.3592762590544616,-4.954427069968352,4.179175426492733
0.579091458478364,-1.4446369526411016,0.20501136253701843,0.28105367959319405,-0.13109995734956142,-1.02978637110314,-0.2789639589104702,0.9974186045658692,0.6078509518107011,-0.5895384719296098,0.7195177211126916,0.17466564137488708,-0.4786236674598991,-0.32680220578362495,-0.3868678949503114,0.2503213872126066,0.46523370489457877,-0.5905885665482222,-0.9196901386217627,0.0019716127893932103,-0.1450389561335594,-0.3158842618070114,-0.38944966934473263,1.1623585561672025,-0.9452973291948679,2.5871329151198976,-0.1368424949516291,3.1012340523615505
-0.7573968409520154,-0.31660240961555697,1.753911436969841,-0.37736283138747917,0.4151885174761382,-1.350443902391001,-0.03089231220818757,-0.3832702239729158,-0.9968411312960815,-0.19204047247874823,0.5544629882380104,-1.729212810789217,-0.10090623795469818,-1.9213310307614087,0.7970555906333116,1.1318155998398707,-1.2676850083429438,-0.11957787874539216,0.2974024878171526,-0.43743087295953526,0.31075875222511684,0.9590884080346888,1.169341386697222,0.8730032045395423,-0.07774197962087673,-4.068419690194699,1.1481782985090323,-2.7712442446431327
-1.6137359899131147,-0.3042476888306141,0.818775755299071,1.7842096619524366,0.7626198228159558,1.075794426332096,0.7729875567571293,0.5077044293883604,0.5257141162955871,1.666719377067253,-0.21633349442736868,0.010328311945947464,0.8550769862529388,1.340942659221112,-1.494709942122556,0.9172494932271656,0.21702918618982983,-1.6731472658457294,1.2116031800191491,1.0556163477838514,-1.0900711444588531,-0.5593722778244409,0.052486022198991386,0.8083386040094337,1.3077201588205423,2.2553873389935113,-1.1786208633762678,-4.064855436616601
1.3620584522733983,-0.6399467811403015,-0.3132838568704259,0.4720594392687437,-1.094515489533599,-1.4589024296033037,-0.6689030985059599,-0.29012288353567184,-0.879826886756509,0.6096338380010223,0.47279836295617145,-1.0763041945492904,0.9818626900382008,0.8323049567564133,0.2669724757809079,0.6966903617721587,-1.3699014866081907,0.35397599152325865,0.2993488333241574,-0.9264096054522769,0.3688710385400074,0.28657569040603353,-0.2836224608096071,0.07539087043956867,2.0017878219391108,3.361158926515566,-7.123065832481255,4.812090295890786
-0.3115256571117958,0.7859497054237828,-0.8397094012366549,-0.7018257948450793,0.9348608923067432,0.24604177532145757,0.15200075794695458,-0.7277883221346649,-1.0451726621409816,0.4114665770432983,0.7133896427441677,0.16914760438718468,0.5581226415892891,-1.0318172592900292,-1.1628542795430692,0.8995450687571731,-1.6053978627266678,-0.6894359209639147,0.04436053475770443,-0.2678440377841252,-1.5017345928442771,-0.5903395036676039,-0.19785058102491004,-0.920364424831457,0.21155037357568954,-0.943536071271927,-1.931854285848326,-5.015465740534698
0.13341017208373926,-1.5178716181685032,0.2539016936884062,1.2882635415470824,0.49720210853270264,-0.5621604786402778,-0.6808854854589192,0.02876565588304276,0.9086666859166127,0.400870341655381,0.8901014616272531,0.40467401517979784,-0.1850089237218896,-0.6700965692882276,2.12439035903521,-0.4486478930423045,-0.7321885467296915,1.5455585369311404,0.504995781419577,-0.9152283416334017,0.21396106186387087,0.5525338496943233,1.7300914539493402,0.31623394995859955,-1.0298819516099371,-1.989080498774482,10.425376298797804,1.5205561262771274
-0.6973387245099206,-0.4478023996648864,0.764651641574151,0.7457811638399374,-0.7957372485493371,-0.3770103367373721,-0.6833220920092441,-1.3476629373763673,-0.5450602329637265,-0.0004960708066452085,0.00812796334537036,-0.12118670712966514,0.13726145624175373,-0.07815145839103506,-0.24908189698390062,0.18627279290592325,-0.8515606424363108,-0.4396502420504334,0.1326478347315984,-0.5911707324517779,0.5279519507244179,-0.944598946827683,-1.0899078866916567,-0.7658773766054514,0.26315315821038254,7.364339981986567,-5.562590141189072,2.3796312454949744
-0.10752976672811376,-1.2018187640901081,0.35002702036965216,0.2237085901851848,-0.8244592507426589,-0.8370836663454615,-1.4494763819767382,-1.1506706229088652,1.090464317400876,-0.5717898185249682,-1.189954479883436,0.09239965314292099,0.1436239111070476,-0.49493625825288606,0.0300056615631198,-0.21013926927844992,0.8693484955799935,-0.8648593661600361,-0.11087915927010171,0.665732488085613,-0.6900822421963412,-0.829115708269467,1.398321313410005,1.8162348199858993,-1.0827234462771511,3.259544795223121,4.235243060527279,1.5404588725463988
0.46013903076771157,1.5041792452239453,0.04396949392120357,-1.1977405768649587,0.47205970905292527,-0.047957446541412645,0.8900864173069913,0.664570147215607,0.05637037420320769,-0.16227784668662534,0.5351375648546587,0.31095753155438305,1.0473350552630323,-0.6212831650636517,-1.28237247799589,1.4792544246011559,1.2296766113342272,1.4817011758615921,0.914627496536182,-1.2360896052766737,0.044823961200877796,-1.7941383850100214,0.8816981089300833,-0.21785272146821838,0.1405582561314826,-3.1381216890412578,-5.657340494820004,-6.370416725647069
-2.4589729563577074,1.029366381042598,0.9167010149650654,-0.43016820258706084,0.8744456674764541,0.47656077429247207,0.909242902494983,0.7298399441236356,0.07788369335066941,1.2164224182528531,-1.8238899645877846,1.9365561467719228,-0.17303307149727118,-0.7335293513022562,1.2834466467149603,-0.7315092398802673,-0.6169014434486835,0.7530559086983184,-1.125331065301531,-1.6618418965508266,-0.6140592083803579,-0.5260180913655687,-0.5373066210330016,-0.6366614413063596,-0.44151140058208116,-4.350325121238669,5.898625824620946,-0.020699454237175813
1.4992298553340595,-1.5440083910636073,-1.8663816220781575,0.14774345587413035,0.7053251195081803,-1.8776158937288079,-1.2360047196736428,-0.8493154554467259,-1.3365838136615311,-0.6639119581816701,0.8505477728634449,-2.2664829882680033,-1.081838206092983,-0.4314853755334713,-0.05789645186651018,-1.4320954792810343,0.2928769661199276,0.3644009471648897,0.07230897310101607,-1.1318364598065516,1.2647782540801265,-0.11789049438513842,-0.8301369109471941,1.2047543331235262,1.4934300577875763,2.0804986289952905,-1.5397528508452394,6.9051011243474365
0.047638718467119076,0.7525996602817696,-0.16330005663398178,0.8072560908579326,0.3092879992776883,-0.4975519129674255,-2.4529236867603643,1.067856925567443,-1.5861026635390523,1.2756626848438521,0.179463739414291,0.9213644824368813,0.13304330541391307,1.4923852244382079,1.72092268374067,0.2874274504166551,-0.5990165980479345,-0.7974134913473044,-1.1592384383083838,-1.4592596066347232,-0.517521971343959,-2.188082904858785,0.09785221195281951,0.21617417401957517,-0.24217342826536653,-3.9929374459997224,-1.6823334256033933,4.953342793888538
-0.3808403260414983,-0.6643192726652024,-0.04955357877335465,0.336693748767218,-0.3757723688737286,1.1748043633349305,0.6594762340512137,0.10497412001493477,0.02244900816065333,0.37238627725359563,-0.4281983583351553,-0.9684185985812153,-0.9656420268875768,-0.03970240740021213,-0.13850416141450128,1.12703783265585,-0.502914682212826,-1.3357981219533375,0.6832757804084998,0.4741194389025345,-0.2593559614609646,-0.30399823409866733,-0.5805590362020288,-0.31924468695245917,-0.15539510279502117,4.140712952742599,-3.335892090571871,-2.529509711169764
0.16316305707427406,-1.0857646050080734,0.3281516000536871,0.6708190930462002,0.33158302038745924,-0.30482924149989554,1.345864933651985,0.7865219409988803,-1.7538534745219816,1.74276862462959,-1.1542048920895525,1.4441971887071336,0.10052250133779193,-1.0659703952976378,-0.3155864402496622,1.44591077940033,-3.256197372454907,-0.36553227634882984,-0.5125484922250989,-0.11639058873739706,1.0722422950682748,0.05078366849987696,-0.5169196935480338,0.3218158124692311,-0.6539463679650765,2.426409900142721,2.913515869767026,5.400280574624085
-1.3956693710774908,0.857498651321775,0.9844145434874204,-1.2872425665214977,-0.5190234731838644,-0.7682376855833978,1.142848466625965,1.6776740655773232,-1.5096152085634673,-0.9573560420730531,1.4222046906247028,0.41950684920460257,0.8781123682436291,0.01588070222110125,-1.2712209242982344,-0.3869906303472822,-1.683431517770674,0.5943065920468792,0.3435373342522653,0.3100744091994598,1.565367065298591,-0.7362934456458217,0.0914418247667471,-1.447256354824307,-0.8105089058202505,-6.015301106795582,-4.424389759810911,-9.761341744623522
0.11635961047101095,0.7669587332197286,-0.9894306633053341,-2.5608084108101092,-2.131040825361965,1.0980334093785962,-0.22503952239586003,0.18624750337099585,-1.3457211328653575,0.6336868151299688,1.381018392710375,0.14080863629672347,0.6378396991206354,-0.8017024470664438,0.2561080636440738,0.5392236850964789,0.0993045863636378,2.462356336732657,-1.0734766228684034,-2.616935969913894,0.8140262580838545,0.7370213599894677,-0.10953652631080132,-0.35822667758102145,2.0233303122448034,1.2202735312464879,-8.504654890840914,-3.908028948234103
0.7029907636706577,-0.5588333554238554,-0.25464847714988303,1.842950083828253,-1.0889243186688702,-0.872817047965296,0.9000687491177325,-0.3850283717993705,1.725093956918213,0.17195563553815346,-0.04633907681123116,0.22222861767043622,-1.0958840675093666,0.4906739303959095,-0.20864271564890283,-2.2065257792610584,-0.5248065984199114,0.2757223232671071,-0.42725376306215496,0.8708683353257364,0.292593967385643,0.6506537675316567,0.29395638913010147,-0.052320629368557706,-0.4271040640953781,4.619335639267099,8.315128138772234,8.09895942564669
-1.1834580808928024,0.15672201551795661,-0.4386347026600201,0.47125632127852424,-0.4778267029699446,0.6506551222432005,-0.08614697490189197,-0.13474856764248747,-1.7878910060076634,-0.5876961740150758,-1.7153333938719824,-1.589704711741013,-0.2551390351142088,0.11384627969918548,1.415311125250693,-1.3450518451487141,-2.6579880068939157,-0.2663553915404932,-0.061652229524361314,-0.762931233131078,1.1392430454846743,0.26566180861293903,-1.03995977349575,0.35890312124432255,-1.1637734665185249,1.242885969462534,2.661646021071887,0.8500502263253391
1.5476986379000184,1.4936403725467031,-0.1980255737128729,-0.25869455979698464,0.15411701450085033,1.2194758923371498,-0.17990560334713557,-0.1128432500189053,1.6744108512694185,-0.9121584089778495,0.3420741911341119,0.5106028371142838,1.2708533480019255,1.7208899242669289,-0.3061514528111497,-0.8462972480502259,1.3781811032355173,-0.11683579222995634,-0.7150222936784978,0.054627024268122916,-0.5192698546845899,-2.098432815800375,0.6411609490387621,1.196198938771253,0.022911603596975753,-1.4460665005831217,-7.322518500924294,-0.056661739791394744
-0.5022324322246353,0.16404809929845435,1.1873984797047408,0.17560663654384345,0.26119235386989664,0.33484790003104026,1.9994301051630168,0.041580976700682816,-1.9516685945741212,-1.0110129416374125,0.8958060677887703,0.7083865163648119,0.37542398063088944,-1.3743458502382082,-1.0825671260796093,0.2716938127807888,-1.5012270765975595,0.3944483302433963,-1.4465789833709268,1.2127550221963848,0.4934465125448151,1.438023969559852,-0.9595837413610984,1.5864071054861262,1.2587329827634246,1.273686586886259,-1.4838036642195962,-4.0948180723525
0.004530637493857838,-0.8808521836780536,0.8171171158557214,0.11708465661469242,0.36685094361741993,1.484752455378446,1.7120375596180448,-0.6077422517788081,0.31262250600423347,0.8717699242224718,2.092158608155783,0.5202439564547013,0.34015883083158394,-1.5260201849780775,-0.33681423713334063,0.03193586743855804,0.7135466094770754,0.8447525469193693,-1.8707903208891283,-0.35198197521320423,0.25760146145028884,0.6777106965375739,0.6230269198762751,-0.11202945845497077,0.003356700382104016,1.749727632976185,-2.8419865389149055,-1.2645530149187765
0.07251203676728506,-1.4049643293600416,-1.603114117169414,0.10533966109918347,0.4728655935588696,-0.5492992846570626,0.31927753850348,0.51772036853209,-0.5603512800891476,0.7973852203893157,-1.3426119025536682,1.738503217071033,-1.4704876122641453,-0.4406192460801382,-1.5937929147428491,1.9474716529316438,0.22755187552795664,0.46191595830190435,-2.309336562512117,-1.5675945483202265,-0.11537029282270715,-1.0924265616105173,0.3867426244351695,-0.921030941703266,1.4946479271755986,9.115341801105826,1.0795993822925132,0.6680410502844634
-0.09595469140620669,-1.466690249329182,-2.160201723131049,0.4240386019244065,0.5364943228723192,-0.16824524085236156,-0.049170628144787114,-0.266427349322638,0.770631031103717,-0.029398005568402052,0.6190146034357658,1.4754787702845322,0.7968728898009035,-0.13812239279527475,-0.7401666034344035,1.2093644933208438,-0.3379333605615313,-0.33136671726885575,-0.17343224388305678,-0.5525394289318227,0.9522401863008995,-0.4002389175666472,-1.8030321791885964,-0.4117262616089562,-0.026519945252491618,8.614855351376686,-2.922690450299472,4.707643616490179
0.45037987774639343,0.7872162305007089,0.20755159427830258,0.22037998211564644,-0.9620592923034657,-0.27831246584226865,1.5332434768859349,1.2129959578466718,-1.8252687409953863,-1.646059974914353,-1.0776671238264317,0.47961575953157043,-0.5429583335366048,-0.574790333230485,1.1488529739943447,0.9232321153724083,1.7974914967910067,0.02706116497486292,1.0470222623413725,-0.6413283013089285,-0.5350269362223339,-0.18078092345282518,2.7403277905829064,-0.19753458508333507,-0.8958080836195534,-2.180723092811915,0.32717260235610357,-8.42586007093809
-1.4360953558694312,-0.3471171853029339,0.859174822721636,0.8560838337439369,-2.0158172732354385,-0.6836807189815615,-0.06134304971801685,-1.287479008699746,0.5076727506870519,-0.25236590969536615,1.0915644026433933,0.6156470553530897,-0.8610565814483878,1.106668707433543,-1.060578877617941,0.5577071332461355,0.6074127240334903,-0.9560113983849549,-0.0382588636987559,0.3183195642077067,-0.5707627444698419,1.1289506314023012,0.33924534760475367,-1.7167514091740252,-0.8768084307814187,11.60834726640025,0.8620221739682735,1.6950146273475615
-1.8593101228785016,0.7171793344618872,-1.3801669388608186,1.0300347472421998,-0.7781494897944526,-0.3702443191689826,0.26023659280305317,0.738919155093628,-0.7145328984887294,1.7688511351033573,-2.1420803763564176,1.447537847102745,1.569717287303277,-0.26605347658774614,0.6422281560734556,-1.5397495883023113,-0.08237557786025249,-1.4425310361253652,-0.27351913901824415,0.20692749139901653,1.1221798312473164,0.8903493650942971,2.7615212811278687,0.48382087605465457,-0.436038215955076,-5.58540359265841,10.946409540298387,2.3789292901720467
-0.5338451211339437,1.7427967362891286,1.3412849599567471,1.960953355979452,0.6594818792442867,0.4889838976869714,-0.5397663226835566,0.23505046614620545,0.03899184922633191,1.1192638643074126,0.2833839480162853,-0.4172738935631428,-0.7074935260962554,-1.1050572457237253,-0.33369138924592134,0.42918831489244524,-1.3829098806019626,0.44894494194342105,-0.6099934429034661,-1.7146819985648578,1.0090984233939357,0.07365438371339908,-0.3457999274808206,-0.9595110368810069,0.6624626899911962,1.1036749521322047,2.283353110766154,2.993364690005215
-0.18398551490943907,-1.9152926285448642,1.3720268588746085,-0.6455932286815159,-0.23907334002463332,0.3812420509176506,0.7363291744219794,0.37619583069350276,-0.5268635095674138,0.2354381757891618,0.46785034891116173,-0.48570649947040484,-0.21323406368253744,0.5449301146630422,-1.266707105328244,0.2407708427786047,0.014879108844588875,0.6131655118601342,-0.33572634720551137,0.1678111291953119,0.34858707430727964,2.4528276326645386,0.04845107306995594,0.069341823887952,1.5233176740151133,3.5999658538911055,-1.5036142386713571,-2.9341653819006197
-0.6608435078214252,-0.44173755553825256,-0.10004238995265048,-0.38719391502625133,-0.9528964672044673,0.871798886120246,0.7402082011730898,-0.6438911984460862,1.0207275485525504,0.9288061984029596,-0.7036047144848437,0.030649980026275957,0.6373320336924145,-0.3798392859567328,1.1334119311643234,1.229627380596321,-0.8994461586563113,1.4196987518416555,-1.3761766215762046,-1.467057598456036,0.9736280784357247,-0.40263016952132025,0.5964807407892788,0.03476910429606471,-1.2178398847872645,4.663327657736404,-0.5659060235362785,2.3612498285729706
1.4887761482196626,-1.6084318481484903,-0.2412163592759842,0.6246151047680868,0.3197241630194683,-2.524934161412299,-0.13756705228698207,0.6781830231912633,-0.4857049805273302,0.5699231599016539,-0.10704292928872455,-0.29401237987877643,0.12192343921960065,1.5518148871365554,-0.3441050469167675,1.4919755342318908,-1.9100708098665358,0.9878135368522974,-0.584556821067559,-0.9421268218076941,0.3719731450500458,0.40841685771932384,1.6116601175818364,-1.2651746702002966,0.7387057905863291,2.3454664649894026,1.6501410951024673,3.6295234930257583
-1.1647934820311463,-1.2009630997220602,0.7387121171915529,0.5984068752563653,-2.1097271385809018,-0.675889784147474,0.7242634343234096,-1.9288406913114762,-1.125005021247919,1.4238589528637762,0.6463677716839736,-1.0088956330292354,1.9660717014158358,0.11007876113060776,-0.033955988723514026,-0.6391996530998315,0.0699212373750694,0.4721153195110021,-1.9679293107621616,0.40202308149407046,1.0537211759345926,-0.27515129808649696,-1.2001150814396375,-2.428641657929268,0.7636736590742194,5.6052822963975135,-12.566297033618982,2.9721957027730785
0.6819799362704246,1.7349234594608187,-0.3485880686286885,-0.1939674483599154,-0.8354701401844745,-0.1865739594552546,-0.12452509592379696,-1.5610107961123285,-1.2388781351329314,0.3454944890756964,-1.6746908538328098,0.926479849071918,1.9945502609954202,0.16973906591395396,-0.8797885541234971,-1.4096578850837616,-1.2023418622178554,0.006311216875572177,-2.779131976057446,0.6684863870813017,0.04250310965048435,-1.7687721650783628,0.12450780624182783,1.185961629096265,-0.7664914294904875,-0.22242054436750555,-1.6249694086205455,6.522366027282
1.0018199424162895,0.09501198771101389,1.7782199143716564,0.3223772919614118,0.5107667347566609,0.2848740834418489,-0.4746722148167681,0.8492515896613959,0.606767150021002,-0.7062154598054036,1.1371101609976157,1.0279947327677343,-1.283259231674156,-0.0806000753074722,-0.9825728120760671,0.013098260746740895,-0.4718206708618558,-0.19338414808397805,-1.435294105802484,-0.5213819443274051,-0.6580102028824256,1.0761419967228338,0.9731071635539006,-1.929607575357866,0.19850934544678317,0.6701998428794751,1.0557138768129046,-2.618608342260731
1.4683643536903326,-1.506311084287893,-1.979203982470476,1.3832096108422227,-1.1981087505636172,-0.2910906350073756,1.6894940767496327,-1.9972804482423268,1.3478127944837408,0.7565647611755352,-0.7775372122064625,0.15967758420054054,0.4106290553850398,0.15812919288484215,0.33563924736055134,-0.9841263598797328,0.33448060559397835,0.6075520716855966,0.48494509969630106,0.206280844843881,-0.5045723179441465,-0.15154335654724083,-0.515057643534553,-0.1395774565965921,-1.6174027216911673,10.103855617179807,3.2638116010317666,11.32310745413258
0.020679139403412622,2.4858358515629035,-1.2535817646041163,0.13947330274742628,-0.9952060954416473,0.7389807059879494,0.821149696144709,0.8438711053309921,-0.5428861748247619,-1.1234384250718794,0.7820765298272498,0.13447401902560593,-0.28571017879805544,-0.6857411051004342,-1.5919132603773045,-0.6909913880358488,1.044164708115806,2.0076243507427827,-1.1642769949735172,-0.5832672948400566,1.6843137093626017,0.019021929365645295,-1.1845569055298666,0.2157154455633552,-1.0131054385371594,2.57353447334669,1.8089118004771594,0.14838553696741147
-0.08023251590495789,-0.9705224317781956,1.5822411455591747,1.1512649327231546,1.1401597664113323,-0.5196692847446387,1.5139592133596873,-0.13077078937671893,3.0773164246608133,-0.7116212387733627,-0.31421978472601514,0.7402342123280382,1.0731097793259898,1.2748842227583852,-0.7506918959987711,-1.033565518369513,-0.5056697047761051,1.6527878654739037,0.5634636869058378,0.18474050453465726,1.0787815856152723,-0.6187734242715432,-0.9220399205689033,-0.4042438537802858,1.3846904213334261,3.353128486223361,-2.1676154034514434,1.258635895997054
-0.2986296065760858,0.9420612569722174,0.47009068616227917,-0.757858844151087,1.3139919835392198,0.9436840107848854,0.6318212555825111,-0.5643261974304047,0.23827925831463564,0.8539110643701717,-0.7029143836062484,-2.2269923240169076,-0.49202443949363583,-0.2942808939070197,0.5151266543209775,0.9874183661502742,-0.05301166229997988,-0.27919394130257436,-0.9444311348015005,-1.0946555183016864,1.114058634641849,1.0110772235093655,-1.940954880272247,1.0757198180867615,0.4822022265643729,0.10351046810864076,-4.515482395282315,8.276746547161848
1.7195550988313157,0.7439609383025783,-0.3167669401664473,-1.5796084512517778,1.6283367001838,1.0263526822211215,-0.3764788568040769,1.405588766026297,1.3152002605900077,1.62312833042502,-0.3275431754094095,0.13736970216680314,-0.39826142347933513,-0.3268849846585764,-0.48074186807602054,-0.39770451385077776,0.28462296570838724,-0.9171682872357958,0.027557640695664232,0.8968810488301665,-0.8392848377652171,1.1111370862868242,-0.2329063504339578,0.27338269001335097,1.862764142981494,-11.377741515740784,1.4070808986808034,1.6207935374781182
-1.0499496248411215,-0.11441682004507148,-1.0252211239384257,1.454776329592784,1.8010901260724876,-0.35447347169780696,-0.7328913224289305,-0.17069195874926332,0.5375847921722208,1.338491659330965,0.2348486822615127,-0.7933181276696384,0.2160945997978534,1.6484772973707578,-0.2831306472201687,0.8996857107336194,-1.4575140161715445,-1.0132702022850717,0.17887027524227866,0.42742159063325336,1.3462110466398354,0.4136108311373923,-0.8975415522030762,-0.9881028537694064,-1.1158575786381968,1.300517901648318,5.022550925320122,7.690307743328192
1.0691446447779431,-0.10791505004072237,-0.2522000190238768,-0.04066783680903921,-0.05713019176325195,-0.27061641143640053,-0.6563918076640607,0.32713734062311545,-1.4670291961003015,-0.4369389154412116,2.301756605235955,1.7470614528007693,-0.8172999422863053,0.5131940009839876,-0.5697900921042054,0.3578500058656443,1.6422468564934656,-0.13247720638481805,-0.9200827930768348,-0.2708405573076819,0.43482691186369776,-0.5201020209896189,0.5042014751945209,-1.0532817118192814,-0.6416907447537123,1.7217876135754913,-3.575038870146349,1.4325900990724074
0.06323019836062203,0.1520096159980766,-0.43978662497902943,0.7925635618065667,-1.454239411858756,0.7352686045137911,-0.005473414266292607,-0.4000752803455753,-0.7690034283466224,-0.6836693104141437,0.3486804348033629,0.19005753195172712,-0.7269161437057466,0.8719398083109443,-0.6209538281076981,-1.8534233185342386,-1.397172272807748,1.3276517199159283,0.7901242379220318,-0.8048595518817584,-2.534794756772231,1.2526947928315963,1.5222247861219995,0.02139427596551392,0.11006075654666315,5.327459548989471,10.2443644864928,-7.024782415470282
0.10158735703603286,-0.469576235038087,-2.5602839984956978,0.4660331851713477,0.12048181960933335,0.8938306798210195,0.5147840548559892,1.6935332878509886,-0.9866675755110581,-1.5580248612052803,1.5344321078790215,-1.6259399006496122,-0.9646508335512777,1.7122449364069074,-0.7165824669568259,2.024981028694154,0.9053638183264604,0.7214145996554127,0.07621100741614242,-1.7915004489869835,-0.4784978780972947,0.43342376760960094,1.4285063799530406,-0.18821557369027964,-0.1292304556592531,6.708614581634082,-0.5147989045551213,-10.67594265300062
0.7744199095530376,0.15700274489575064,0.654811039341359,0.2925293137539217,2.244433463887493,-2.8642466863212745,0.13601018958370278,-0.985381402637572,-0.37013758229829796,0.8782995095770552,0.7319487054413737,-1.2470547390912465,0.15466158406970246,-0.41346536580281096,0.9172693242531995,2.2722901431889007,0.8889009533420196,-0.9555545838018482,0.09459474928895915,-1.1246008498300926,-1.5203317848564952,1.040073326188457,-0.8084107489672948,-0.4935484305103399,0.3643737615880189,-1.6592152461116247,-3.3266603140104563,10.62190147906733
1.3997346926608218,1.1133116890426473,1.0479557093125953,-1.3317952241896847,-0.07195476792214345,2.2351120112299987,-0.17625284223508206,-0.4023304354242578,-0.8751332428497384,1.1775404237039442,0.6866859347568681,-1.9828442235344093,1.1702128145861481,0.24013755853965474,0.5331417724563996,-0.8197059261839651,0.5765932068660558,-0.8593763919154159,-2.6969595302378435,-1.9027780800018237,1.3402315764959596,-0.4282121184217342,-1.7463102636831869,-0.8796600451913558,-1.5595959878863175,-1.8902946591892682,-17.577599871169724,9.343664379249137
-0.22831629564109407,1.3729229423212013,-0.5759133050462896,0.05861044950650256,0.8026011376898524,0.5172736744124549,-0.15575420055709358,-0.9441244914650673,-1.3494919366448417,-0.8741355413388623,-1.9395405577467395,0.031393320209767976,0.26860064580549914,-0.11474168778702468,-1.6988599876504933,1.691133361575194,0.24807622673880148,2.860252354903638,-1.3198444860543026,0.7746167907339103,0.2933573177988029,0.4642253082998968,-0.3112410170125475,2.9599416426190746,-0.542511355242016,4.509587017213468,11.421010359040778,-0.12492220014518593
-0.4078933177784569,-1.1861084626362286,1.4029792898133193,-0.8200755971902395,0.6712397005580013,1.0418912830290923,-0.08433625378325502,0.15753057089616507,0.277470307362075,-0.09795025866060524,1.0199511106476926,-0.25880699488717035,0.31918305580508116,0.6773044553317318,1.7532298502601331,0.30562718798053157,0.4350656679701776,-0.5945060071819023,0.48939486599996557,0.5780113930970918,-2.0914356589951293,-0.7655143104334559,-0.7589337309701936,0.14109867566037954,0.2173421019238455,-4.339033639285581,-7.787018761085761,-6.850370062378693
-2.2194509708196017,1.1361930920916932,-0.11749781949026013,-0.6976895853413149,-0.855164241869547,1.0498516264427067,0.48886000374508887,-0.05134412480326392,-0.3306098547208755,-2.443732716568837,-0.143166743334,-0.6608242403351545,-0.8503689092991564,-0.8355886948261388,0.4130101955942812,0.7710956048355946,-1.4913252406766577,-1.8161389536820423,0.8617483181519496,-0.5342191003655818,0.5213932768109238,1.249038798009199,0.34347355310714955,0.5837144079919462,1.3588889610292054,3.4749727362123406,-3.2656746818496925,-10.782625091905242
-0.3884492724447963,-0.42391327962067704,-1.0591212663968057,1.6899348882008807,0.24978241915157617,0.9819728675689412,-1.3364228960584246,1.1715853432284562,0.8163514740605968,0.35727096392690477,1.2489242157411533,1.842164125724726,0.05415503067051232,0.4763472492402952,1.2198128273424924,-0.08923091317764105,0.35602401583808574,-0.6252616109824596,0.6634293238737474,1.0239948658773232,-0.12981859424626332,0.18867093089029735,1.78752689992922,0.5539655544956259,-0.9549186714683382,-3.643966870441002,10.062674566657458,-3.2017628484577
-0.15828953143750663,-0.7447440647134401,-0.8929903841040298,-1.431310330728596,-1.1357442290425457,-0.16347933808041776,0.4048650566876307,-0.950004933325456,-0.04754830422277338,0.47873504598221556,1.210435444872833,-0.03502040932097508,0.6599005144950341,0.8639524430053585,-0.19463662913219487,-0.3728119223760658,-0.21821275538736698,-0.4660464574840762,0.8182535058145973,0.8944766495412025,0.9616794106816972,-1.0876986132515705,-1.082452154146409,0.8902431855857919,0.8721394088425245,1.7886990368303686,-9.308089691918429,2.1377750072722437
0.896920229793541,-1.6129166075962742,-0.06139779016222423,-0.7832686867450489,0.6500044698029108,-0.5134809590410288,-0.28493688910130555,-0.5765152176162422,1.1830926585870134,0.22440967402322679,-1.1919155358108298,1.4562336394044277,0.7481276438609864,1.5509235345943957,-0.6438949916469222,1.211592919951029,0.5706829240536431,-1.1440388313063172,-0.5099146774041988,-1.0827342836474305,-0.1267496580632906,0.08214303753140445,0.6469123336117426,1.225645081855891,-1.6721246146648503,7.5051467657819835,-0.26318288520477556,10.637320716008851
-0.8418616687136536,-0.11318149031372352,0.19571451527503733,0.6234071800464549,0.10293565369719304,-1.6748132963650806,-0.4742413163580296,0.00836364155685771,-1.4470409379814175,0.4418259254495663,1.4178354268855762,1.6266631592166731,-0.20155607734005332,1.0197062204039744,2.465268751981169,-0.2871730718525646,0.4713802508024137,1.1634297360483257,-0.21911389181396285,0.2942320190999814,1.7833877208421278,0.7469501392860703,-0.7344091118361998,-0.8436120607947486,-1.1049095417235983,-3.2901439556408074,4.6255785658245605,8.690689429637404
1.9218226329509829,-0.06402426332020049,-0.35150132462273365,0.30494226426956894,1.2518048753398334,0.8030749068749762,0.6670767131060665,1.0359058043936376,0.12516174843414665,-1.5013507703783229,-1.2075438143596422,1.448787457369656,0.4644943274248328,-1.5355769977923264,0.8234660335913828,-1.6239561038670207,0.48401698835607926,-0.2699821710640545,-1.2021000338868155,1.0026553636592792,-0.40291949008518524,0.39891393294572514,0.6259279378044045,-0.061277092753399966,-0.47292947363487575,-7.624315884915294,3.104301861180651,-2.770401064626418
-0.8331641228204337,-1.021448345377387,-0.5132855498064002,-2.637844432111116,1.0453111658056156,-0.32904140283074057,-1.0607744312205878,1.8579559695104264,0.24398158002117223,1.5421482628096113,2.695145085692291,0.21767753795372602,-0.8910305170382372,-3.077117298505419,-0.3364464589945365,-0.016012147448498725,-0.8339518248532992,2.061167718712786,0.09078541670721456,-1.0239244576529751,2.123875620631457,0.5079001898634639,-0.10258430102308241,-0.8151151887656124,-1.259669176334744,-10.879543656177034,7.306355756659742,-3.399359279646228
1.6844424260176163,-1.7972991778440506,1.520569282860608,-0.17455321301178275,-0.34309718312838305,1.2197264512132184,0.21394187239226356,-1.723624005513766,0.5050882595215583,0.08795241101786935,0.5544570342586286,-0.870024571653408,-0.6963039160178557,-1.0109841413303349,0.24039277792275593,-0.737516193033189,-0.5806157941875815,1.263770375205099,-0.7370217082558497,0.2645922731546819,0.15002574991366313,1.4425942941548255,0.9954100062846756,-2.6068994167288073,0.8659144087863393,2.4514083247615934,-2.8183300127960806,-2.7036888842506417
-2.770625045557457,1.3389955003416572,0.01084515266471592,0.7821298985786642,-0.3587259866466271,-0.37594745229846677,-1.020181305836187,-0.9351343253012852,0.8406761593876608,-1.758235329212305,0.3436651134597266,0.6611706204668913,0.5228780001591804,0.37938840614004893,0.5268234828612803,-0.29371938056447355,0.9311553066016082,1.109392655952169,0.24075908910775196,-0.8753766637493056,-0.8475664678212895,0.726422749519707,-0.7501750914714352,-1.9987470752564223,-0.2926960176202662,4.27443053830864,4.082028069492352,-5.2792996609818825
-0.961991618543672,0.536360620765348,1.1010347337703847,-0.21773755783368928,-0.49567387585267125,0.7098790805178228,0.8895132476054353,1.3216459655099717,-0.19609347213274836,0.4820291865813026,-0.13084278966719348,-0.6504502648114223,-1.102460919944437,0.3736748087616931,-0.5106839940283788,-0.44052706169960376,2.1744131493352996,0.4930593412354946,-0.45013998701911645,1.6267161153840444,0.05973444355084813,-0.10677169996781524,-0.28556595937343543,0.04698627222567017,0.09350863000577708,-4.593998765673605,0.3258715228240643,-4.644884343448961
-0.8349163095623964,-0.8947646098722492,-0.8869353543150972,0.9181428164070929,0.3182796564787395,0.36538586580597404,-1.6183143956523884,-1.447489243720532,0.25081120967457526,0.6873014341959721,1.1703724443179886,0.9591963902216147,0.5876105424994598,1.2916322894317323,-2.116549735803287,-0.34146227601658785,1.2653875025219172,0.30579582636299435,0.6268395910817985,1.392448898027943,-0.4483210831386394,-0.3277934630831098,-1.2718829148130215,0.21791994990553637,-0.4617652307201407,7.022893219250896,4.962790128176469,2.1875916182968305
0.2531930467726703,1.8884004186930468,-0.4903706958511757,-0.06401194755792675,0.4091715820706797,-0.3600476988463464,-0.11686835421064551,0.09923654721059111,-2.0937941170485437,0.9767753321409302,1.1957003236730683,0.7038237277965707,-2.148228563745301,0.8664646727014264,1.4700105099434868,1.229615636958731,0.13841899645603467,0.09157310136758519,1.02844610842114,-2.277822867887504,-0.05074715752165825,-0.19152584877382176,-0.4613124934895769,-0.9081917663244454,0.693117694083683,0.2769893661814806,-1.4804896253390931,5.956585073932175
-0.03618906418614511,0.6114424786178584,0.9230076325235543,0.11057890203027114,-0.08809523908710709,-1.8453345295233914,-1.1591029418064986,0.15213833142481645,0.9465746245322447,-0.7186591933612215,-0.529259315353673,0.2395333327623441,0.5665639907931528,0.5552196457836783,-0.3726985472311143,2.1596665243963087,1.0859859376880052,-0.6198457194778253,0.3219020090803201,0.9391711412468686,-0.8554097917242627,-0.6315289300137756,-0.1047573397447965,-1.137364203670995,-1.092580197935489,-0.17787222950744067,-1.5636201367180829,0.3969166435483178
0.48812420104343396,0.26014661894629026,-0.623331558876959,1.4885763753888053,0.8716867236233898,0.43033617746831443,0.4243930938271194,0.5749274735794511,-0.48703532627573026,-0.061295531793954736,1.9847832503058818,0.24260622229745746,0.5842725995151181,-0.3185323167060169,0.566050062352807,0.4017584784741205,-1.1857274753071934,-0.623767305245746,1.3400259685441087,1.1093964502972298,-0.3726294444425167,-0.7823189595310758,1.3914103586632558,-0.9935754578627194,0.883158441489162,-6.067030872115884,-1.6176046000462578,-9.070571606048361
-0.35762963396650405,1.39479918818072,1.1037920394374787,-0.033110210826164624,-1.3599322774158098,0.6568915412863705,1.7233975933552597,0.9406048560938886,1.2881696878623001,0.3235591918663182,0.185007635810894,1.8952401937467809,0.44103407143376766,-0.14767530158561415,1.4596359708495306,-0.3023232882734453,-1.0040427551270281,-0.44421877282267913,0.1807406506537964,0.5166513193006368,-0.4822920509332443,0.5101415272437398,-0.5430212732356032,-1.6326227627221719,0.9236903096512955,-3.47699670996586,-4.578677399891835,-1.9009083063977565
-1.777782250241843,0.8111063487119569,0.11309750046783269,0.0519207442534658,0.2147370024414346,-1.0088760414300555,-0.5177409227302419,-0.8437485617307615,-1.2206713063071841,-2.101940196719578,0.21015186573607555,0.40793198545091536,-0.6207846024764198,1.958225719428416,1.5979491146615556,-0.27361078465217653,-0.6480981101780943,0.1931524748068098,-0.6807159175396251,-2.0094419122109493,-1.1927457487042148,-0.26360863707988136,-0.6610486328155402,-0.62561819349976,1.1392428460944575,4.803609099448582,-3.0763267318589493,-2.294572643593167
1.4493265207595403,-0.05294397264855393,0.5795482924226569,0.7302218387113829,-0.37158796727911814,-0.936222430512529,-0.507571547217425,-0.78758920933949,-1.7339411134652034,-0.32577901285294114,0.5966885409089855,0.8671120280373876,0.8039636553490281,3.5139238524453136,-0.3846998630360208,0.3838704158591714,-1.1893647657182804,0.9633973988008397,0.2012868305416786,1.1067392822358062,0.3007322645138572,0.8320937812864263,-0.6320895454124528,-1.1086982488510775,-0.3796121553666416,4.731959841092146,-0.8706177050248695,6.4313242690298456
-1.6572113050938921,0.9828782540968403,1.2531156450653367,0.5989935582958787,-0.45987151705892226,1.6850855310296502,0.21075868449849108,0.1546800733573691,-0.31338944329444424,0.573038734346263,-0.053988233551764034,-1.8268485820551197,-0.39338215541767,-1.6792400550430475,-0.7202801029210822,-0.6219852506514071,-1.4569424226890546,-1.0375801024554803,0.7431149165697978,-1.2415907503193717,1.4332973813778278,0.4689293685705611,-1.8393143828024423,-0.8991862393694449,2.1376453102668513,1.785784481012729,-7.839208065720134,-3.8854220181868437
0.37145129838368235,1.647747909869031,-0.33535787801132194,0.8472602188461783,1.2702001630094415,0.7210188630086869,0.05731150554501452,-1.214917967473078,0.3165811332355845,-0.4000511044377118,1.6386002162135724,-0.42605472600842104,0.04524599305965566,-0.2780188811214031,-0.3924484963718166,-0.06949992275632041,0.4097413053690192,-1.006295036446817,-0.9230510802689187,1.9536359297401489,-1.6955650685250374,-1.0584739334284077,1.2282906765586639,0.13739246494435142,-0.11000688749387125,-4.891111706984861,0.5102504254528534,-4.958207375878808
-0.5879869461580026,1.3952477351630717,1.2014162715283285,-2.553796077135815,-0.5665011338268611,-1.2640095801091407,-0.469612943124964,0.7646988814669575,-1.5976095097056953,0.972356380186212,0.4397934143893206,0.0725685327569168,1.292607442221639,0.9038217275343549,0.7520586074388566,-0.1606616522385616,-0.30037474263300085,0.6266881463505015,-1.1384103491526723,-0.41097633055750965,-0.8754063251365791,-0.44725607569003584,0.7239848686000477,0.09854612331980876,0.12714226949988539,-11.339709960135968,-4.343416591111383,-1.8176286622331554
-0.8332135452817855,1.0575380753937982,-0.5441269414404369,0.10261455886804677,1.1293345300828677,-1.2494010925906225,0.26067044754720825,1.5345937207653553,1.0815289515213198,0.43451536042388617,-0.6848798146403043,1.4009932419983613,0.6196618475150105,0.5430330826776162,-0.22267558760323447,0.20075434354387647,0.017039799300847393,0.023745884217464413,0.11633928475860646,-0.42880667401541256,-0.4470737772481543,0.1621715212868112,-0.8885699195215632,-0.5897710358586351,-1.3788790197603447,-4.12951028964521,6.811331365414585,4.358188159023475
0.10824040624747318,-0.006097069066441657,0.6483621407692629,0.04839414191747094,-0.05552439769328248,0.6787270544632299,-0.58026226419458,0.6239557956905626,-0.7850817887361734,-0.7721415195762985,-0.5386591547120759,-0.4387720029243036,0.17515539024375523,-0.63529377605343,-0.1656031426389959,0.01904159253020862,-1.7391559808749284,-0.4103451974766062,-0.7632999488571557,1.515567835031545,-0.40396202099511297,-0.39398225067076303,0.4518510289074106,-0.6448103077021312,0.39132149212485207,-4.628296581756854,-0.905227007233427,-9.588885308360208
-0.6244147261466699,0.9277213915308561,0.4191339087947744,1.3412454156495779,1.191200894981192,0.9752629136698582,-0.4317306237891678,1.8817262765520308,-0.5227677560179118,-0.8858305522799751,-0.32578853501021937,2.428600806045849,0.5982539027753417,-2.5794496140443335,-0.31595388966459287,0.21495189801532857,1.5036123868634697,-1.121564504223983,0.48899639973877373,-0.9613590797482867,0.13045456661326252,-1.0942742393255795,0.038014337144743934,1.2038597552684247,-0.9763432939740689,-3.022798939250314,2.2839178368362574,-4.890718465010701
-2.225020451248514,-0.5187111981921534,0.2928257449279396,-1.1897068885428912,-0.7067532512866178,1.9206757212766215,-0.7072078599290779,-1.2929245375357157,-0.181667511042645,0.7058367830196911,1.0049958171244178,0.38360392505036695,0.6225218739502829,-0.9065105172147642,0.0944260658907231,0.478564176739047,-0.47328911245810895,1.0983596683466896,1.1405293709184487,-0.4739563100097748,-1.061198869891136,-0.11190943160749785,1.3635150481963048,0.3409223831195251,-0.7754458997622458,1.137288247590111,4.023675087546642,-11.3140395777905
0.16019942352046299,-1.695195039800679,0.30472885260178934,2.043680459497402,1.4054318511598625,0.04460026928804614,0.09597402361798996,1.1059426078951549,0.6194277476000971,2.0319140100001087,-1.232397999776977,-1.9534888696974533,0.8344945164355774,-1.1578826033346301,1.489323748274666,1.647422600877688,-0.1971032641241521,0.160011780320331,-0.11849795112182718,0.8206775885692503,-0.6878786857488064,-0.5378302724421875,-0.2279101360021101,-0.3245849928977518,-1.3345011253569554,-5.637121742872954,3.5121806016101353,-0.004180814752629727
-0.5658484049683031,0.5479081391698616,0.7957703022171333,0.10280642712641783,1.1073689427623912,0.5492798392819621,-0.10237335305695286,-1.0223801433707866,-1.0634022735163626,-1.9685473787377796,-1.5963872743807794,1.621262241701016,0.39296007287762236,0.49827280478279895,-0.2655058920430598,-1.5398645644887698,1.0730513933374524,0.14905748283478523,0.5098003813364405,2.3887595790446663,0.47687787733088505,-0.08790995569670189,-2.1936829310570967,-1.1273774282366475,-0.8218309121084194,-1.2726757995930278,1.1716602492990895,-1.2778363768175123
0.4055943065301259,0.21772256954222396,1.4559271993759724,1.4773164900908171,0.6173996826334738,-1.214371148759237,0.008560293827636966,-1.7634435988547237,-0.7534609348572173,-0.03082373394368982,-0.5298188897943232,0.7972495449779897,1.0356800695271722,-0.7056620450984205,0.012692730053490166,-1.7018610271888466,-0.10851990258889446,0.17413984653825526,-0.9612634046600805,0.20894920029372344,-0.2621670697129639,1.9953682109746294,0.5048746459383128,-0.4116070557589027,-0.2682955685101335,0.23126570017099712,6.7298249096899125,7.6523130754909126
0.33924195958816905,-1.1620855139647468,-0.11897840774967054,1.2833709469398726,-0.008066000668194346,-0.8129481515265852,-1.1553239327505895,-0.45540420503554974,-0.7390356680863079,-0.26132154919609996,0.055978424252099306,-0.4411217829598615,-0.12121982090175372,0.625059799029257,0.8887544721949728,0.09286331151231546,-0.03272032532225519,-0.507029840900475,-1.4064857789500105,-1.8043328622144388,-0.3111112512266052,-0.17654574993010846,-1.3287960723310197,0.6906762755099686,-0.8740074127486152,7.967798495968496,-2.384426789685854,9.421491478615366
-0.762388673024466,0.1343351301715088,1.2918221336202376,0.6307685195029392,-0.5361744009733825,-1.9468785122537433,0.6052013053335618,0.27312368375306567,2.3770153691624594,0.04569892595430251,-0.9653237783512418,0.032350394799973384,-1.1859942152658172,-1.235967538779557,-0.09752588786626115,0.831778864452599,-0.40819686985233306,-1.009471688335472,0.09049542427263392,0.14373588189395126,-0.8803666597514592,1.0183945296181154,-0.2803995103334898,-0.6463145314578748,-0.8730940598367173,2.4982271345136056,6.400761706528254,5.021532122530886
0.7525897550518752,-0.9178018473021547,-3.7400251800206883,-0.09530776040402593,1.3894048757443835,0.007608195674968249,-0.16433384718610494,0.7929849534439452,-0.21233720941832243,0.058737782039983276,-1.867462077273063,0.5523538332921806,1.3691587922969735,-2.162959315387531,0.19990969298003486,-1.9052163435402159,-1.3260371722146969,0.05364146214925155,0.6224723050076328,-1.27106775933387,0.04395612682878503,-0.33957740325432073,0.49237589373519663,-0.612879826442759,0.4400547675229663,-5.5863554110065525,6.385004941900223,-3.1866839323178775
-1.1249266140245964,-0.9549069708277051,1.7323687693698246,0.5355775934744591,-0.6827949523915907,0.7222778009430918,1.1280553149504333,0.2730373926492576,-0.5621057550819734,0.979745385280838,1.3723696360530955,0.07109115688333638,0.965470318645011,0.9687706547276548,-1.5637799262241538,1.2866424934408476,-0.539420637835981,0.1866733683241432,-0.5695746157562666,-1.6026165653630464,0.7226438164143503,-0.36362136538939,-1.9119264034651515,0.8277988387533205,0.5960804637340937,10.720846010374302,-11.165971814936128,2.1562955376427073
0.28541306530145655,-0.029688058136195374,-0.3997682479476816,-0.5765919397368394,0.16123196401179074,1.0311003415149191,-1.5718900646732477,-0.978219035851971,-0.18725704837885362,-0.3503300938879977,-0.40783007411248823,0.07873355551459887,1.5762004127168492,1.2009371151333226,-2.3124995328388773,-0.4108639586318491,0.5147998148408559,-0.4226503471741381,0.9044161094663179,-0.7166956244247171,0.3154653675595803,0.8942128740841803,0.24488966050433256,0.9411562826033433,0.6859954974662384,5.551661448230976,-1.5094292060214383,0.41637964543529404
-2.1691530282412406,0.30428774509065126,0.45390025005673124,-0.15896708066239107,-1.9516878919619445,1.100107419243723,-0.46620722526058433,1.3504388727294867,-0.12739149403614902,0.2831494287663772,-0.4733218998474961,-2.4047146942333995,-0.770384861347234,1.7693793742332364,-2.3285814472090633,0.20955216119030384,-0.6002719610145564,0.05883247154020338,0.16404939528764673,-0.622634707731124,0.7603099707938041,-0.19837179066303604,-1.70924061071934,-0.8309047521502144,0.1412627259881116,7.478550545716999,-4.436947999230061,-5.600597235587194
-1.131593793378752,-0.010794712438902461,-1.1453968332455966,-1.0115415983913671,0.09057979172280325,0.11336880344527642,0.5305209088573932,0.06493043992734936,-0.17624596307987392,0.9517657110272696,-0.9444034425559034,0.18462980240654547,-1.2841026069659653,-0.18723714661436683,-0.159557856076162,-0.34783024289529385,-0.7974338128716713,-1.7558999964173025,1.3356413033512975,-0.4087047779584934,-1.1006716238869472,-1.0063372430327306,0.5755730537654546,-1.5219966984789834,0.3388764208656721,-1.4847848975330808,0.5461293595307359,-4.322264388822733
0.5404743606152167,0.7404947997782748,-1.1934449755790215,0.5992855008388659,0.4732870948032677,0.06780886891994571,0.9001326260527661,-0.3555340784812435,-0.6523706180214303,0.4786215538397085,0.30904850560700253,-0.26113071359772516,-0.5324970180004178,1.5858317185508706,-1.8286439218596504,-0.5320397132311097,0.10579069600018658,0.13377318419849923,-0.03763039804360557,-1.5915867451316987,-0.6767092880513688,-0.274761612983557,-0.06628441199403427,-0.6789614160238185,0.9404973648205004,6.235744042155474,-1.1932679580862477,3.1056673974933506
0.8511212106030366,-0.13666068840454512,-0.4035051755529557,0.39375432874797567,0.3406452809886878,0.17251438756479687,1.3527370792816509,0.7618360715004208,-0.18075238521641598,1.2296804672028563,0.9052017408207278,0.8698234477983965,1.2466542100951474,0.8141616473657488,-0.7674212712112992,-1.01812562507086,-0.3481993102009499,0.5656607600541756,0.5071431499158144,0.38270114905922054,-1.1251948293279377,-2.2415847253790133,1.6154013627140813,-0.4878965544782014,0.8017769422185332,-5.491688463314237,-2.809691489778017,-6.256887666967623
-0.6937275180221963,1.0666666567056926,0.12914099317410782,2.0477353017846918,-0.2453507373268771,0.6692543167683079,0.9353194276128268,1.4558204500293077,-0.7748685999127793,0.3453562593672476,-0.5116999262300997,0.009984980675651692,-0.08399524273377192,0.5202442508306173,-1.6472635513631444,-0.9701517244414837,0.33756499496972686,1.1826186762366289,0.8347170238432949,1.163716456879503,1.4678213394233226,0.36542556374827845,0.974585816067225,-0.20050158756881922,-1.7440855230845334,-1.3097839884652067,11.348365481581157,-2.8661344952656984
-0.2522986906938077,0.43153278206032514,-1.5385029129530783,-0.41538717703706146,-0.6837797765512841,-0.49502261093572564,-0.4844122524807519,0.36482390184655683,-0.36657044173281855,0.2931807108667585,0.3487919801577212,0.271991108621385,-1.0794682073845847,0.41850975282922015,1.3903219909301763,1.054111092487969,-0.36102527326414846,-0.13812994950566287,-0.0475263952566294,-1.3244483863854397,-0.3507656138585014,0.01505482726608687,-1.8266139263399253,1.0142137241102993,0.22064575670842765,3.8040248665659,-0.5836111941346137,6.550344292785615
-0.5482316252591614,0.3372279674146805,1.3528069460435301,-0.019540284804081733,-0.4960875194610519,-0.02550500321123324,1.7608610723778013,1.0028688902721272,0.3041613945409785,0.9687451779396378,0.9337571094390166,1.2262311273683477,-1.7372598915650805,1.2257561038587315,0.3983231544977382,-1.0359450599848679,0.5387481844291434,1.6586264913357043,1.1025820578312586,-0.07868596901620885,0.764280791636503,-0.9420801373147928,-2.4468831137902844,0.6702788271514556,-0.7134782439537181,0.7072880598008086,0.7430128584389261,6.93099618088105
-1.5133296230514528,-1.618369196674835,1.3950539160576274,0.5226566521271759,0.4634042070366517,1.030164055328071,0.347268463316935,0.47677168892885446,0.17469311915892297,0.8966440295862421,-1.006651670250098,1.2339293743691628,1.2793791216128325,-1.146405813687062,-1.43106191349428,-1.6754651627747241,0.049179649766151315,-2.11180689107285,0.6095491544015731,-0.7013755693782883,1.3183111992412058,-0.5187538941093333,-0.026146278460175438,1.1530377426810259,0.30729275686388086,1.7700950511320446,-2.8182159793971184,-0.1921162349867602
-0.268029577702789,-0.7592887369660247,-2.479990559265352,-0.3965506026680156,0.5139962541934325,0.8738701762738602,1.7704818242079061,0.8495689205261523,-0.6124908846473006,0.4000929643319729,0.4103574250682894,0.10783539275641203,0.14258999621773777,-0.24060142520696579,0.4820115704163703,-2.193229989695502,-0.6428165796106596,0.18789048581441592,-0.17696143730691696,0.40510209609367925,0.3635297954347479,1.1302216492314456,0.7243350411550189,0.1755146114262323,-0.5296774832189243,-5.095868697784166,6.7082378233974165,-2.7899404120757145
1.3690940377576188,-0.30105114536025834,0.30394180586307284,-0.4417992798167518,-1.520827551297347,-0.16128232507646545,-1.277386922263907,-0.94839772264793,-0.06373965551606972,-0.995139341278485,0.12779760106987847,-0.0931616511820867,-0.07283928206844727,-0.4698043412778457,-0.8073384034203226,-0.4101325119237889,-0.4765461897356026,-1.043164527277004,0.5042557051032096,0.38560910504714674,-0.267528751292593,-1.7743820035501199,1.5597742264527308,-1.2295953440864231,1.1435724441546045,1.7640810668088975,-8.479804518218272,-6.312162589080701
-2.145375635362633,-1.4983316445192756,-1.7990694185473644,0.7957842658649438,0.9866819903778907,-0.6526771446807962,-0.8784696716896626,-0.6049421735376646,0.5846672788901845,-2.7278909371435,-0.2256968728540286,0.06719429153121809,-0.24841296176733393,0.7897170948521639,-0.8487707175078345,1.5837724351866624,0.12325297055077604,0.9112256256876071,-0.367678003483274,-1.6066559355276562,1.547632964145529,0.008121861876968907,-1.596688580401373,-0.7733091101320179,0.022617626821142104,14.725830868147897,0.762317833998653,-2.5964952350268247
0.41266712910286124,-0.0032101772996363785,0.379228555815774,-0.8527126207143874,-1.5404512534271035,1.1761244979068408,-0.6622551669248264,1.002068549341029,1.451405859617502,1.0437606102055605,-0.5551576915463685,-0.44114288689247494,0.9753895184286636,-1.0052778679251508,2.349369160680976,0.7343095220203777,2.002773915591232,1.8663493019272104,-0.7840804763351839,1.398124904580461,-0.3390737732811269,-0.9675767583641118,0.33576568436310134,-0.6093320936775903,-1.908679690091822,-9.071316373782652,-0.4364734199578524,-4.275534164928582
0.801533951012311,1.6806973049183822,0.700795303228116,0.6829401117688056,0.5556458745546913,0.6840474529471827,0.23810245601866317,0.031233190748845053,0.5817602934035649,0.6348332987822951,0.5242979554040593,0.8941463186184985,0.6734742179437241,-1.4537467693667891,-0.3195473502727212,-0.9758888049761095,-0.08692249694146359,0.4391799482391787,-0.2594411534709942,-0.557435704336336,-1.6205264509900492,1.3849432144959817,-0.2125642886548689,-0.07171096593098686,1.1593003140516633,-3.7148495905497696,3.357855920601053,0.7399553076784977
1.6359869597277708,0.39534830482255645,0.2855665613617403,0.4912800863146571,-0.010216826849684477,0.3571726440485528,3.063765796385529,0.7094205094313354,-0.7013964774674983,-0.1763353180716821,0.5837704045028236,1.5256500143408465,0.10051101934003628,-0.2307717401944662,1.0940792942426247,0.5915000059449281,-0.6770188280852704,0.5890905811548219,-1.8690018508504402,0.5006793802002346,0.10665042699867255,1.181899642516767,0.9108010227654666,0.09891904775474084,-1.3237342457255135,-1.1017773362696701,1.0158270436001005,3.4177092012520047
0.3644826541239965,0.7352429826257969,-0.4494090351985497,-0.28446579271612477,-0.06585392773027991,-0.27168432042386575,0.19512006742776664,0.2568272830094901,0.7837439378208513,-1.0989224562605573,-1.1045034998176073,0.24795674808610862,0.7025191843154396,0.632944322157835,0.8363763420779642,-1.801995461475572,-0.33690012551158843,-0.8931190002816659,-1.852340116679287,0.24537825519832093,0.6559644526673514,1.4168994177772338,-0.8620530638273893,0.5294709977956801,-1.096970796369627,-1.775314641015591,1.3903361354905117,8.175616050142954
-0.5688564785661165,-0.04311203784558605,1.2631649776536822,0.0398729635361826,-0.11548792634130806,-0.26850530556633423,1.6141782440859762,-0.63062796848596,1.1830565512728688,1.6637472119210577,-0.16675911905391888,0.07359967971242402,0.0407843261330549,1.2857077885859551,-1.3359014147745694,0.03221527323162869,0.6717025518865165,2.031707678560741,-1.1073104610864646,-0.31392136169470375,0.07709652697282664,1.6364660962771174,-1.0290673690305594,0.3146652229548154,-0.6702754172617763,6.121499198837344,5.271008572014052,10.006255451337754
0.13743125714295892,-0.792054842122443,0.4007172531675675,-0.3259504864854187,-0.9299048893913653,0.3132341802373915,-0.8692679889256971,1.1500916457579453,0.3335394858041849,-1.1112700605750547,0.6624967651031385,-0.6368092005130366,-0.0835878406065832,0.174243334604991,-0.9765791325781683,-0.9318062873123498,-0.8853731126432899,-0.7963778007097921,1.221938522477396,-0.39082037813188003,0.7020866592011655,1.2734253368405521,-0.6428495765784186,-0.3370566760815847,0.5496711979655994,2.0240581763108785,-3.09046540187603,-3.4901173803709087
0.3763388778687958,-0.2910646380507979,1.3257336739402175,1.1343154478469402,-1.7206018355646042,0.7667801941645295,-0.1613793616809399,-1.2829674832288915,-0.14485334601968933,-0.38233050074763186,1.005193069004917,0.5197735936913873,1.1544766733545546,-1.2001703258459817,-1.883308152096303,-0.356362100567552,0.013640710949378411,-1.4230434429266998,-0.3853121760593915,0.3694474177677312,0.6856819016082937,-1.349767745940916,0.872407604090579,0.5094588941556543,1.6513092600260801,7.416051654495713,-11.491451908142528,-3.804173286732538
0.004975349359199759,-0.4918618803116649,-0.39471693376742695,-1.211279605729141,-1.7667371227406519,-0.5659197503860828,-0.19262260797327974,0.2907445436884707,-0.03471239927521765,0.9836497462232553,-0.670091330459507,0.409064071645593,-0.3344553417131497,0.2040452854302604,-0.5074466071634728,1.5862393058393296,0.6079287905227241,-2.0839647766479747,0.611902382366605,-0.7459975307181346,1.5520764989737914,0.8025554050577445,0.16902009487844255,-0.19242914346076834,-0.16015567635867436,5.648220608909214,-5.742887993811033,7.45919733228882
0.1939095129384896,-1.5186614887462815,-0.07614570737325736,-0.9072005883405319,-0.2919532093873583,0.15162472462941134,0.40532188037839617,-0.17994324724472002,0.41547385227349015,-1.7070706211805509,0.058821231806805964,-0.29618404512198343,0.4172442655701431,-0.03937401269660139,0.7397506414074047,-0.2328621562777236,-1.849091743769418,-0.1977030738301204,-0.2012575089573675,0.9976049766959811,0.21189476908059882,-0.24621630715230614,-0.7613373933445264,0.6308279398296566,-1.7053010948831813,1.07404617785422,-2.0953424722496803,-2.43462720350851
-0.05907853437077322,-0.8901582574057756,-0.9723498912196282,1.6440179997759523,-0.400495294692362,-0.8897974442300997,-1.4670233927503602,0.603420506440101,0.9354085401755514,-0.7590474983831029,-0.12290590217303968,-0.6884334933130583,1.1233526073293096,0.994866209868975,1.3908874477778064,-0.8105642571519458,-0.1962967643333524,-0.40356868048148625,-0.5827731656841301,-0.20110800424377576,-2.4785653200382938,-0.1312224181187713,-0.38572172580268743,-0.3866279850529581,1.2016049144037124,0.2048175838266824,-0.608913171701221,-3.5396040892797243
0.4987389535151278,1.1355511490971513,-0.17900947232488876,-1.2544219024593108,1.2360821359608025,-0.030120949495464105,-0.9131248337079714,-0.0992805918296803,-1.6874599917300046,-0.4096928952769912,0.09221988328905037,-0.6545218323004934,-1.0925749831242548,0.7307698490532665,0.040519531469584175,0.10114325123000711,-0.5964004833056364,0.41962945593322654,-2.1842834109583724,0.7707794075260416,-0.7625715871360111,-1.0909863087869098,0.647050259605191,-0.5925171314444908,2.191150863380573,-7.529753693007534,-2.94516256760421,-6.422673643027005
0.04945058569598634,0.8238122687758543,-0.2609621531141274,1.367880405807045,0.5728069360070529,0.08219518724430604,-0.06442888932603355,-2.0755177823765996,1.0141890901327224,-0.08813231342047932,1.1465666107161816,0.4571347135376816,0.09343687750706164,-0.9191791211286384,1.3234491648137345,0.2568215901517318,-0.8268608698021921,0.30059085577962247,-1.04658007186005,-0.7198120281193529,-0.9405593340348615,0.4007168454655573,0.10404353077381054,-1.142165832209236,-0.49608714322711983,3.3020231681956393,2.7582565281259566,3.945657694855021
-1.0021128421906709,-0.3001101309246122,2.140725546223358,0.11451829417493936,1.073764349257248,0.18212536206929567,0.7958940262339516,0.1039433650059919,0.5179657206653008,0.7508249825740404,0.6215517246665746,-0.03051744352242057,0.5525141139902059,0.23251564851984605,-0.3301483266315098,0.21567016035901795,-0.12068829037714879,-0.6099658745130471,-0.6955020880862351,-0.17117327880880295,-1.2010731167578599,-0.5847766037718184,1.2224461790700085,-1.7329813840992512,-0.5876725481587136,-3.320386661502359,-2.9162320821346888,-5.228558560732192
-0.15813784975461817,0.5111191386185001,-0.6240674381428517,-0.18998754874351578,0.20678715338431813,-0.9173888938806433,0.10090409043766309,0.5653685796874277,-1.1237622477060443,-0.8327703755013447,-0.8430716829671919,-1.7931377680432161,-0.201343525922316,-1.969348241652184,0.8253258984587128,-3.4999847817979717,-2.3759975557752173,-0.0387486565120945,-0.006181985083493034,0.0024304418443444743,-1.6112678953610038,0.8532107418812149,0.436117662761779,1.3823522708924916,-0.300815324751365,-10.238842152789477,10.690189591752683,-4.485339635370863
1.6221182055400531,-2.810463793331298,-1.1223823769250265,-0.3969221955036806,-1.5248520538315748,1.200945161116053,0.7424968991366044,2.9268421874147283,0.49767816752483973,-0.5717107587318891,-0.30366576582536003,-0.48267974502102906,1.1013498691411976,0.20360994158542337,1.55504850837866,-0.2251800324821729,1.0137278698936187,-0.9083508825447864,-0.09465970786542989,-0.009893515148086679,0.7883283639827423,1.1426803186248229,-1.5595165459025948,0.015820486214082847,1.4652560232876624,-0.23987239192987017,-13.761483104643903,-2.7581939982706123
-0.7496381125495023,1.410764949003011,1.8224402287537098,-0.3274870796406631,1.0536586571104447,1.2621741374934652,-1.6064000902536024,-0.5573208589355679,-1.1258129503771037,1.5692428857492065,-0.04993023838760624,0.8858415865760787,-0.9051430121413685,-0.04721331474262155,0.002087581463615906,0.6639392661089966,0.3139195504071031,0.39650775479726236,0.6957933097489147,-1.838971043676533,-0.21491737756317886,0.8574522419229988,0.7071642440288328,-1.0111523688699178,1.251172329782451,-1.6903264778863445,2.957356092774749,-0.44902897735160013
-0.08181922514924578,0.36279157525773725,0.29837527872737185,-0.6196702849444525,1.5763706977033045,-0.7693048333351764,0.6530245587136715,0.807115470530079,-0.16951295607714328,-0.23509700695283528,0.36982065514496804,0.5585963174079258,-0.5381930761575392,-0.7725741254747132,-0.3763207866567759,-0.6414620352524062,-0.7611073471446098,0.3276855194795013,0.1478082673402519,-0.07436788198222627,-1.7079394650148632,0.5456285489367566,-1.0063412476082616,-0.9947610086689961,-0.09228850663733774,-5.536928650279157,4.254852825747653,-2.483851868615767
0.24888693383437538,-1.1750948813344926,0.6465634266645244,-0.7984942854961141,-0.8660010185931615,-0.18819381656631406,-0.2747023168237065,-1.0022825171329406,-0.309306270921888,1.4991632570255118,1.2287801500712074,1.9878717324410582,-0.2355973355398516,-0.370305451396448,1.097657104728559,1.6620043163516662,-1.167786728882185,0.11477797019111931,-0.0531695696564797,-0.7203278143269191,-0.8999287276787665,0.4825050941252446,1.4145194482291363,0.02574563818686436,-1.3322459442483479,3.279806957910081,2.9012715322388294,3.9154177405976056
1.3106085124649154,0.6283676142086464,0.07193098493074139,1.368323936602432,-0.22939479557569417,-0.8767326697734905,0.3638778824465985,0.06408843011177519,0.24164416189211918,-1.5277908508198725,-1.1483381860498718,-0.803265502324445,-0.7229277045349995,-0.029876069376371096,1.7728898886050404,0.0177069446107723,0.14357777166820326,2.458140473612254,-1.9613515442172316,2.564940203650209,-0.587812431668269,-0.3829274151864065,1.5380139346327595,0.4305622625403911,-1.9734493559288966,-5.396919205237742,11.577953805792443,-2.181614304089613
1.0388991467496849,-2.1273107728393574,0.4557925989463917,0.8603025507155939,-0.5206855356537068,1.2224904121801483,-0.7983021836458265,1.1965466342144717,-0.016295370981821728,0.6603712109583021,1.2082315534826826,0.009096253749614966,-0.694095415065196,-0.004252135650256978,1.6054418366920291,0.6201070568933568,0.809956917398828,-0.5440492742439367,0.24004253427054525,-0.04886368359702048,-0.255241573241182,-0.27629594280773945,-0.2828145779832881,0.586252150755013,0.6172242435329467,0.9040328912680107,-5.330261612052718,-1.1359475393069465
0.051944553770968495,-1.5222531085353057,-0.22440258092757032,2.99933369456941,1.6070742330849948,0.24860434995488717,0.8659320303372819,-1.5821138491564648,1.7843626651396844,0.8642753336636171,-0.8136949004872032,0.027008535909820584,-1.4023412861420237,1.8626028507244445,1.2651086940681466,-0.383659441369921,-1.338491031928033,0.218916651075107,1.049539925241113,0.30328019283995955,-0.3555416942197316,-2.0651635143794485,-0.06846419138614042,-0.44909695597992305,-0.548680240550801,6.917469069016474,6.183136462154355,6.41617097952168
-1.6344803468827427,0.39444230794409607,1.7092699520591488,0.012432854752191459,0.3416174399500838,-1.2771914146402745,-0.13953561322274866,-0.21142882472077162,-0.07302416746100256,0.14380857636016167,-0.582858398949707,1.1786639687580507,-0.10122533813082246,0.4904210231143714,-0.33466943742256317,0.4870230339254122,-1.243311860750497,-1.3302136342614117,-3.26800588157835,-0.5811900148511455,0.12269587262059017,-0.7936628556151197,-0.22385545671151205,0.11538622712851693,-0.3425843488599558,2.8097824765834347,-2.0969338716549792,5.538736590967687
-0.06295300559875582,-0.33950630057098213,-0.41544032318982493,-1.0682462337553658,-0.9021938152341138,1.7577687768301824,2.099822369211831,0.5475547993529404,-1.4958668156178878,-0.34040134390513677,0.6563004444023058,-0.2448962829985432,1.3128333946965267,0.8747002376832261,1.962997041389079,0.6161260638884949,-0.2171830990734978,2.62623436332227,0.4596715466454699,-0.0004527623993380211,1.159853542739274,0.29095718075698296,-0.5791276170995103,1.702059616454706,-1.2643799746669364,-1.0066262457260609,-3.579068204247154,-3.7852427566060936
-0.4532709363685928,-0.4724109065505532,0.5685799672184777,0.3964856343538591,-0.41683077535385443,0.4116487857741736,-0.1079209261058133,-0.6204321068902537,-0.0413781771242521,-0.522419421558752,-2.336551793965565,-0.7262359733192246,0.8661677427786006,-0.18463253258634724,-0.2105670592917916,-1.3039680265387572,-0.5105710377470775,-0.3353474438090957,0.2570033627696786,-0.5115379193760011,-0.20271385848326504,-0.46962469677529983,0.35406662946440953,0.34587955757680267,-0.6245811093162014,2.73844912813117,0.7341457132426239,-1.5434983033388625
0.49054333405790534,0.7129089511412513,1.2740773334509696,-0.8773852510834089,0.25431892701946296,-0.5329152390260374,-1.1918158546495594,0.06040182077175322,1.0000365663601996,0.2513490271654054,-0.49491080399319975,0.17701532655012425,0.6064129363742384,0.527823042247118,-0.41827299839967164,-0.036939902837622336,-0.6718614005313296,-0.4259240023954768,-0.566060203582759,0.3008425911226268,0.4100727393298465,-0.3889694099656059,0.32177977746096215,1.325039133636277,1.5621552500543718,-4.07070059538761,-2.8464107980207576,2.8717537512141686
0.02543034835518344,0.6297437503777141,-1.0160201597012826,0.15344117377981237,0.20380081405490627,1.027058801407908,-1.7439898587079905,1.3611980605922538,0.7554647504169061,0.23267781021686532,-0.8502241204807555,0.3883830953871403,0.35738844957988,-0.7277387241854856,-0.16608007412409095,-0.09101988265646445,0.7866906102225979,0.20804010449558388,1.6342230347233149,1.5862720525826235,0.16059494742604125,-0.3822149911560992,-1.522129681164708,0.19173628593830233,-1.248462590812633,-6.072297462426192,6.584792057772695,-2.2501550918489768
1.090801547427793,0.4024675499709494,0.9597796713874024,-0.5022711981937535,1.231901397021906,-0.5803568767820799,-3.665091046219067,0.0010870977431551593,0.18167383419539662,-0.2946352081870016,1.5165377253549963,-2.60719209095307,-0.18178462182074226,0.8602092990479325,-1.533785292116262,-1.5535501984852627,-1.6002306319760808,0.6986271630353578,-1.9262016313256691,-1.6558959184564177,-0.5885690038121593,-1.0941032952482275,0.9528043598613417,-0.8811497552174684,0.21497654824517748,-4.8213926283489945,-0.6053884847374653,-2.342379283580177
1.2373172346463477,-0.9315180845698455,0.26126797435540583,0.187896349503062,0.14038023955577514,-0.09865595876067723,0.17144607202740925,0.5710748277797678,-0.5457733796558724,-1.261236437538378,0.31995614652374244,1.9059385290142508,-1.0221635242791003,0.29491832165634835,1.5459744044484007,0.36154579266660153,-0.6353705786781796,-0.18120597912461403,-0.24860782139656523,1.1789102028901877,1.1270735798788416,-0.09863372898567344,1.9910325337683017,-0.7347900482030874,0.313317388489901,-2.8481714862272143,0.6013035250945032,-3.4313557407854276
-0.7414399688951319,-2.114035257040612,-0.07045358838161728,-0.47276765771077267,-0.39402621313186575,0.44750059738933623,0.7047828478166702,0.8641825998949235,-0.8376276614125413,1.1665612847541798,0.2997070318333634,1.5830462387643511,-0.1408960993698526,1.543700664702031,-0.35104434235989435,-1.9957391177747776,1.3296723372988575,0.5300373161531216,-1.2163893506558805,-1.7727273149617544,-0.21721609390715602,-0.5951721091394104,-0.8831206276527728,0.23027230803929558,0.7334409068945575,4.830991533368674,-4.0577550966470275,2.680838072171675
1.031536549371977,-0.15550695251810887,0.5868012763460817,0.14604421300472462,-0.44272185379369355,1.8121066631100062,1.602944463319493,1.5627816361720026,0.4104233796725688,0.6123214274054006,-0.04200604266700953,0.32966289882506405,0.5328160596287448,0.12554974334604413,-1.5368079237600993,-0.09734376205009779,0.16096363065431815,1.3612302830715854,-1.6413385890318946,1.02414250825769,-0.6428068323194523,-1.1185734026267335,-2.859642487430003,0.8070099244070044,-1.7273492424981425,2.0412713526969264,-3.475023949370178,0.8253301310198582
0.32162575698933626,-0.46847303918515887,0.8139762916865071,1.9688283735563181,-1.7099053215819229,0.6116118834119453,0.5909645852379674,0.41522259370543807,1.5039853948693935,1.0412062442238752,-0.3379726907858691,-1.777178333499307,1.5978444200458062,-0.9759160965055956,0.7026795067501741,-0.017043679123690543,0.8617290190629734,-1.0436979212477493,0.604682945712625,-1.1074051201385489,-0.0697753486837298,0.5190260630650472,-0.2718423736519722,0.5783606537981134,0.6728657461067703,3.9592047244634587,-8.151906559296263,3.1830483176585336
-0.2077853025520884,0.2508357571225771,-0.39610829427733996,0.9012412282549392,0.09842833988697641,0.27095685171455675,-1.1077846723356959,0.5492984887214233,-0.6077223952107532,-0.3923787385897373,-1.1033944872307424,-0.55612910782417,0.9545007355605598,1.38485654034806,-1.3157692554049325,-0.16918427723581328,0.2733509667527088,2.2222095797705707e-05,1.121078899291036,0.4371049611622742,-0.8819438002305481,-0.2876334342951157,-1.0494906514850655,0.5264998546938835,0.6755431253783832,1.8063730855682978,0.7173073564403566,-3.6419153044759502
-1.6021594293083552,0.6809577661605368,-0.06543407312093666,-1.0836298083465012,0.6915231531856222,0.9329037087908696,-0.15164170473270144,0.21579676216554453,-0.224231134572562,0.9764885425812038,-0.9670091898360569,1.1989913505878778,-0.1157458519750171,1.17638956705932,0.33802854982348707,-0.4380985995074299,0.6926972077199363,-1.0918539074369376,-2.0783286380034296,0.6339913022675103,0.17220819992205968,0.20387195429659186,0.4820325241197396,-0.11033579290962288,-0.3972877678698645,-4.590995180108242,2.4482263498005032,1.2689655569715321
0.02097649006339334,-0.2738674036904813,0.4522916801381495,0.18954427718846123,-0.9825264867559163,-0.43919069940596195,0.004142773288079903,0.5727416929895581,0.12727831658688163,1.0594320366912091,0.5364005337668023,-0.3614187601054416,-0.19687010017290268,1.7990973719568066,-0.2282300282494835,-1.075303620064335,0.8931218375509077,-0.16018316181187708,-0.38198395488317805,0.2657785652227764,0.30705693290722225,-0.5586971094617307,-0.3152886643317466,-0.33086940898881073,-1.2198976865338185,0.0879737707809819,-1.5028602899077776,5.742755831314129
1.5687602164771055,-0.2735294004141251,0.06428102315631264,1.1910019000945093,-0.28061952388693273,-1.9442899037881831,0.08363087290743833,-0.025015684581935687,0.7491590546503171,0.6571336047526103,1.681964725873551,-0.6138720766112209,-0.8384913383679744,0.010873709396815982,-1.9703669333754112,-1.0456735569380622,0.31843147059304405,-1.7541704481667355,-0.30936466667341633,-0.7642180519957423,1.3332880741076634,0.38026964601246294,-0.6305588991354024,-1.01616049931412,-0.07940795402653472,5.5144853724347165,-4.458736057554913,13.594254667381767
0.2301667356468526,0.8022600963654962,-0.7695400928261374,0.3156492989899231,0.16205012362310928,1.5421012390385085,0.21630736670099746,0.6089020173977524,-2.3771996325309623,-0.04435098094280769,-0.9737477077929181,-0.25897661159648644,-0.38234302700929335,-0.3569650162036217,0.6426245660326725,2.0879991081938662,0.09527197211019028,-0.6676190079868765,0.8254562809603075,1.453715248384523,0.19163443302096053,0.6831145716978041,0.6364745602555927,-0.5821618076129628,1.3139618051129642,-3.5393122253877816,-1.2705268005755415,-8.687905316289982
-0.852035813255055,0.6591986875272243,-1.2308693602699046,0.349653413518721,-1.9506402059714485,0.6355691446237868,0.6937921506323053,0.422647836085187,0.2029467150831865,-0.5614644415172463,1.3530472550114685,-0.13772953525086165,0.4561732891952225,1.2628216846788511,-1.1081852569597128,0.7825988030134334,1.6967204961205593,-0.3554454998365395,0.6199500793818515,-0.37911940313182285,-1.6481253169895642,0.3832228331473576,-0.653513399605661,2.0900387600702057,-0.9133732840526537,8.960122869031514,-1.0676972727783212,-1.6991649911700468
0.7540662039238589,-0.5107746349873701,0.1032410173001354,-1.7677385640042944,0.41238474265443903,0.09951200810683423,-0.2745264889922207,1.7491321822952803,0.03811388739983644,1.3757574105374357,-0.13891803415637285,-1.1180221396568588,-1.2872602439395946,0.594349329497515,0.13803960537968987,-2.297853265656264,-0.23467572997744973,0.15426778823469653,-0.16840019982632054,0.04952913346723907,0.1348744176181465,1.093158527961994,0.32495115324106455,0.8680102526699582,0.6493076984658155,-10.249212249451446,4.729457625773014,1.9420884916535985
0.3590143795072374,1.2447836728420818,0.6596407365833775,0.6294192162220505,-0.5631146686246531,0.042145244739016964,0.2850084295514268,1.404045964332604,-1.6874895536718693,1.7529532239249341,0.9432934016986919,-0.7795244024101504,-0.28483006545033324,0.742027062062436,-1.1384469059319922,-0.4676739692428353,-0.8239754734997791,-0.05586631618556558,-2.290321319728781,0.025412869470489367,0.16122600776167492,-0.1796750244244307,-0.9687975700538676,-0.612924224165053,-0.09171687411838476,-2.2363204767762017,-3.0098472369538305,4.0673225637952575
-0.8116427576433265,-0.5297732419394787,-0.48262819513005933,0.47417972024191846,0.07348821901232437,-1.5161903920934037,-1.7931165864381422,0.4768950115666311,-0.19845024380967155,-1.1872720785655453,0.49561138742525224,-1.1031042270222489,-0.4988317601285305,0.37290300089621853,1.2141990757595111,-1.3833285139896225,-0.6248525498012273,-0.2173277698946793,0.15512804102197397,-1.2270120238809707,-0.47257706576478364,-0.36384265923780373,1.5281430474032207,0.11131439965634486,0.45547610694886087,-3.074514673321905,3.923557882066897,-4.555660553900268
-1.1853351249629447,0.14097394723635936,-0.027007947871334502,2.801809743189504,-1.1992246580436836,0.11000605750225652,-1.0563934754353168,0.17890240775039315,1.9980086182144925,1.0093579436794706,-1.1395211234426161,0.9812365475958132,-0.33909595553725935,0.17450582335214002,-0.548973988048086,-0.6152892623119259,-0.9672275253022158,0.4576462191077434,0.14822631671364542,0.7537845434131726,1.1035154716508342,-0.7419480665606655,-0.5792336013243867,-1.869163365164372,1.6521488448891708,5.131821955772357,5.133428026062989,0.6496449023268449
-0.19446459907937938,0.3738562923186248,-2.0501890145615786,-1.3437335825322634,-1.5446703599836942,-0.7887067588590919,1.168856750524067,0.5348696892786947,-2.166538526927471,-0.6772101537620929,0.37662526155268317,-1.3721821768133724,1.3755552298897906,-0.159873023791204,0.13525817327855102,0.6149887551709595,1.0946284250464808,-0.06669143455847641,-0.4710305583496632,-0.8522917734788255,-0.6596884499136193,0.29462132827926135,-1.3134046364759935,-0.03778949744175599,0.07900963429642346,0.9661495234457221,-10.278290519678873,-2.84771395716507
1.81938612601107,0.4616589104605576,-0.08820940165038148,-0.614159421997617,0.20645740867746643,0.309934786849075,0.5000285810321426,-1.9886511233585014,-0.22214330848142524,-1.3039021277307445,2.0407436878681864,0.0899118616137989,-1.0207558715665725,-1.3089478860520567,-0.07931026091860952,0.19780672940357277,-0.4471464094163633,-0.256109390255576,-0.6064863222775393,1.7742048890808706,0.10180505936627468,-1.6801732084429684,-1.6472891388686226,-0.470031826001708,0.0054346653653365605,1.227620455829387,-9.317557776895852,0.9087765352444012
1.2556996634331268,0.1328292512995111,-1.042526964560411,-0.2295453220492588,1.4354851688449581,-0.09850718365847053,-1.5337705188776505,0.811228364188516,-1.19497389765874,0.8778324911259082,0.8167814800941801,0.80127554262037,-1.7686727663489754,-0.4616157242241358,0.6649199256835293,0.9783801499700512,1.9717536296578932,-0.09628352201884653,1.0847279949702657,0.17711275626237324,-0.8240712073283187,-1.2584035657515589,-1.1317095787553026,-0.6135286771686034,-1.3044623633898966,-5.02015629646116,3.0502551365236004,3.3487990421014984
0.08538213285472576,-0.34952003963212436,-0.0934630412146398,0.6719890269880748,0.4906326817660562,-0.3250349197112886,-1.6170561777374888,-0.7776050386158764,-0.6252534675796717,-0.39701697562627636,0.45276873817876717,-0.7356174708523228,-0.7748535881653996,-1.7430446499350738,-0.7305121759721979,-0.7305996760598725,1.1782612864978819,-0.9753924619394214,2.0890072741241927,-0.8533215132962265,0.4850447915653215,-0.4283650964507262,-1.3462768377416274,-1.7060266487148525,-0.5143174765756744,2.280766432440741,-1.7366224180301344,1.3045380195062786
-0.15628026181502697,-1.1688260611104855,-0.6615648320966337,-1.4034801989914898,0.3740698401018045,0.7267045742030389,-0.5989102428657143,-0.3905766167097903,1.0052176146784935,-0.6077942934942162,-0.17651885155878116,-1.2237482105950246,2.089051163115837,-0.5764252316755469,-1.8885590115787236,-0.028624753719774708,-0.10373348430542065,0.8242835725622643,2.214723897078239,-0.5345612751979244,-1.2573604091656183,-1.2139882360631342,1.2538794995023188,0.6626190657784844,0.3867870408956541,-0.5611096824345253,-1.9616290759186918,-13.58865854156886
-1.1171689708801815,-0.8137488050432184,0.7194663845526718,0.9746872311314885,-0.14129337404576156,-0.09696260109678259,-0.6332179360915672,-1.038364196027692,0.7853128359431294,-0.2777936182968829,-0.6581851466072163,-0.46978309071284974,-1.2263790404253239,-0.3998569899498495,0.8085314471376522,0.5338885865550699,0.5291693271098756,-0.8755779419939039,-2.1943827643473406,-0.9112006494588818,-0.9458885759353554,-0.6939570065157955,1.2965266730910767,0.4181925947692201,0.2150689438129439,6.244535198999059,0.599075086721777,-0.25791627698761366
0.8790200135765663,0.43757845870532913,-0.3468375541105099,1.153457490473897,1.166215537968735,-0.3293086115114098,-0.3260530684819225,-0.2786776660969064,0.9986559192914628,-0.29412921718360036,0.7300147973843539,0.1694276094808567,1.3473030776170658,-0.6248967461897532,1.321639494267923,-0.6828415723593138,0.45325277030361305,-0.5354727023266885,-0.38918929286505005,1.4343172859450835,1.4198508874322884,0.01069901345890958,-1.7193608464852246,0.018008438131571908,1.3104846941532706,-5.669505460627358,-5.404863181949842,5.940205727932971
0.6317706277324197,0.4148992090529079,-0.384104561006898,0.9221484577925477,-1.4927616913065653,0.7941557797857768,-0.3478061734260589,0.15992488998800225,-1.4524511389311452,0.07496293441949674,-0.33208488533026653,0.10638849860792561,0.021405835552193223,-1.4403117354499595,-0.49145391317180187,-1.709477836729194,0.7499956174455363,1.8368336273620576,-0.2968724062766453,0.43092913251069487,-0.0776354124370141,-0.19642505224893225,0.2912029119198703,-0.9730004610883859,-1.1965646631721796,-0.9672327709361662,5.909321270351787,-3.759609902618941
-0.029823046628841974,1.0109175651418298,0.6241678071333188,1.4154000731499539,-1.532861139270936,-0.44126801372022295,-0.01923316776997714,-1.194826837603638,2.0779321403159012,-1.5770907605905427,0.8647799686562573,-2.2690277005689787,0.2540780785591823,0.4895328045330292,0.6108821719009059,-0.7749507846476139,0.3323156304343869,-1.3134795629956082,0.19708372639201704,1.102249733672734,-0.4886259432264913,-0.28876015800957894,-0.3785918800598974,0.567400552215746,-1.769580556795842,3.2540308730487855,-3.3245643486674457,2.928022618793965
1.3978743527038693,1.29211243489745,-0.5126848948578843,0.195712551629286,-0.0034865434571289423,0.2925789868429026,-0.473777033990431,-0.30080478359859114,-0.6613559258892343,-1.3957463276138744,0.39547373787142764,-0.42935286249263405,-1.765566470267531,0.05223395431449155,-1.7480151911337316,-0.05663828917672372,-0.289972602996307,-0.16212768116225115,0.9088327746008534,-0.3629330453589453,-0.9882503198534185,1.6856872697207452,0.9987420818212355,-0.7776285588492886,0.3053233776392808,3.9397191779700287,5.9921814832340345,-2.8088052000094215
0.7543204101097823,1.0811344454871954,-0.7479268189723299,1.9273359559424827,-0.06295544157330746,1.4676891971186063,-0.021058305668053508,0.7941862093273432,1.469751271888886,0.8154481488676013,-0.6416352543391919,-1.2785348706174477,-1.0497266274867167,1.1765432714121753,-0.838906753920072,-1.3529001773111944,-1.095669713309402,-0.7564483712030893,0.04985119121678423,-0.38752666941860814,-0.18266392085115388,-0.4417656495031227,-0.36782669624566994,1.214440418576204,-0.3698808632476873,3.0106202757176437,4.798415207343937,5.433849301705039
0.9074969062214728,-1.053478998102147,-1.0487454005452241,0.3807655996145995,-1.1405335442071058,-0.5997575477322294,0.7800755108331803,-1.2507321496580557,1.1641534355039125,1.5637882465295783,0.8882472744259102,-0.014840635100982326,0.012905841893372733,-1.3447168828795322,-1.7163935423410561,1.3622673745348974,0.1273765874670742,-1.2228538933814828,0.5879632168118615,0.5712903626546956,0.8482394210602233,-1.3579473628575294,0.9753325356538156,1.2425042085293982,-0.32375197194958283,7.341998915997298,-2.8351834188056566,6.408656676992531
-0.2864769029797009,0.38882085586417753,-0.3102682252854921,0.01577911428324591,-0.24609008578272076,-0.865515551820471,-0.24824405705182406,0.1204674038898785,0.7889324003688801,-0.22833199267851506,-0.4514778959237359,-0.12280404798584463,1.4640940134200346,2.510729161116124,0.8977979799702175,2.405159538919784,-0.6981439237095338,-0.47330719810880545,1.1465374912167656,0.1870168512444947,0.22395015501402962,0.8392400071433753,0.9894963322860829,-1.150824280387126,0.7789186034997883,0.7623017995537357,-3.6151175857419484,-1.0066737472449148
0.4192580287933071,1.4686162601508879,0.1730758862090356,-0.5535232992232575,-0.6729939639121355,-0.14448328509055883,-0.08761657997685045,-0.480118843902911,2.012975594594984,-1.231241839090482,-0.6160558020780519,-0.9131596122237345,-0.5395161792848164,-0.20642692521969883,-1.3135561705157244,0.3160357111987828,1.3462413178431365,-0.7892950816100869,-0.19222579672472617,0.15974705744838774,0.1584379920107486,-0.22702152172038728,-0.8521239185647255,2.011495071163081,-0.30457804230185115,4.54656154300558,-2.386002625084761,5.024077862302311
-1.5403015587644224,0.06033725432955852,0.9227160147640528,-0.33502905023721236,0.7892822353801072,-0.20020617027521798,1.746718150815379,1.4377282488783676,-0.10294289244120089,-1.0433558494635442,1.2995123850092418,1.1452169022113885,-0.08739653667615564,0.5900668900062799,-2.0635886575254885,-0.6737326697481516,0.6400941168109947,0.6818360941442114,0.13774315972693585,1.1714903901097369,0.6942024692361707,-2.8448809269213022,0.4113799192350421,-1.755502380486972,1.2455218919009725,-4.465263921322101,-6.9743049079552275,-15.054120590032998
-0.15673739673755854,1.5546262577753576,1.582013559706312,-0.6372126723696487,-0.8806181646927519,-0.05773183904246634,-0.15953664759893144,0.30848656829497395,-1.2631995713834336,-1.6051637573173798,0.5435583537940911,-0.8824170493609789,0.5934054893104376,1.9261036545421197,0.7303090755394591,0.38115661803538914,-0.6836615320842362,1.1694618377149282,-0.6927404853277077,-0.7121819982047087,-1.050507764056971,0.516711144319364,0.8601922882845787,0.18011310422228083,1.0245743249496977,-1.68027874172794,-5.186901836214932,-7.691862570584349
0.29509272839689005,-0.5717374930615517,-0.3308886846937746,0.9724167732992055,-1.6239207381233625,-0.30225380478153374,0.8503967602906034,1.124406626354519,-0.09587693524580483,0.4831813987139796,-0.3337524735037962,1.1400893735119433,-1.0812106463902917,-0.5689305933437923,0.9575426897287556,0.7882895130104303,-0.26580020751221267,2.3325343284078444,2.1651303490078613,1.7141558750143868,-1.335848785792442,0.9934695487352142,0.5221842883797243,-1.2622349026318171,-1.6441185845269601,-0.9572696269173455,14.335803538131103,-5.185692427165905
1.2447174691737632,0.7188949214056737,-0.6186895513408573,-0.544104173494836,-0.6631567895951667,-0.03178309704973226,-1.6052580727513983,0.6360160868029893,0.21708191514985795,0.6766336242968078,1.4749160017715757,0.6200637106427022,1.0335153037275775,-1.478573724373411,-0.6479359800933431,1.1228760698445177,-1.5014358025281778,-0.924182635733327,-0.5628911439362085,0.7330932784219187,-0.6265528344420707,-0.17504255788024498,-1.236027336130928,0.7405788668521157,-1.5288800761329575,-2.657316098281428,-0.4139810034232783,3.3810384256938875
1.1255979297852794,-1.929934062093754,1.0725634464463054,-1.282960340895309,0.40671484716673845,-1.057983213143628,-0.08656281037903656,-1.0350928627761662,0.4685882486752645,-0.24855324309252705,0.6491217154639192,0.7369220459235447,-0.1629933968445039,-0.5164187633765698,-0.0934779622537521,1.3483194779674772,-1.597192351733791,1.0389864716184596,0.1732020228176951,1.7863534334794973,-0.3512499342014388,0.0735314084535231,1.3495434420395844,-1.652021467233857,0.5583475878181748,-2.0411740942021113,0.1863247316653485,-5.396779527958555
0.6704708772850282,0.21491887075244784,-0.42560085330535546,0.2095797507401225,0.24497757270767906,1.317603723167494,-0.8390044820852249,1.7800112364917178,-0.5084363948498625,-0.2682423177278015,0.7720802689336247,-1.9031368622358404,-0.8211523748250378,0.46928455119131024,-0.6849059853766872,-0.8105212388874264,0.27177541864388666,-0.2895406589622167,0.1463310818312076,0.6009721314738731,-0.2843767074117982,-2.1270090989659614,-0.37481864573767604,-1.254192857625826,-0.9676869920021004,-5.664411842571241,-4.124855888165206,-8.746002220743758
-0.1241139481609332,0.43393369684211575,-0.35610894234653073,-1.0421385123397473,-0.13148506648423072,0.3653993720062198,0.7637339509583875,1.9912962737689373,1.9502296521517546,1.5048647754537388,0.35534940142003374,0.4567588219110662,-0.6168893780673572,-0.05138551737410254,-0.3741267715703823,0.4785516902969156,0.1542213821241438,-0.7101996308562845,-0.9325481751737612,-0.6686852789301275,-0.07073793439826086,1.4275567408214869,-0.3399404397699085,-0.3155318614985703,-0.7225824957907717,-2.461829396602181,2.535795587315719,4.732546392790115
-0.48403906744087255,-1.2602287717513825,-0.295907204286678,0.8592482010333858,-0.5266707552899356,-0.18536738568233338,-1.3668340281843014,0.16126593857549085,0.23499728144678092,-0.984906568593985,2.377898346182264,-1.604648200488997,-1.3937574945132194,0.9495742566649595,0.9982299369260453,-1.576305886040417,1.4621841962341353,0.4730737064081874,-0.14863044440617562,0.7645191510673773,-0.665989984927147,1.0445857808623122,1.4423487199080778,0.12830458758001206,-0.6942023243854286,-1.501401754420999,6.710795343848085,-5.13200987000328
1.2521640336196973,0.09036143695603575,-1.4585062551683385,-0.7568008083675366,1.089910148717836,1.3195696802706705,0.5777287053149776,-0.5711540426433568,-1.2023703274453414,-0.6718991879972749,-2.539645173853789,1.7290289544173993,1.0168268360395838,0.3647695223761065,1.016656556511071,-0.6202249827268465,-0.2610022146485299,-0.7564570142530957,-1.7922560835207666,-0.3353762166357724,0.03471464844434651,-0.9308895884320314,-0.8601769314730119,-0.6404701427152095,0.0071068025764864495,0.004599923259262541,-6.396170030950871,3.0855989115607136
1.211790437918606,-0.24689058243034478,-1.229667769162144,-0.9882560184432758,-0.14539332023199233,0.24866819369627605,-1.1188089462250446,0.4611429029290041,0.8220312896650468,-1.0540274577678654,-0.7518479557044687,-0.7995884651435722,2.1150981676532195,0.4352970064654004,0.25925313601271033,0.20043310332620423,1.3975927918478634,0.11983746945543193,0.9502691430480174,-1.1545061458923036,-0.2738998830421217,-0.22794574615290625,-1.9836855375331077,-0.7207926843577035,0.043077369529550005,0.42706725683203506,-10.27778449907434,0.2483816129558517
0.844540594096051,1.9532141851629194,-0.4587496696075456,-0.6877380098450594,1.2074156877495992,-0.12432167536707477,-0.300336901445208,0.6192893042768162,1.404976956346301,-0.9602417377720321,1.102918870323657,-0.0989660675246301,-0.9460870797779825,0.12050073605920007,-0.640668159472686,2.520106081478707,0.03200652733833422,-1.665676662854492,-0.8949288173189728,0.7494441656479396,-0.485149435137982,-0.11096459389698954,-0.01344658477958808,1.025881572658233,1.114346544758568,-2.0543683745609003,-3.7897336807259197,-0.15337401322399297
-2.0600643325548584,0.27576678425077,0.38034361761662705,-1.5068728428184548,0.7234975394171963,-0.4498580523724928,0.8828208413828111,0.14084713370598834,-0.5994793730479471,-0.41605018490985035,-0.70670159925069,0.3050276594845193,-1.0747347092250865,0.4253637871062761,-0.4898957225675034,0.09432639465655214,-0.45746563089193704,-0.32971516003838247,0.7169381440486466,0.8139199459973755,-0.7707488740806357,1.7031825519421913,-1.6210010973269617,-0.32168070802108417,-1.2129453190619548,-0.7634099511207506,7.097931077859736,-0.6423487227428307
0.9653540187670081,-1.7377939454033902,-1.0594988641798992,-1.2948555937708013,-0.855148114499595,-0.3242412066560328,1.0107271081781313,0.17624970876359122,0.79077454201365,0.8982935824653668,0.1714480928045238,1.3906460942249808,0.6269972284157452,-1.1945576463935836,1.0586689406085463,-0.7328031400077784,-0.15430132124370066,-0.8846596662113548,-0.06596949323096524,0.017099687147843424,0.2886205246474818,0.7803520387576313,2.1425099299208767,0.5910095004282037,0.4684347200596245,-3.3792901969851967,-0.18693102186734215,1.5056787939148533
0.2849131997912167,1.1168204098855856,0.41428536987211134,0.6944896371151336,-1.8307038654977144,2.1843064027328687,-0.9956312960311265,-1.5529312730967573,0.7665448725913527,0.2618655272299228,-1.314723568003109,-0.4112085894042505,1.1627680011372192,-0.8746692580820501,-0.8932565603517383,1.6942750169155307,0.7101772386710364,1.459963094493407,-0.44848688610219434,-1.0272027815924336,-0.492065602759139,1.891506739739303,1.965665335493197,-1.3161906022662366,0.26980752708798916,8.676133249438493,2.6366208163159577,-4.730569938006536
-0.5257895065329001,0.5354921495905688,1.4790375876365496,-0.9671700228596597,1.5101033973827132,0.2225573117658588,-1.5694110734094617,1.654837047450154,-0.1559225237480544,-0.48716569062351056,0.5375237377210639,-0.28664910044061137,-0.5316920709904648,1.065421874756708,0.22840467423588912,-1.5078026437353391,2.165330183426656,0.6326058711272456,0.06516635554376358,-0.1679850859237229,1.8007343018192323,0.3633340753890842,0.575081824111296,0.5484333784711674,-0.483893187749893,-10.315533914168997,3.0925347688677616,-0.9133985076414346
0.38626379814895123,0.7640606107650327,-0.10450938781386343,-0.3936900525295845,-0.955833149826518,1.342790965100603,-0.6514548552213116,-0.4716336952866414,1.2361345196622884,1.031332450434704,-1.2412938989131017,-0.0070943999614111325,0.24196679660119108,-0.060319484953952264,0.7409872201408463,0.13912123979842683,-0.07943709482843056,0.2530941538459687,-0.42027561385032114,1.471253755020222,-0.5933618628876915,-0.6210038523740357,1.1493735152237392,-0.5778486430020043,-0.3328100048901448,-4.174465594133875,2.54192660087031,-2.473209330261057
-0.9416771473135785,0.9238274763108842,-0.7651420216758122,-0.5095665956219859,-1.5831762050207745,0.028140522990027,0.348450511233576,0.4585735956306941,0.3460595586896802,-0.7967638677693195,-2.128148693294784,1.584594497523964,-0.4144292871565895,-0.022660180451800092,-0.16619247147746846,-1.094219886190006,-0.5964706197141804,-1.729057082374902,-0.7460609429055348,1.423803386985766,1.3873914136758283,0.7156787664106975,0.4929542978224307,-0.12979225498565247,1.2694597386120174,-0.1536110852660581,1.5556483054835895,-0.5820268222262828
-0.39960407916815843,0.6807478479441165,2.297952910293844,-0.7520912547998202,0.16418193769474093,0.8486931816166643,1.5216743337511802,0.0793066658715262,0.7542375093105481,-0.34510787656463554,1.125347226656192,0.6992156198199154,-0.23933627099454402,-0.5971822823108555,0.7027180599798202,0.9817680725616492,-0.6987653148014489,-0.01382367247779138,-0.37675150866618734,0.44233334692369963,-0.7115774125472248,-0.38489183463946675,0.31108084869267094,0.6710016468341973,1.2743930207424996,-2.9684104839404424,-6.409759292561597,-6.515018109401476
-0.6716750059210354,0.645325667868543,0.20437383709155812,-1.1044184896305604,-0.21600870446283518,-1.3221344996926971,1.5795544909960963,-0.5433253229073628,-2.126141435131429,1.429248872629629,-0.15671585797302395,1.1219587110008256,-1.2765170103943029,0.020734356463378827,0.42176247945530976,-0.9142075497245148,0.5020537268290041,0.4123093051561843,3.1939840919657043,0.8984237973676709,-0.3575587668477581,0.19373876766473538,0.9490690586432053,0.15879511642775326,-0.06453588774274306,-6.264914038105131,7.605563892062817,1.2388981635105931
-1.040094962924837,1.6305465061247248,-0.2955140127880364,-1.0254833502489844,0.4174081127520827,0.015220709110066219,-0.37995010060497036,0.23192816998330876,-0.8395843131903482,1.0236113742784272,-0.44596599641353624,0.127532181519459,-1.9372093029280124,0.7119801470518259,-0.0893825183983931,0.3318686399000245,-0.45736818715461847,-0.10028998847581454,-0.22913555818883585,0.8353290673857694,0.6908607222995206,-0.7277093166065868,0.1530910347867005,-0.07473324997063864,-0.6283459458666264,-5.051133578691116,6.145175783744522,1.5476747060815899
0.47132194627549173,0.027033095830188224,-0.1683709172234667,-0.7417730235509721,0.44594080419910115,-0.15761036054081526,-1.2621367326270791,-0.026653016733317807,1.019366402533311,-0.5383592169442634,0.5263154308817716,-0.6907183656984233,-1.681723880769279,-0.14368107323663723,-0.35012386603547546,-0.15156772459092213,1.4546042045163419,-0.8895749431019929,0.6001030335030043,-1.181871324621587,-1.597853244195443,-2.1694553494111632,0.8589413997784023,-0.3762279264912534,1.1462513419975324,-0.6183383357478203,-4.6773499621468035,-5.133954466625082
-0.4201938786235044,0.03342973758538427,-1.813752286911306,0.7188569653195573,-0.039183972882725356,1.425026116123621,1.1076257164195233,-0.35708999041153394,2.462029557318722,1.0906325489983455,-0.07997622871477486,0.11088779934250709,-0.4546975534031095,2.6024733666893294,1.7929028673187293,0.24600536690368188,-1.7235183315373281,-1.7291519971891527,-0.09052033893707398,-0.3542983277890873,1.35285139575509,-0.9498590117140147,0.033356452860240866,0.577271820089942,-0.08226282690572602,4.946568155777564,-2.958010378730795,8.768261315245175
0.5479600249008952,-0.6192125324615999,0.6942762758345593,1.1963134081182656,-0.6581662208942439,-0.1931481952767259,-0.03700020961907088,0.7970838438409921,0.5674399021535131,-1.2668356533862024,0.12389906609661651,-0.33867391153217835,0.6373140582663014,-0.4505259013539881,0.14954812603497258,-0.7002471702156216,1.6532760658625956,0.2662988493083623,0.740067241041719,0.42557207597684177,1.626131286983786,-0.8749848564663527,-1.0643257990115933,-0.4955955404007986,-0.2731836576311194,0.6653383070207533,-6.614584937408855,-0.6826736062406629
0.23516292650794338,1.172845784777246,0.2585042937617658,0.9831838132942465,-0.8772210054837534,-0.2483307834653469,-0.41869313025332916,-0.11474827414388422,0.4129949592650539,-1.61660536401471,0.10837963417388789,-0.9688517196579643,-0.002698421634038939,-0.9836756192058721,-0.20582954369218381,0.1123342319235032,0.4732394077318498,1.6275415570346923,0.4498604127996437,0.7644098690572805,-0.40620293353030285,1.5407896998948705,-0.3082388775576225,-1.221726451610666,0.7809474742530457,0.303927805487436,3.3144302216546926,-6.123808310839522
0.777892624040626,1.8261253742288608,-1.3092224341639223,0.5939150949088806,1.3541965244015437,0.4540646498101818,-0.34838841492981987,-0.9799611354002477,0.6774993681994511,-1.5424010572930813,0.2548956070995463,0.8008410420136547,0.6657905183294739,-0.4289146027905698,1.5072676275097148,-0.9876612614444298,-1.426021685353819,0.07775041202545006,-0.19232941876799814,0.20595262479434973,1.0658333638328101,-0.020705958724006372,-0.25596428554407674,0.7098783718893376,-2.6879261614004615,-3.3122689023491008,6.960017711994052,6.593810541080088
1.425953341982947,-0.8834135205338008,-0.3602019357740686,0.1753189388048123,-0.009585412719857259,-0.6336665008727725,-0.937889152001627,-1.3864881211650086,0.26393047917394985,1.1970692105809684,-1.6874201206700254,-0.842204625425734,0.4098912808329524,-1.08014919500383,-0.14369721962682233,-0.538736688795369,0.9924900110304729,-0.2654963518836228,0.01492265927384046,-0.90696900760211,0.001400108228847023,-1.4870373416174918,1.9331265007025336,-0.15846277831247124,-0.57610475019632,0.19422767510567232,0.3057157743929155,5.1178999472085
1.0703690541158748,1.9684064124025547,0.8264204335908804,-0.9518539236774276,-0.7481822594312492,0.37482119536999414,0.19839967077761153,-2.1723746415303697,0.43849191945848054,-0.24072532213679376,1.0795201854138516,-0.7276802020616707,0.7630133826538517,1.9308880673584978,-0.47846036215971127,-1.4798569244898312,0.3009135099132446,-0.31644397957678566,0.057683213637126696,0.2941392020243237,0.9974931992438355,-0.5160431323884465,0.13427486786176093,0.02520486168629544,-0.001146369392858267,0.5179325463121224,-9.439048857331723,7.067680117855854
-0.1744802018910489,0.5352226690819917,1.6030423504867168,0.8206132417150238,1.4595719292068159,0.9975900816299096,0.7804602025767841,-0.03181603437286266,-0.07750372761176239,2.579502227796897,0.5062267137981512,0.3254851325063145,0.7956344974846601,-1.1797706966720198,-1.5442700146209007,-0.41171982978170446,-0.22343294585054732,-0.48465387742126653,0.49424317279677255,1.147756303414742,-0.8411425660558267,0.7401537949782413,-0.2686328305194895,-0.189111630830985,0.31799914114535854,-5.751963456220432,3.538929196623223,0.6289234307717003
-0.026904485636929917,1.0081837900400317,0.8975934874348278,-1.559063369538639,1.1219397595598555,-0.10803250927537622,0.536705568559047,-0.40687204558595325,-0.6572022259771654,0.11062827909400669,0.6483792475818144,0.06064697630094881,1.0479807932287506,-0.230104064634484,-0.3469544659538914,-0.3600190062273658,0.5134022959142756,-0.5851575481597461,0.22482337100913993,0.45663265957435134,0.2356134072008805,0.8639658349241516,-0.13737750900812296,-0.48239922213793973,-1.018198237078988,-7.062485324889002,-2.658758460328931,1.6057641032342536
-1.0999694014962464,-0.12296635903953179,-1.0148534626734491,-1.3869112237803187,-1.0905969488514804,-1.6978187785299488,-0.9005401298393496,0.7103575761099228,0.03400430987181164,0.6806781598374377,-0.3297797659694872,0.35500485119405667,-1.5379885958060497,-0.31317537451569566,0.639101466863849,0.2005569758395699,0.5625808441329494,0.6643596217332338,-0.7841380332599486,-0.07418506256759494,-0.3005654015153403,-0.7791945981591496,1.1100310920338996,0.8583949553505761,-0.7603099340118983,-3.111921075940704,8.611584959922059,0.5081543089153576
-0.3168280089379453,2.3379183291045296,-0.34994520964261877,-1.142191510844625,0.2630628201801804,1.565900760606553,0.46620090789809643,1.0011716624957896,-0.5659277407089796,0.6517629424036122,-0.1688404705117819,1.2740346263052713,0.30656147628479685,1.8262288952077,0.09578615818755225,-0.7395832438115365,-0.0039417569717189885,-0.6821863066176042,0.584920387831586,-0.3594856404774545,1.1242254231419055,-0.8817221553931535,-0.13067295958081288,-1.3458996787301012,0.06042256941994767,-6.145935107746116,-5.402840649997706,-0.37134556574803496
0.5391178082650498,0.23014822003575733,-1.930336743292105,0.5313718823942198,0.12103867848656874,-0.9738108623795987,-0.10884435944923493,2.2075949111431394,-0.1470509430442672,-0.0004613566595444549,0.17036931993802404,1.2057831972331086,-0.639794950928166,-1.7873689440947504,1.3916791455656239,-0.005418903019555304,-0.46046183882957403,1.1454192748421408,0.9781996297245208,-1.5513952118596213,0.1294427271086286,-1.1311845704858299,0.29211518275001924,-1.2332144564686294,1.7600835985574699,-5.8805161858344155,2.0801976586438307,-5.182999600798475
-0.3448428771807637,-0.48900435511143525,0.1889973887803391,0.06641166666197316,-0.2949002634471843,0.08890793580964165,-1.996104926995548,-0.4411596851527068,1.0592007141945348,-1.796404003818788,1.259242150704482,-1.5491203294883436,0.5228314125900881,0.031802167187090995,-0.8258016520557826,-0.21590361087158533,-0.5315989004013468,-0.7154739223089612,1.797438885453689,1.097559278423628,1.0076648919362867,0.2769104077085764,-0.1450104787779228,-0.43658068657333715,2.3624008554857103,0.2540088560934848,-6.156920894813645,-9.160033539140334
1.1475144104552646,0.35965556053812847,-0.2830467746273303,0.23999067082090797,2.53704181222171,-0.656578225115824,-0.5958811657756463,1.2959328444860048,-0.9826211262547236,-1.7403587940794094,1.1682787278284785,0.5123479681456012,0.6884983532758387,-0.6835918102443227,0.5544913165273473,1.0238630638815611,-0.7258925202473406,-1.628286085343723,-0.22315161134517877,-1.231650582993014,0.009570557283788583,0.058698175354644694,0.0477521059505055,-1.6939415396765345,0.865470149209724,-5.796498432254488,-7.648690087460467,-4.112118076771173
-0.9261550020145334,2.073707781057514,0.8544389798030485,0.6409182829211018,-0.4079577953467583,1.671745948221501,1.2959879248207131,0.3990490603243177,-0.47217378275875765,0.6726429841705274,0.9356345994176164,1.1039503082402191,-1.17005415221175,-0.29913363465087517,-1.1530213341047237,0.972998147715091,0.055174910458841736,0.11990457480161007,0.7029981516561178,-0.0031593931948333182,-1.1727099956294995,1.364303475934629,1.60947083224528,0.30181181172579097,0.8100327050208337,1.1912828268704059,6.435475700343386,-6.941748518050175
1.2053175842718937,0.2431873505242233,-0.5186927599948693,0.572022265569578,1.3663996762453927,1.103876978628053,0.38852895776451596,0.8885294816293898,-0.847558158126402,1.0210467450168919,-1.028347397711829,0.8770849567916144,-0.6979652255440801,1.4403011122547043,-1.77015956400221,-0.27152353908578863,-0.9420925482196572,-0.25982745475970537,0.3680630411952265,1.4014196835395167,-0.43071276384491375,-0.2663334087356949,0.3191634919360084,-1.5254216680705066,0.5075854035945149,-2.602536468348728,4.3457284584781535,-2.169434430897012
1.7768000813801972,-1.1359982652313805,-0.11775237662549581,-0.5733744962633845,0.22686974206369726,-0.286657924901351,0.8229010318041137,0.5957227244599564,-0.011377976900990662,0.2007564284134592,0.7731558106367505,-0.08701083136009818,0.0836914473250986,-0.3845522705021001,0.35921482998987003,-1.776697925125404,-1.3282018134852873,1.584472176224077,-1.354008231742856,1.6954219714400873,-1.226177290191728,0.32528941114845,0.35795519830360134,0.31475101859114785,-0.1533990618938802,-7.86818802303664,4.637294240266795,-2.1457757667327093
-0.14428587643483665,0.7166468595951657,-0.6075118461599899,1.0708665319364663,-1.0472224036014066,-0.37265742164827953,1.4116548020997166,-0.7806538096711118,-0.851966735443335,0.05938388106500955,-1.074284055087854,0.009673133406198083,-1.5793784885302111,0.08769182216605322,0.9565279483622847,1.2480129775024467,-0.8867448895979984,-2.3189565861547177,0.3420233571046043,-0.4257034928330735,-0.027728603977413467,0.25042703890457685,2.1720313301655105,1.5037722789123555,-0.6635464290142901,6.297838304863691,3.6831761436847037,5.250185119368721
0.16450836089405602,-1.3135344501149788,0.07659708264613546,0.5759599606229296,0.004679833492717473,-1.5029273936304597,1.5387167944786992,-1.9307644957084673,0.6340320275877449,-1.1779792322721512,1.2739413009251104,-0.06492600650660757,-1.9426331196394444,-0.14080209987008185,-0.03279199646805368,-1.1662396126573975,-0.16437602770110854,-0.36414808598004617,1.3291659582509077,1.969995850545425,0.0912155938174643,0.8509899626272069,-0.5681967943801056,1.8473946935590295,-2.0838739844700775,5.858011731981758,8.931595994719853,8.318866842904969
-1.1139520303176795,-1.1934524354665885,1.4857663861880204,1.00938648197972,0.0021512203407888274,1.1283798075374565,0.38812823109065697,-0.5865509541355828,0.2937529666831995,-0.0316802486127388,0.8079799043484683,0.025237761252529734,0.9907277315330832,-0.1877148568796617,-1.4534093287052257,-0.4788028172977572,-1.5352866793304047,-0.34743523410144644,0.27112826684596053,-0.6755763042366626,-0.34414161985517977,-1.4820248152929059,1.3697403394659602,-1.2765529939358913,-0.04776679081466984,4.5393624156827785,-4.436355110888343,-10.015806758562052
-0.7143865111072344,-1.6269954548120336,-2.443183744752446,-0.9104877696421972,-1.4397918216883339,-0.9423279399965823,-0.4551996262306956,-0.8294218456573734,-0.11248064459052563,-0.365778848693146,-0.44826754954699377,0.883802178246224,-0.17157838134324688,1.2225788408516987,-0.34640441478139533,-0.353786158711238,-1.0218472643461152,0.7528295021931931,0.03589492431478203,-0.9193239405523772,0.4200296821274874,0.24700930832900142,1.7860829479734086,-0.2584363107591423,0.26687644470611877,7.7336305192425785,5.516317567732836,-1.188045792988935
0.7191842416527787,0.12402149275643672,-2.081869198017898,0.7966880790917856,0.2605611335647872,-0.8625543390439718,0.44297020339352494,-1.583968720934686,0.4912955514055273,0.2320591440790614,0.5011193865328106,-1.441057843082785,-0.8837640131699118,-1.675071609305645,-1.6541269830642447,1.3492847222018487,0.3771865784667818,-0.020127004175872543,-1.260331779052969,-1.2007703048806946,1.565362994904786,-0.7582975329476945,0.33605782595482014,0.5391903541712203,-0.24354736170338065,9.33516401440134,-0.13109512923004613,7.926253628914121
-1.302605392851728,0.28402064246968106,-0.21432060023471053,0.4673550941701084,-1.143442023553543,0.27320042423700946,0.7107323275126517,-0.41551807478346875,0.17689966081332545,-0.7108543069895601,0.21896198143273995,1.5854696410907432,1.8919299399727556,-1.2362652949370376,-0.5457681364054683,-0.4304230320238927,1.3435897403617665,-0.2844268759189334,0.535135397916482,1.1819292278236746,0.41285198385766214,-1.2321866520718583,-0.45037642222869795,-0.24001742125578399,1.8272472070604833,0.8699974712029974,-7.82637432916639,-7.8920397512021
0.32430334644038394,0.6678335092428178,1.1449218539327817,-0.9408084558098333,-1.260949081802613,0.36414609566237977,1.6179573392558693,1.0881194076469465,0.3851704860164831,-0.5797615903177036,0.4560037824934721,-1.2630034898945834,1.9138608084256772,-0.30189690851047823,1.1092614046157274,0.1925122211779371,0.8172449770772919,-0.5260839463233232,0.7729713078467435,-1.2919429804311817,-0.7445878135729594,-1.530333081870852,-1.5631966499117027,1.0399324798361778,0.46727091965469136,-2.350658377532903,-18.646634440582083,-3.339516775491978
0.0069817214674084286,-0.4536343030622048,0.6602100047712889,2.1530359760593507,-1.4691267028031503,-0.5981359886450824,-0.8509456714555017,0.718950566767493,0.7453962899426883,0.07350161964606965,-0.7207025022379899,1.151835832592078,-0.5755211662890382,0.35347237494204425,-1.1469865471529084,-0.3815424136913675,-1.1267754949274746,0.8476064066326884,-0.6074404541203257,0.30923626449254676,0.5471483357966236,-0.0838912415485437,-0.250331682084832,-0.6705139016686914,0.06408733633251944,7.056475762630484,6.575669188258811,2.4766870911823617
1.9959636541174213,0.41477028792128173,-0.5152619744045523,1.0465183525463795,0.7482843803110713,0.22770017002080897,-0.7553974997041203,-0.1326836843466977,2.2927424804838554,-0.08750715658368391,-0.7075029692609196,-0.8042692837944282,0.13299996878888076,0.36325813019652337,0.10459359961979134,0.4544625561650031,-0.6763498832651179,0.9904504719126278,0.40157602032157674,0.33668851510356335,0.05779050940921637,2.1598873936242233,-0.3750447862211133,0.9013446009047379,0.6334329642960563,1.0851405482087113,7.775967193006269,7.001540743032993
-0.18289342333741185,-1.3448296796519015,-0.45129315228188766,0.12471924716158303,-0.5189710163308352,-1.2188395240481789,2.230005078052807,-0.8006023619215868,-0.9103060786292803,0.8060581065210297,0.7941855887657726,0.05482994246413072,0.27287559047715404,1.2503008276066616,-1.1712914461782666,-1.2867150479693397,1.4282550293448417,0.053042019744296766,-0.08813240943723498,-0.5620869335221806,-0.6666890666189752,0.23152369791825936,1.1725400044890886,-1.8744094135162188,-0.4617897362150922,4.634814199119422,-2.299997017047817,1.7506980470180014
0.03547989545408096,-1.91784908177841,0.41830785024711525,1.0867401664740146,0.48408804845678083,-0.6112515847928143,-1.6769322910498494,0.5353381338071842,0.6773543218763477,-0.9332308166528277,0.5914099845568994,0.974322151236888,0.2578767041341851,2.344839417408175,-1.1458590887676043,0.35930562848057884,0.6416997633008206,-1.186398784138059,0.31127855625370027,-1.3591054999135952,-1.3289698180607963,1.3929576263434031,0.15829015352605355,-0.46140119037072064,-1.026736586338296,9.459271919230684,2.6426850052920203,2.4526082101896374
-1.3254133427950698,-0.38372276795388033,-0.615420621828699,0.09314678262041157,-2.2763311855762125,-0.7751937223540756,0.05519639003562027,1.7429381836493074,-1.0032224505921847,0.025028809533224096,-0.8361648090895901,1.5597945007642915,0.7184552548484302,0.8857416537133623,-0.9589464110706776,-0.0753657063317653,0.5493648030203349,-0.07504272847996386,1.1328522451270697,0.5514490939625444,-0.04648049309170323,-0.24615737952647657,-0.4503823217316737,0.22320898089952607,0.13204506330520824,2.659216086875784,0.938879229260072,-4.111491276100366
0.09015898576652961,1.7536882818304633,-2.706840187618132,0.04394358544256265,1.0422005552832858,-0.28357115098473124,0.8196554767650754,0.7034368128062084,-0.7463796144707483,-0.08501443856075723,-0.7077536620548676,-0.5231936467661858,1.1605034259785263,-0.03310652834165138,-0.6030403100191559,2.6137178200041786,-0.9626636108574477,1.2961132012913945,0.4585438785082676,-0.6678768632825973,-0.27029521722511984,-1.466982533853405,-0.08761598924072601,-0.3565755297624758,-0.18480114930448036,-1.262603111885925,0.5482137334318478,-4.907890998209139
-1.3892465268994196,0.9848615952148899,0.45952282518261006,0.8236235291199755,1.262088417742814,-0.1696236916825539,0.4258456953423672,-1.6755593813346774,1.6906909313558802,-1.474277893325668,1.1870744950579235,0.40583432849903767,0.9726568170132729,-1.4546695756244379,-0.8125537999866748,-1.0936274111139694,-0.5118909444891817,-1.1127234636042813,0.869076066762406,-0.21033250970539155,-1.7791930646231373,0.44644615094222034,0.4673079649882283,-0.8917753727353186,-0.09572912085028744,0.5239898510050967,2.614477278027955,-5.79595921296288
0.556244811818944,-0.44406584425490137,1.562314717842101,-1.1983615792465194,-0.11388379836608745,2.0413951384317706,1.2501783300190779,0.4463750608842698,1.9675937598141318,-0.1763571994278991,0.7866006805321947,0.2967819828816124,1.2110614672649345,0.5714072162581816,0.017105369598870934,0.2696472861222505,0.5474613090496347,0.18915785823585216,-0.8076268678700851,-0.08670235975041879,-1.7997776424660241,0.5829312804578968,-1.463431197408857,0.6502617540746869,0.07361054886516276,1.192494606625194,-9.366089571411836,-2.4294286345914013
-0.5562945247011961,-0.07584693440301979,2.354489539919879,0.30738399937652783,-1.95067895110357,-1.3253066948989685,0.4863101608932115,-1.508747431654666,-0.5782781345627322,-1.5113358304967608,0.8543832064295523,0.2347633066609105,1.4208065849570832,-0.7687311765937896,-0.5324527388411013,1.0312015928796106,-0.7120964647918505,-0.1576178469883813,0.33985454148697214,1.4693181580678325,1.0271676956488531,-0.8990989008111565,0.8431890948642429,1.1821929767215018,-1.7882907729302306,4.71358744952919,-4.760811724479198,-1.5792213522619372
1.8318373778777075,-1.9121974653945153,1.4770099503905858,-1.0959988215352727,-1.2850511077619415,2.1970191045625143,-2.0501627246881866,0.08293169851517167,1.1721340604424093,-1.6180401869817183,0.5454744785180822,-0.6638118659276436,-0.4976236568058649,0.0429176821319815,-0.06012241660687246,0.5115445840413726,0.02369440377072611,1.2010190811090573,0.5870212663250796,-1.952336582278939,0.286103540072468,0.9217797856493837,-0.46922362148351626,-0.12086509264526955,-0.04906254348450161,8.695120845912582,-6.997720942936569,-3.818138076233094
-1.0692196972167562,0.2525339427780513,-0.5183763431616462,0.7458135806469891,-0.24268755093303346,0.012470952635418796,2.589392057040875,-0.42787400884906357,-0.18435292058648756,1.028058979844431,-0.44048886924557107,-1.4736631903711732,-0.6578319240296706,-0.10781763420356108,1.9828351531230102,0.8313781156341767,2.210154064955582,-0.31402314857919383,-1.4100306157012645,-0.9550945881947703,-0.013256472726426412,-0.8113098467862756,0.4211497355489342,-1.2988050546991052,-1.0352409091086499,1.3305919571876477,-5.382528704510625,3.228884914059527
-1.567972791613831,-0.6016462844557962,-2.3807143515729012,-0.2223620310414172,0.981815484583505,-1.2299165923153266,1.2141065888338813,1.4594273304861745,0.9041347766266914,-0.5811081526762288,0.1749374626938769,-0.18257552491391985,0.5086039148821222,0.5317835530902071,0.7412761219563817,2.321914654502366,0.6193343853771126,0.3107994849238665,0.2469971347646315,-0.27043609286480225,0.4343421935481908,-0.36112562570385354,0.2853113549912189,0.1979933668116715,0.44180924521708714,-1.0564228429188056,0.03640769880222443,-5.196367509603017
1.0182166016031433,0.15259530104836255,-0.9882167854997197,0.33514395000568403,-0.2655702506594574,1.2098394829714294,0.05585704576748174,1.826833342713849,0.11124482529592696,0.41979592751021017,-0.22060582013085925,-1.0012336137329692,-0.821939014429915,-1.4642683512016397,-0.5376223973063389,0.5063642899815344,-0.17320249813420527,-0.2699377353970372,-0.5189072856135719,-0.9783060737486875,-0.9378595335020373,-1.2338081919655757,-0.38721129154296463,0.4917388529720402,-0.5355277364060991,-0.4120416732059301,-1.1568835377756796,-3.7036261223451366
0.5587923967611644,-0.5643820203442238,0.24264643498361732,0.03567014186350323,0.08347030459087597,0.8712919684539256,-0.5317167735811467,0.09867097574658464,0.05696019970507389,-0.20936719049924066,-0.38827774597319725,-0.49704292056240357,-0.4771624500723678,-0.7466098931778543,-1.82161649443135,1.136957110097241,-1.201432750191467,-0.2883415257606379,0.15646086980996401,-1.2050713796943597,-0.32728871882129124,1.0030787112603625,-0.47685318311735747,0.42971801885862704,-0.11349296134165467,7.558852255112131,1.169506158510025,-0.30574145852557755
0.1805854100606241,1.0652959543104,-0.7930184089822995,0.5722788154403289,-1.1282403565502421,1.6880937747270957,0.5439400691704258,-0.9183043418131238,0.548072977423968,0.6359758503961052,-1.7399348912667765,0.2371292045868543,-1.6709185550965526,-0.7667623273213606,-0.46440836090069354,-0.18702001390484585,0.5342965758185588,0.12186070197757408,0.057323239388432805,-1.3983214267675572,-0.7284274126525497,0.7670317757390683,0.5274547885094641,1.8152186267011945,0.639301210057602,8.871268097906423,7.183133966818254,4.282585605586954
-0.12180069777991347,0.14276709165406692,1.5077242279410819,1.704209887604219,1.0704309517735526,-0.8441619598895351,-0.14491862384611964,0.20873031224091385,-0.15161529884358624,-1.379759613076365,0.3169352439133328,0.9238071057514143,0.9974546349266256,-1.4014695350567612,0.9674071613906637,-0.7120362172019451,1.2755380547416395,1.011433661833593,0.9407790515419183,-0.3948744900836894,0.8674793478062537,-1.0482436264535495,-0.7247589465747082,0.16168999331689074,0.5744433914231253,-3.061760046419512,-2.2980153818851905,-1.5881028430688902
-2.075636092621894,0.2553568870448357,-0.1827726844309055,-0.2215462221774169,-0.7258289673555346,0.9248295287001163,-1.2895039423498418,1.335060467786569,-0.9212608368177536,0.7332337499243992,-0.687881040178785,-0.48094371542527636,-0.31570776983621385,0.09139370799928316,-0.7403757716723653,0.2443128710119116,-0.3582225974429027,-0.5860522285151318,0.6528361757856941,-0.66117336169784,-0.1035799663897893,-0.0008717544659594368,0.06603811587111072,0.3504775258137478,0.018015338291419093,-0.03789932469148874,3.45019582198107,-6.889239006510462
-0.8392885521012758,-1.4845823501266777,0.18964530974067584,-0.3010678626723861,-1.8607849421357905,-0.2945575585042717,0.39666962685373697,-0.32255365292890953,0.9324306162172086,-1.2751035874800696,-0.052442690380815615,0.39745330484602676,-0.704861151028983,-0.7801835274720116,0.2459382693786537,-0.2926705880242246,1.9634418669497726,0.28695507829960404,0.24871935823204502,-0.5730339406989581,-0.37317081573011107,0.36827617391145795,-0.25628819565583705,-0.10030009978460923,0.9369955268159876,7.615582252023061,-3.597585585585371,-3.9796491966540577
0.859027348636546,0.2522911950776123,0.04084395052191472,1.3982658170739766,1.1754108248565465,-0.5553043048237303,-0.627817736384795,0.10045211533549635,-1.36196335235614,0.04636935783705928,1.0685809713343066,0.36631068053369537,-2.234514544195451,-0.4392954143730689,0.05800850791211854,0.34761950630763677,-1.863142736724738,1.0097193711502395,-0.0577191887021312,-0.9840717595088829,0.014222318850464332,-0.6037712922100046,-0.6323239277171014,0.003045309747260757,-0.11390216687305459,2.345740595996647,6.486538698467776,3.6338029013515625
-0.4258176408724712,-2.3181419549833158,0.6507877554000858,-0.24608113895528935,0.7164201495657787,-0.36670281013330785,-0.9432994885697304,-0.8493638846183563,-1.4224300392000147,-0.4840603414972076,0.6018469578879898,-0.8799163170199551,-0.9450055309783378,-1.6523405567800797,0.17026235210430318,-0.6237359258300562,0.8737328013849338,1.1070879300274319,-1.3978861279470247,0.6241626804832436,-0.3982506425467282,-0.3098058226953649,0.11933343711993419,-0.7572385122799321,0.34760191201679785,-1.393378219052967,0.763571163484834,-6.984353149250366
-0.8535322648519845,-0.8476060046528003,0.3065577024225937,0.3729510476562478,-0.31979452462009417,0.5940283288063899,0.43829666577875354,-1.286941722564352,0.6839751398472675,-0.5449740718916157,-0.007646197500261372,-0.42498203935661577,2.2808546176599034,0.07100746571581285,0.23305551064651764,1.2685218691054194,-0.8685391200126386,-0.02962306927405155,0.7879824238108212,0.0036532382451108067,1.1583108395790969,-0.1805789553539118,0.4846649823111328,-0.544383687734451,-0.5939825204891842,4.834503143385824,-6.186499061546057,-3.4385119799181574
-0.810403017209622,2.5489859559068693,0.7695928272905356,1.7236332733544066,1.1150978629414758,-0.19722373269920707,1.287271240873371,0.1328929772283014,1.2886140784824078,-0.9839247960301348,0.9206751411038132,0.05499099848943568,0.6154749083430111,0.4356255477129875,0.4806325852460364,-1.019558169495561,-0.6498458240641519,-0.6846691823424815,-1.7911936737248335,-0.7834795294278177,-0.9438197519826367,1.2628352985010176,0.08274559935336614,-1.0886470147594705,1.706282826244342,-2.2933466204686286,-1.6292823136278924,-0.505408733913618
-0.9169633412681898,0.5065578471979538,-1.971600745195593,-2.1358396067623637,0.2401766586510436,1.5987144082661946,0.3717225196859458,1.30167581857804,0.27856057831753533,0.09728083019303282,-0.5085466394919965,-0.2054776029663786,-0.28387356601752145,-0.8513719772792373,-1.8424876284672274,0.5719473823009791,1.7926035232590518,-0.0628439664405468,-0.4106483858851933,1.3592534443089803,0.5882300971963021,-0.06636964656510498,-0.09896071472486781,-0.42380475959681896,0.49166916796475757,-4.823982962899659,-0.2547232143173218,-9.872020604125378
0.01838920028866201,1.6902148084733446,-0.24851004812729122,1.560531954637883,-1.3166744916611965,0.13111954624558717,0.6579516132044242,-0.04380574503511659,-0.8628334190529368,0.3407267253638581,0.6394959758431689,1.8433831362744066,-2.0445354722109017,1.419757068103332,0.020673630981126314,1.1618237277789947,0.8039654643543305,0.00598522032133359,0.6214915557021632,-1.5980556055798023,-1.3836916061753353,-1.169147955454197,-0.5676885034278265,-0.1491151879143083,0.0768445592204554,10.554127257131396,-0.40118960300066697,4.791596051963935
-1.1678311327864603,1.4352586037287214,1.4271426031882855,0.3359095325816163,-0.11349915056161773,-1.1267754106380055,-1.5099926158528105,-0.36438322963583275,-1.3649370370418124,-0.5203153255793922,-0.8530181159645069,-0.2779076449263396,-0.561487927489085,0.7348763696585583,1.1657848149148462,-0.2518807340812705,0.71217950294462,-0.2936799659498589,1.2495706598364467,-0.5099805689964984,1.0487575013392818,0.5288885176616257,-0.3014384718825552,1.2882563220909693,1.1139975437026055,-1.889712058936769,1.4666612518310482,4.261327394609959
0.4938331577630147,-0.05111654510070489,-1.12737693566756,-0.20881718886789694,-1.1957010710119316,-0.35665419488127414,0.48144665100669576,-1.136204694332885,-0.38453719190441493,1.5160689543750991,1.304963338995541,0.1779921119919843,-0.18271613822120833,0.5383319944996441,1.052160979380585,1.4064957271676757,1.3265695640480928,-0.6398931422265842,1.026757902869627,-0.8985091604815554,-0.5323313632159989,-0.807974883091782,-1.3255564336897654,0.36686190550296477,-1.5538969368263376,6.33015845954346,-5.905796689233502,10.830557272844992
-0.4750183705060758,1.3045433206767616,0.8334867542701281,-0.22482256273015297,0.3190974255673479,1.2003781994617948,-0.2965354450039761,0.3897606898710546,0.07797476804842082,0.3692872997465516,0.28574377313321264,-0.9824568521331932,-0.07531587593451076,1.8963010016773176,0.13951663979125303,0.41344870686135127,1.794071316245491,-0.9348102471492854,0.5853124718015348,0.7971785921808054,0.3507313275134382,-0.9063520213308783,0.10750655450255638,-0.6845116754957098,-0.2157777067168684,-4.409544323583936,-6.6247442684519715,-2.307818515996198
0.06276802322919268,-0.08543032048147661,-1.862115471609885,-0.9051486296995382,-0.6136648221817089,0.39386778357133234,-0.5623789676456012,-0.06886528837846831,0.16558512110400694,-1.6792871505465754,-0.24871440030605665,-3.3494599930595355,-2.3635650380850626,-0.15126913418766388,0.2065908460927424,-1.6009935720656765,-1.1396599517011468,0.618986512029638,-1.2846114845248793,-0.3641167713005822,-1.6602987344142432,0.0068093276360566835,-1.5949741776653712,-0.606689044801589,0.30898303058376764,1.6079240282016696,0.9687315058619954,-6.002238715850135
-1.1338662964424373,0.7434186229557537,1.8488882691117106,-0.46416019916904994,0.5421552381109609,-0.6208512756934034,-1.062327660966355,-1.4594963604114877,-0.3029113464014411,0.11323529869717809,-0.38058806200244705,-1.3357372830089735,-0.8739999795550835,0.31223124122255114,1.0781184161461062,-0.3938330489968141,0.06633859812479057,0.8692823517039815,0.585969517821811,-0.7039027487543442,0.5455236748862076,0.12049005385662354,0.9601484175648267,-0.7818273962634718,0.667223767075204,-3.465337752404301,1.7015451469407121,-0.2404762991108424
-0.2678140960287529,-0.08286768673222514,0.2732449302124857,1.7115968345082553,0.3005325253159432,0.33006168913604794,1.1478310388257824,-0.7663782779349179,1.6373501903125418,-2.4481573145602735,-0.5686386338823064,-0.40855558941908143,0.8128214733138427,-1.6402403299504689,0.0695447512639444,0.39018577101415863,-1.0893772598982128,-0.4423577244315563,-0.4025049112237986,0.9723354733616543,-0.7471442440678254,0.08214154624065527,0.9491889046748144,-0.09945933002597201,-0.12451280713681841,3.3115622355146623,0.8961827024190009,-8.55711043529324
-1.593476709084753,0.024205209495255755,-0.11986857578368827,-0.7973110361644595,-0.046018173615966274,0.7110711126614842,0.5340964011971674,-0.9257628958596436,-0.8445848363721856,-1.4253993860019671,-2.333730058058085,-0.27909988999391383,1.9360166964031975,-1.4782669261734855,-1.1118547213601204,-0.6519000299159688,-0.5501024138235119,-0.49169880184230025,0.060115589154345235,1.904026905612371,0.9683299159712192,0.36464075361088916,-0.7603728580650605,-0.40962744190874023,0.16564457658773515,-1.345959112529378,-2.0676003216386367,-8.595666244142363
1.5653974420136223,0.021160166950175297,-0.8493547941177201,0.03270193423265863,0.5056300360575755,1.8173290532643898,0.868771769555337,-0.9168889048531557,-2.588392515392211,-0.2308798251183433,0.1816143637909207,-0.33657562967107346,-1.180554372182362,0.07203093162968921,-2.05562438689022,1.4419511808289636,0.6730602550442458,-0.9937781769910679,-0.3069298979388863,-0.24748004389991313,1.0202857427251921,0.8027986380150247,-0.35978450699400466,-0.5739504472860861,-0.6355443617921016,9.386434205522162,-4.857885138663472,2.7683215668545844
0.8002735923621076,-2.3917879940011995,-0.7626212351208629,-1.2903860064668453,0.7857039681396922,-0.28298281063660846,0.8059278578399761,-1.272607427209795,1.9475323106390876,3.0685118033731014,-2.2472022271392853,0.15715904746439915,1.8011712331828078,-1.6338612289881962,-1.6929020737185514,0.5139140322480779,-0.8400110886443026,0.7894369136125772,-0.7495020837516068,-0.2535751204611323,-0.10929415237548032,-0.18083459059860987,0.9904246618092126,0.9245897385916182,0.0035302378286866916,1.425461650962427,4.566901890085244,6.915013990980384
-0.3867985723973464,0.20094224938699842,2.7645410526938923,-0.9596527233190034,0.2548255440453857,1.1765859274188089,-0.0150339392227051,0.8893146062919058,-0.2216687950149687,0.8530469776061146,0.7690263708907515,-0.40170762183608966,0.950909344704802,-0.4614360821445914,-0.10227275478256467,0.5602314997897851,1.6107580842801252,-1.9675394532685102,0.8514828320708978,1.2207970841148494,-0.7138501424076721,0.014545624897117922,0.7146771494889231,0.6101295099160722,-0.860628022753498,-9.037342424825944,-6.818603283172159,-5.419383419472272
0.06963662617477591,-0.4490659133356929,0.3942080578815801,0.5637269696457209,-0.21405448404997582,-0.22209451529399035,1.4556874076389024,0.5491844156006968,0.018771142163083263,-1.083026331065747,-1.140089826812835,-0.7035186090424055,-0.8497178010997201,1.0590959362327421,-0.3240006146643224,-1.3830789678144666,-0.06107375157927891,-0.6369796511312986,1.0106535844444042,0.6891491009786181,-0.4452210695612588,-1.0789426446948247,1.1032732182602174,2.2501193433806694,-0.8880558353287102,0.6892386402657033,3.421850171021503,-1.963461673395712
-1.5861114931747875,0.990759343478786,0.13389581098697512,0.15569676653258968,-2.0414020571762905,-0.945713314532644,0.14367505653831444,0.2759584668720327,2.4085940460575275,1.417218209555616,0.8467775396862911,-2.1273679832952284,0.9342438713762179,-0.11933011852359425,-0.03296247097728338,1.617698016800439,-0.013520377103783962,-0.07287190245899482,-1.0094664274066503,0.9431868415932485,0.25686852743098615,0.9075506858694543,-1.1218693423237016,1.6660286126246864,0.9227847819474246,0.9311175169611536,-2.660394632452278,3.902586524177015
-0.2098837073085515,0.6346438506833584,0.7350561723107695,1.6523644222658354,-0.2491941783316457,-0.2293482704531317,-1.0274572691595594,2.193415195408242,-0.9762517804863067,-0.07263560693341917,0.22727949738355685,-1.1212710879900316,1.3873255952477932,3.5206270560986836,-0.8280858828515317,-0.5108040386124096,2.0677101175463917,-0.7101072576664924,-1.7068228987092937,-0.43250357870186545,0.6652858722756404,-0.7016482006853673,-1.951639168728341,0.38495977967246925,1.0028853305671281,0.9785775510823596,-11.535742224864098,3.8310734390192582
-0.6369088825889707,-0.21354918271140624,0.5415618456889546,-0.6286579119306402,-1.052787038782768,-1.9358635116311724,-0.374422311182925,-0.5982812339637725,0.6602056053778199,-0.8781366056025757,0.1811806514987507,0.47588377240884666,-0.6428557909250223,0.44577763761499495,0.6944461792788422,-0.2603438482440306,-0.19320506572066315,0.6355256489561387,0.819587658546302,0.6815580354073508,0.47667132287131736,-0.582919316771757,2.268725569367956,-1.0406509001220574,-0.34725713141987585,-1.9807343184230863,3.8944071589322498,-3.384996413760754
-0.49471426550644626,0.41931991877123154,1.1022083147473924,-0.8020631351431479,-0.3734850121867692,-0.22578165106182088,1.9089779720720725,-0.3912478703355699,-0.8477163778081747,1.0286520896738354,-0.23083900814713604,0.4212253830561061,-0.3208548874931613,-1.920289906452843,0.04267870657274213,0.6492455904746607,-0.6338425868340865,0.053175626400727365,-0.09425360869748153,-0.3853463692515149,0.516045986171555,-0.1721059909507089,1.4053531809750592,1.1836529448638367,1.7225906124805235,-2.1462565045542,-2.374157561132173,-1.752398783769215
1.2579558186968594,1.0132335440964508,-0.8853467408331569,0.7169315895864665,0.7033385179797452,-0.09601282431093416,-0.567552339420001,0.41120484491710585,-1.0145362189849831,1.6443158164492804,-1.6608506365963145,-1.7554721544263905,-1.3136605072406087,0.3316219510091999,-0.8131724315503094,0.181466362350154,-0.35102807298688177,-0.627741801646823,0.7954630558086644,0.8051896009618111,1.1603210721171389,1.9182347736061018,-1.650617971650977,-0.3510036979463388,0.298497940595181,-1.4013305566669738,6.14944344961475,11.05714098921182
-1.748467093182101,-1.4037292326900286,0.9027644854835138,3.059809515218185,0.36349630572749986,0.9947223204283832,0.17622328141933544,-0.24489758616547044,-0.9980266864655566,0.7414226038392393,-0.5666343401928032,-0.08786181388336764,0.05645357780392762,-0.24928283259129763,-1.0920903336366221,0.4578652499399503,0.15221217779941343,0.08728339805265811,-0.006696932296168156,0.16319052835481268,-1.7106975272713194,-0.34754023063920303,1.3458627383461772,0.3435553895706444,-2.9586300939417374,7.285797973942179,12.00953077947559,-5.203145779798819
-1.3812948638313003,0.8022858381313439,0.48373044531431786,-0.847917261037981,-0.8934119427041611,-2.1028576647261454,-0.11453035735171961,-0.7746503106589582,-1.102065435353351,-0.7748441201519045,-0.4273282430861371,-0.8142871844367192,-0.3960762240017634,-0.46376296442523995,0.7696229388095024,0.9274327538162557,-0.6196906460007829,-0.7281848554815044,-0.0383282694765189,1.0847410795748937,0.44487392877716253,0.2962598707654135,-1.0148724890616685,-1.0652083810388002,-2.497731091769968,-0.8562057616164704,1.1848960197350609,3.1920931774205923
-0.17424157811073884,-0.6737367485783385,-2.116104473752071,1.2713784721748753,-0.9511448881418134,-0.03328362038006478,1.5694037009054407,-0.1458726514728327,1.5618836288612947,-0.11333160319329909,1.3945519408432352,0.12231299573046217,-0.37604185983323274,0.49330094172907074,-0.8090978512400696,-0.25974267327790584,0.960400906824334,-0.02716853559379452,-0.6603225537555624,-0.12795669235853022,-0.11203128357800336,-1.8705349689859487,-0.5362982556082089,-1.9762334450739707,0.004138154856783811,8.345523892899156,-6.000586661397469,-0.9318546713935217
-0.1807544223724457,0.685594582856442,-1.5679251380199568,0.45704782442091557,0.9185498693936968,1.6140213534658372,2.0062653785169893,0.3493501502567706,-0.8136605140368874,0.6732677111033849,0.28187278839715474,0.3908111717174997,0.27276736459305,-0.03874562923911941,1.3972664399221582,-0.35215674088580157,1.6994797916941788,-1.8826004356950068,0.12864433095810016,-0.9510142196728466,0.08602581484430116,-0.7319852316238684,-0.3096824490599176,1.039332251907166,0.7558043961489561,-1.5793942761185067,-7.9378314168761195,1.9866013676615544
-1.2545696320254371,-0.8991421919651241,-0.07521598099234,0.5567770206162116,-0.9393196115264556,-0.18767215343986618,-0.30863466800095724,-0.6422748661082908,0.10940233963434795,1.3924167268220522,-0.081982141387072,1.3659869939451408,-0.8894081721198626,0.1340617927969601,-1.0316629736803375,0.016936312248271985,-0.11166583741569291,-1.3053594047292343,-1.082568801437529,0.4480649003534677,-1.0417806506570086,-1.2774711459847221,-1.3544415075749363,0.6063322040779272,0.7172767310066301,7.888743349486305,-0.771864635373555,4.159275235796797
-0.7848724814463768,0.19067909839030545,0.4309642269131958,0.08228678791457993,1.1139362468616,1.6753199616538657,-1.1775851028347624,0.33191480452605154,1.4524665276313353,0.3137665220641771,-0.7443314545173119,-0.8139745210754061,-0.2702897348134369,0.2298278923775483,0.23287293002608642,0.9502974760710305,-0.8085643529379271,0.446910823218724,0.08042768261726968,1.127993499898987,0.07433008540647507,-0.8797501106539836,0.30642858865097244,-0.5225456186906076,-0.16037141880698097,-4.441737547524721,3.5269011987259313,-7.455433111647561
0.0038662146074565475,0.6977325874944286,-0.5185943209643422,0.9606703719686179,2.3269801398666674,-0.021079869596627932,0.22497255462471383,-0.09053676192925278,-1.4813062283309997,-0.4738832363773019,0.40998187404077674,1.8023042759164338,-1.4509097326734566,-0.9716604920661116,-1.067435941182706,2.5209428673160303,1.635461429700897,0.7640815419939497,0.052433850787093145,0.7155565510199885,0.20563205414589475,-1.2710921243915503,-0.5130631191592301,-1.1275902879071713,-0.36720154451151926,1.6226120926075727,3.6078479762109095,-2.827664200014937
0.3298831228951898,-0.7546905761515023,0.585234795065518,-0.9070450141189257,0.18438995065456742,0.019841522360655273,-0.667388911286735,-1.0003282778343088,-0.28893028681759547,0.8165040866110246,0.8289913178125566,-2.2254210440840865,-0.8266501312302453,-0.15896765140718616,0.7146016600489141,0.5672479024767996,-1.4142219323717784,0.7362237338344239,1.653909788017454,-2.3589037523715404,1.3407379991084203,-0.8597576195098904,1.8321713538454014,-1.803161174768137,-0.8526231031927979,-0.018846138914879157,-3.295107048393636,-1.1713278360596386
-0.6989592737282349,0.20734632092580577,1.0382228490049012,-0.1231859040021573,-1.9179851994469626,1.117588728559957,-0.959555300301632,0.5389692364404375,-0.41189661403599037,-0.8255584299257464,-1.0920034404588985,0.6479507705980079,0.6077547845022082,0.017404785210837784,-2.1040540630373017,-1.6491521291607523,0.39265074986528625,0.632848228286892,-1.6901892404973144,1.8179839799725035,0.9940250981050864,0.15072590856542784,-1.0372549422456303,1.8807958924444912,0.9673592747020479,2.5828186870157848,0.37175821955514116,-3.8631578321353297
-0.7479115113795677,0.6498116473936513,1.1988989655186912,-1.0606182531023691,0.9130607147596662,-0.47006560835300065,1.1116610695887255,-0.7648193262986827,-0.6534932453128142,-1.03491825236858,1.037103517958582,-2.481177589684152,-0.07678359781752185,-0.8663544151241065,-1.8532286721105908,1.1560187502403962,0.6570514437407196,-0.7221509576959289,0.9060626096626047,-0.3815276887721015,0.14531720256870587,0.01265922648511657,-0.24257108217444653,-1.9172712970847308,0.40512603636705313,0.25980167401117266,-10.464185364854629,-7.2447092964578115
0.6325963587571098,-1.8703073940220936,-0.370088022021311,1.17290056061107,1.725311295546382,-1.1558309267294156,0.7476340216472108,1.9234479026271678,0.16543382822922326,0.08505455962589634,-0.5343698278723729,0.9496987468709164,-0.29730839796190983,-0.3264413910562212,0.020620258405348854,0.04202547249287144,0.42268003952074795,-0.03467270821299693,-0.5158396590627697,-1.5991197748202026,-0.33633510955805634,-2.9996201635614623,-2.0829338460855222,-0.9209805868514787,-0.10229627184199243,1.4515488915727381,-6.072516364686471,2.4789195007864473
-0.06936858987701514,-2.878522622407058,-1.3145723031427725,2.0102464123757136,-0.6553780980177334,0.8559180201355228,0.34174296864580234,-0.990392450645209,-1.019529861021504,1.1468599000670268,2.7781201938499667,0.9620641956243131,0.17359599153974184,0.46342624686683354,-0.7641587127504926,-0.9947972376309567,-1.4987972999187475,0.7707596527134088,0.7164420080138754,0.03305610785821387,1.3761327394503944,1.5388579599225842,0.7793845256481597,-1.1539189410494721,-0.7042533183433008,9.913675837304016,6.136294083527507,1.2157223506752457
0.5097206802791145,1.0744864257570808,0.3849613172246848,0.30061161780045387,0.4255674657762666,-0.06162098024459436,-0.2766157480629062,-0.8208938029261847,3.0063228732949945,1.3443894627415598,-0.4461977377529789,0.19159192363583522,-0.3011926213511657,-0.9579278338788155,-1.7303990523623884,-0.8644113857129642,0.4488279085242072,1.5632484298617675,-0.12440717297424154,-1.3600440687043738,-2.684468515620473,-0.8040000313991762,-0.9046422746010337,-0.6598396916468962,1.2135041974176703,2.483616087242691,4.2125589422841445,2.515168298477144
1.0227108128640103,0.28150185851778087,1.2100478225413125,0.33886515610465984,0.03634698609699033,-0.3211519471171647,1.087203115925839,-0.9723747430759686,-0.02734251218619547,-1.5948276162110688,-0.3426668352173953,0.8228751362180325,0.6508562334952194,0.5128068209639431,-0.48018567278004326,-0.803872355046731,-0.12838348878190955,-1.039302044383227,-2.0686087301083638,-0.23735334963776042,-1.2407278012501526,1.614255462483376,1.1915250616818933,0.21819500923592156,-0.7249400982164783,4.350890902576886,-0.5070093955043683,3.65838631083633
-1.0401097486372097,-0.6046462119326296,0.8094133719561232,0.7456323813746757,0.562660464155023,0.8984577568111977,1.2131458533586887,-0.5820519021942178,-1.462724479678555,-1.139944466042466,2.0217483659831816,2.1948258519863653,0.24899301305259222,1.015102599123845,0.5074355737062266,-1.5588535768846545,-1.233006196576951,-0.6696998518140862,-0.15835987895269754,-1.4243852688298493,0.26573358305520783,0.06447591811556017,-0.7400664280971004,0.023357982961214694,0.5381967434026554,6.08555520532668,-5.750376366305048,-0.6431182694829359
0.7452452821455695,-0.03013347635299884,-0.4958674436845377,0.26873248146349826,-1.6088158379454307,-0.4164405581597606,-1.72645141438619,-0.06719888936245895,-0.49064687538947527,0.31245939119695304,-0.7056718711968908,0.7803144246976569,-0.32878220821838733,1.0588383338112086,0.7078022483921986,-0.2072959622448366,-1.506889857039674,0.41776787578110613,0.571597460159358,-2.251249693204284,-1.9996454707304037,-0.5588953724309027,-2.3677832972927932,1.1631948652040558,-0.7618619149901397,8.686871171700167,1.4513667791390135,8.881663076517533
-0.913249062252083,-1.2054073626134811,-0.5214066482976863,0.02498609328030562,0.12225580992808581,-0.5922006442055276,0.0992125930948829,-2.766915939771446,1.0354123949239058,0.9344564084507602,-0.30603659915041875,0.44101564725751174,-0.9554751216214888,0.3472261831139164,-0.7383608257033832,0.3594024822751493,-0.513921865570315,0.8441458625285381,-0.5765011375490543,-0.03669514455465979,-0.31323762666540944,0.016876076031978906,-0.49432572108824463,0.02586435100677914,0.2452340602895173,10.724802737356784,5.670140844006407,7.087460303623599
1.2987514336865136,-0.3607110371556622,-0.14678051938509207,-0.1305062464246784,0.777616436618731,-1.7922421552975596,0.7840147882618168,1.2156844745294004,-0.583752066507415,0.8049422412577807,-0.08129865150069797,-0.2719669357938563,0.44812001306492644,-0.9077577633886164,-1.3725400625739632,-0.14848388165091905,-0.9194342073859281,2.383071094636124,-0.009842644281087016,-1.2694565571477328,-0.7366314969259727,0.09090814446987512,0.5828931715330454,-0.535837886851169,0.19641580020485075,-3.6498322407168935,5.528414865496156,-0.7510561184564579
-1.176327973619932,-0.6393511483313711,1.396712437239062,0.11726941133185122,-2.1117177488853978,0.23244510229762472,0.6556842137729383,0.4401739468969411,0.6248019116935837,-1.0123873521222755,1.0597367447813235,0.004075271074508453,-0.9513180759508946,-0.3220093564766056,0.7376110589245557,0.05995202671646866,0.8628169381944083,-0.32864263049825776,-0.5424850927003788,-0.8601262547622729,-1.1313246771475465,0.3058859253811213,0.13760442079891474,0.46293428599463754,-0.3177423494568546,6.103031666742737,-3.6690489840989335,-4.4478660867523985
-0.693145229208837,-0.24408886509140912,-0.8013237466864378,-0.3374706719912026,-0.16175152638621842,-0.5543977225052601,0.6478755330965655,2.0317810642408913,0.5012411005018418,-0.5855064405313104,1.5248241529126279,0.09752542171705654,0.9620004933395231,0.3933346144490037,0.03898109989398997,-0.30664636415489027,1.9443594738969694,-0.36283708696469585,-0.3629392486460313,-0.22369172725944397,-2.452851970029865,0.805564530309338,-1.731857479452199,0.5864221366265464,0.6782380534833081,-2.396956569461366,-4.215853459033989,-4.228230906049132
0.44200670823026106,-0.5583024569434063,-0.06416005981112291,-0.992613247783111,-0.8694207004612791,0.5406906584169361,1.061615844433653,1.8265259931798026,-2.037593781971196,-0.46921637090255974,1.5302285923410093,0.1398576997604648,-0.3445580693644281,0.12376891249445526,-1.725688754579687,-0.0029194163657887805,-0.05659098516053591,-0.26011399439870586,-0.6461048474580243,1.1736174027556823,0.16716892453849477,-0.22904855834281707,-2.2224028348700466,-1.4902029010800453,-0.1513112839134048,0.15635400697550708,-9.634251151706756,-6.045900966103237
0.49007120990325026,1.5829129601157836,2.0033745752857004,-1.7513577878930884,0.6349991138153759,1.1099277437604564,0.33750825432011183,0.8669380615163849,-0.5632893728913467,0.2846163322416965,1.4652758630489,0.1964990223572108,-0.40184955640502346,0.647423773203117,0.3271916750275833,1.5711854126596525,-0.3604881948391237,0.755181940328206,1.7666731135967535,0.5208010553476123,-1.651679523246366,-0.6720217362625636,0.1729836834628732,1.1136480259394632,0.7719669154872986,-8.354696772359508,-3.864905612850038,-8.476087289471977
-0.5232079056397809,0.0709192670579559,0.06537280908193609,-0.23602589990901165,-1.149154442363129,0.3441396689994016,0.27760540940560313,-0.9170667346959024,-1.3040850462304776,1.912260426190196,-1.6368353529357804,0.06563787066841364,0.059128234792160984,0.5002613830534567,-0.5666097379280733,0.5621374383454726,-0.6915409971784021,-0.6591222810612064,0.14934717415375004,0.27911659831622554,-0.9972734023569583,-0.92032224929423,2.423420923725296,0.08156103674460145,0.7682597994929384,1.1145843756194815,1.009141295209936,-3.0918958637412395
-0.8769675660932242,0.649130225502183,-0.8026702624210491,-0.07878871024141754,0.5224055837370939,1.2050560902861684,-1.0087472577817285,-0.44263073269592396,0.1165618323612156,0.561397483436756,0.9256294779150284,-0.5672166769558256,-1.045771631915546,-0.562722288362896,0.692609607394494,0.4299754256787551,0.5930853549340865,0.398069868126081,0.2440112870090611,-0.9975954686272479,-0.5982468072107161,0.4331899340708608,1.5645791673035292,0.12877371442590171,-0.4950924967067575,-1.4880071608879066,7.240811930241589,-3.936383225329105
-1.6456886217745466,0.7605488462671738,-0.7051707134335563,0.36791965814500377,-0.19541683124841,0.5503137413212269,-1.5338709098924086,-0.0305947044804206,1.5173009601303464,1.3864429431949223,-1.2245966203199246,-1.9743725155593361,-1.042413661146694,-0.6264466574617454,0.1567007201230326,0.4572240693288128,0.4779940933262015,0.5894834737203019,-1.1631090421268613,-1.1376754331355707,-0.07267294458628636,0.277446501397799,-0.4159439965750053,-2.2362892928798104,0.12448099012821753,0.8316614166036246,4.751066220866094,-0.4242125180583808
-0.3614319467349164,-0.05398468491197745,-0.22972168732668105,-0.5516263403842462,1.4031934700019313,-1.001549794638849,0.24769963886964957,-0.5091081020372592,-0.03399461827955554,-1.0186096442699464,-0.09182460814909334,-0.8875062720935188,-1.438989137466346,1.8299289001720047,-0.6940585482393691,1.1995018485092865,-0.25064047754746677,-0.4218818388420014,2.5176132775136937,0.2742675931918657,-2.2356227132540076,-0.09061675849531924,2.319933959982975,0.0940986926171299,-0.15424207936515497,-0.17924884432938448,7.059671082155793,-7.650726731211855
-0.6239360191579929,0.09238198476106453,-3.3590052759785425,-0.00929117843296603,0.15000078808803755,-0.8832126598510771,0.4655156397033622,-1.2179604745447132,-0.22434370164086068,1.953586303964712,1.048967607417965,1.4704608021158057,-0.7165193324886264,0.9426976627986374,1.4018344376348408,0.012145924576524782,1.0831235967851984,1.4138241962928761,-0.9927129319069934,-0.2079147774065995,1.0129351807408222,-0.9523456024553888,0.3297694267484225,0.5152486864067759,-0.5119163835273125,1.4271855284030888,7.239482970342503,10.520568732386158
-0.8826391650913493,1.103514524216133,1.445963811906329,1.190237674924497,-1.0243927696380652,-0.5432714998263212,1.2028576857526394,-0.23797325522162166,1.2942835869148472,-0.6169675188189906,-1.0608998212324487,-0.8542575831340935,1.3028519885453187,-0.94856182791183,-1.0784999482565192,-1.6024268029161186,-0.7437375135550677,0.5020628709691507,-0.6127771395612938,1.32964308256024,0.7017726312286214,1.0434797110627783,-0.12821955937536805,0.10895653407061041,0.7777065593915048,-0.754254382846194,2.1488615474271904,-1.364313344771948
-0.1562370148204322,-0.7182007985142919,-0.11625813140366463,1.2813044573788148,-1.438046473565192,0.756731393500878,0.16033839667225244,0.40396160047952584,-0.4862755220550909,1.4647315596433408,-0.9408260294264443,-0.5406403695530685,-1.1038078201240031,0.9044131680785266,0.22764099951096595,-0.6682277162545786,1.3295389092562344,1.2062138250929706,1.0016002779543427,-0.11812030874930751,0.11306807226894347,0.359438016719369,2.1899407947513176,-0.43450260006530206,0.29519042834419107,1.7667387707451851,7.3318996359321,-2.4192251147988415
-1.1693178861917153,-1.0031857033341927,-0.41010217218529066,1.2554627872650463,-0.5616928083140114,-1.7888939919642755,0.26577822636399584,0.43543898090876965,0.5345934917390895,0.3960943370626354,-0.21381165372172192,0.8013973296591862,0.21310401508577695,0.29350939587032854,0.10354656654861327,-0.006085149787349908,0.7640969827784678,1.4045554557647322,-0.12891663345130408,-0.41498145783831075,0.41996890799282083,0.655415029177781,-1.6250971003036512,1.2884581501765278,-0.29644405792996004,5.93255094189595,7.010301508376473,7.987965916282977
-0.1661568804247905,-0.471715453847994,1.402996194760355,1.4055747672476022,-2.1297948675310634,-0.14137848741326553,-0.1774962252297007,-0.6245526020628803,-1.3344486887850102,1.2524396734907204,-0.1153908600882235,0.27227656537008976,0.2232028764557283,-0.10454406092296648,0.6047325304675284,0.2568346496609691,-1.810426230629653,-0.33731872864201784,0.0253814434510684,-1.0273385825177686,-0.14603149100656057,-0.5986700380787505,0.9602933611667235,0.9867567659828511,0.4339940237069006,6.153402438103713,-1.9512492186339447,2.6386320455573156
-0.7812642846125186,0.2303464719287951,1.466224758056502,-0.9697330139619432,1.126123663997454,-0.7635301698180009,-0.41394237376957366,0.09432140357451416,0.6534779860982979,0.1977290461975891,-0.8072630019465586,-0.8146660191579896,0.46115913804949304,1.2285472108658575,0.06903948904979519,0.31951993485728925,0.02238948425475429,-0.7204491554479956,0.12097516894482509,0.40069510720466806,-0.607167776778677,-1.0049200143866808,-0.2540512699290895,-0.47981674269654506,-1.4620040457375474,-5.229823297490061,-1.7709420659502306,0.6597543730250655
-1.666101920675378,1.2604041193634707,-1.9715461151209874,0.567554172082607,-0.9642520614080935,0.004006377159102282,-1.272460997565275,-0.003226180924314062,0.45731652492932356,1.0525878739875487,-0.5418386468322539,0.31695158830216635,-0.08329848037248644,1.1797594575092534,0.6086735968799305,0.24958395105935482,-0.1526876159576714,-0.7730897053821353,-1.8131384508877806,0.7968079405936648,-0.257478910099671,-0.2114000778631138,-0.09889055643807544,0.7343089593934412,0.2804545879505391,0.5523282847693541,5.7078549019736435,3.2959010239485185
-0.24216246941942657,0.46881441480573793,0.5720983112768149,0.8910392829448517,-0.42212255154066963,0.5139133935582292,1.7316527450449628,-0.10860670483345088,-0.7777177678716211,-1.7395521309676054,-0.9009143622768309,-0.3305673959557262,2.469259568361668,-0.42218733299180666,-1.0072269428708442,0.5621898801051334,-0.10711824521978561,-0.0972265746562823,-0.056491518313868186,-1.9527118259072125,0.48852135654749224,-0.4153663093530534,0.38504104187068716,-0.10545352482259443,1.2560819800304,7.038429980697022,-12.366382047678382,-6.701992910203687
0.35636257514717823,1.3577439810597964,0.7118413393345797,-1.3828153793581222,0.7710221921946381,-0.23987905165718176,0.1901240538180942,0.23934777809427463,-0.3141417292654802,-1.1692589456951685,0.004807610991883214,-0.07698782167658624,1.4060539805797427,-1.7920292774600217,-0.5756056310124837,-0.18060039872488584,-0.3836336537877789,1.7490916803742724,0.9151120034590705,0.955827387346855,-1.154925163656923,-1.0221404164460903,0.45663056099719507,0.1263463497062517,0.7933022419916826,-10.93620935168876,-0.2946699851082949,-12.60321822726998
0.6381287906746229,0.6565169262048537,0.12658995383153182,-1.1237305604904098,-0.2243138272751952,0.8891738051917145,0.9666390612257701,0.679447697339771,0.5540868557597624,-1.0977801055335945,0.8654350126851821,0.16633853632454565,-1.642119554381017,-0.6043893107321324,0.4432817947984823,-1.6737095732105947,0.8899730823625839,-0.7026852703822195,-1.7289858945169863,-0.017684619192002676,1.2782181256715752,0.7216178921950156,0.39181518188558245,-0.42773911076580334,0.8666651179371115,-3.4921721107164116,-4.561494966887378,-0.3117707682875456
0.09999324180084466,1.2668962242890653,0.4751274200802659,0.6771143084741695,-0.5968526466551298,0.35880946157954097,-0.20706228751380476,-0.34322841352848293,-1.2344686085085157,0.49094628823767655,-0.6665201370500076,-0.7335171479810965,0.7986886563676711,0.7386579391378014,-0.287801426562736,-1.3347194800176658,1.1275307835380457,0.452591129887854,1.134420608408188,1.1047292883642947,-1.2091409668574866,-0.10835505940218432,-0.8337872845786247,-0.5442399327033174,-0.10073390577695758,-3.4373411836661405,0.392652513929848,-1.1654511044945677
-1.0644395930486066,0.6148055445979398,0.6031596468953045,0.7191579487282579,0.8109661675794718,2.1355882025566704,0.1456656039915427,-0.7318782551000214,-2.2852661996562986,-1.9427651450974919,1.5446241575224937,0.22199299901215894,0.3923378631129406,2.165025505886243,0.15375441647636828,0.49716832637603375,-0.8890992925007164,-1.2079052478068337,0.783134450173104,0.6421988220119004,-1.238961428986477,-0.9641176665684954,0.1612874443108962,0.0591623881571745,-0.2382277545801892,2.857637229629667,-6.713299591882034,-11.980179260566064
-0.42386378802855545,-1.8040788272438224,0.45359943842909584,-0.6560495950417949,-1.4999570412292753,-0.02306040882432938,-0.5290071327578987,-0.7857292557266049,-1.0589174533501284,-2.127818486286846,0.42165893248093805,-0.16722359892958988,-0.049480331922590846,-1.042143417226846,-2.9014390146849385,0.3764052871941929,1.353780962109013,1.8121229363711187,-1.14244932308993,0.45122203817824075,0.281214094101754,0.6553513262867675,0.4339810527143586,0.055958496221484744,2.077099832492076,9.981730692656742,-3.20985368910165,-12.601298510529245
0.13236161848683772,-0.33564824491896883,-0.7678968480894838,0.7721484949140532,-0.4348915305602056,1.615068772422769,-0.16944524061276928,0.20516267980220163,0.25517596984929125,-0.794474518955052,-1.7954013005009006,1.5159775205667332,-0.15878115640322707,0.3366286036002802,-0.6833184333921382,-1.6310635756611724,-1.0405907580468319,0.15763443674157263,-0.7369115481286881,-2.041833873393398,1.122620401712827,0.7811432391367739,0.04900752907707118,0.8462570287167527,-0.9145745104070486,9.66281232531466,6.417157709649903,4.485905127776458
-0.45246196179752385,-1.40260534349328,1.0067679130217035,1.4474777674438977,0.8883354043090086,0.6994009411647265,0.3051266664339222,-0.2957509659277884,-1.12344521295779,0.053266838679778133,-0.2688874394086934,-1.872819152759757,0.09291024378958347,-0.601466416309849,0.8238542815523404,0.824464606971813,-1.382930952480795,0.5109107127096942,-0.7901287575857057,-1.5273768990716579,-0.7000337759017269,-0.8547592558177037,-0.038759005302664934,-0.08183690086447767,-0.15557131225919862,3.569864837910039,-3.256350144561202,-4.498287236807537
-0.5223143571892391,0.5265646991243143,0.46037535971014076,-0.9845137626123485,-0.7898395027980176,1.0745888415401224,0.6760744005838998,0.4277003945476011,0.7079416810284974,1.2019268031363854,1.574388101897672,-0.5474957519608729,-0.7758619507216065,-0.03732404036045283,0.10385278929382222,-1.2014886300385368,0.38476839254937106,1.366158675351269,1.14135318246276,0.862563247120715,-2.5700850736726206,0.20441359118123958,-0.8995073223394352,0.41406697538814613,0.5424107584414173,-5.497466627050435,2.858233313062678,-6.294101538866831
-0.33992308414031536,-0.748010590506848,0.38085337665590596,-1.2802682845124536,0.738065379790169,-1.8323508401504098,0.21593161008612216,0.0022269905812321027,0.13687027291539847,0.04233969770488601,1.101464631453654,-1.8246559983707833,0.2617938858688998,0.24186767941812654,-1.3571142373555678,0.005844727935428412,0.2265138360986486,-0.5562593374596817,-0.5472649672980837,-0.1396261338179332,0.29519164643681367,-0.5701461845167268,-0.10845071873843838,-0.23210955098929378,1.6148355648028425,-2.5831399280791274,-8.805854765649858,-1.2981129862478058
0.7995410901398823,-2.2442813157449657,-2.0278958775128757,-0.9321737670967158,0.37036840362306644,-1.3432432771147242,-0.07366538030306818,-0.20404009677119717,-0.6193679156008485,0.40556419879979183,0.4519963139434248,-0.8957111192620593,0.17117356013280519,0.9116449611458749,-0.31481989104485364,1.379955692814867,-1.3475472998207207,-0.27819286112607666,1.7898877806662803,-0.28330501440699657,-2.708040128497462,1.3127125919520928,1.1267826657805007,-1.016961795359724,0.5407618557716662,1.750814015720358,3.1475366784885477,-4.770509781713715
-0.20651953599821404,-1.1274784960966309,-1.0569438399466162,-0.3746363749820879,-1.0673176114842813,-0.7272743244655256,0.29528945016922425,1.7253124947142222,-0.24289046950491344,0.6762698448684645,-0.7239109147611507,-1.5209132449239768,-1.1429426765226285,0.7119000150440306,-0.2885744743519895,0.8441501454133332,0.9638654969647172,-0.45955104423867815,-0.483180287058537,-1.12111152986583,0.7167449107308355,1.0965940583746565,0.5585150019693339,0.540571046152341,0.2679504258152779,3.1539596813812087,0.31222384521761126,2.514929545029291
2.8614821964704835,0.7951323109785797,-0.3945416957899493,0.22514580278798324,0.39664263027866764,0.6447506665568746,1.1950460016912865,0.7942969468863186,-0.7099793121482173,-0.48015892031868546,-0.03960026797643065,-1.130203280761356,-0.8565842819462964,-1.5643210684264253,-0.21768897157412548,-1.9495553067942875,-0.5630421023715033,-0.08380060236583253,-0.1427010589769812,-0.9512920460134359,1.5424421778575965,-0.06921628399103552,0.3260615489197154,0.11160310746333404,-1.0242910355724224,-3.83400768680622,-1.1813352511096262,4.824612693381871
-0.8951763300678262,1.692777214584547,-0.9112284804930542,0.5512859738867255,-0.9128001384035169,1.300250195712393,1.7133865744583356,1.7227362059579767,1.0845175502791173,1.925693212167009,1.2420704654869972,0.12984075471816348,2.071097990356606,0.8000574322237806,0.7823787146873532,-1.2921163399426279,1.5865050398227216,0.5911681674201498,-0.8190583814055303,-1.1569517195841925,0.9846957725280132,0.4626211667305859,0.6691303361299256,-0.64216261440282,-0.49719582970389303,-5.565736385980565,-2.7294495507974297,1.4776495924635131
0.467664408042218,-2.115034348834885,0.4475594639519469,0.0973284469010433,-0.35045846379705076,-2.1285958961508293,1.1693046117950243,-0.9547058596376445,-0.5255557923705311,1.1473736153479077,0.7509338980032128,1.2355636014732507,0.988163623737943,-0.09990432765550124,0.3164592163171748,-0.33108609685471246,1.4860177843492137,0.8368096823903487,-0.39603012135746224,-0.29977187136663025,-0.21179521405856758,-0.42399866938818237,0.1794555983938638,-0.6307174453326422,-0.032077918300427395,2.361598730311946,-3.5715625931872923,6.612519384622556
-0.19659966885392222,1.095107716343347,0.5333097301261898,0.23684784892255842,-0.3942188716233976,-1.8853466352302581,-1.9463211762017105,1.2010466840930072,0.7116629464863663,0.5967546884182958,1.297396103927559,-0.07428369710924906,-0.28485979826574853,0.22301598864384062,0.5834373898572762,0.3870284477582779,1.0710052538956265,1.0315156913548533,0.03894825581299919,-1.4207690939767499,-1.8621061258488683,1.7135433325824942,-1.788525679860232,-1.3100951072699052,-0.22899343830316887,-2.1275443012959054,4.636270220377163,5.6091129282834284
0.0070955403140928516,0.35175336839677646,-1.678065582526643,0.8765751520603973,0.7245947427837138,-1.0668014757134954,-0.533622680031004,0.8965572134422817,-0.8190410539209623,-1.465598901256225,1.0089444695879384,0.7101589402496655,0.07648819366027435,-1.1924271420553756,1.785691326563847,1.2542767472271605,1.1457340491390209,-0.642716813249038,2.0768935083806244,-0.9963823874536609,-1.6111663029350336,-1.0931893376540356,1.8016941591533788,0.14708919366645862,0.3773468329464311,-4.501724287646757,1.055999584786085,-9.383002588262102
-0.3864896414575283,-0.23363556367046914,-0.38831168157296886,-1.5674651433579865,2.271997358587002,1.0276098650580354,0.5634109270273437,-0.7186550933517819,-1.086714651244648,-1.1220710883339593,-0.5774991925459817,0.18098917362007383,1.157145246957808,1.2963061266573395,-0.05612255489486525,-1.0213107742985765,1.999268620506857,-0.8196772109207644,1.7096709702030513,0.45335989044359953,-2.335058235342802,0.4926917107255114,-0.6273050271943762,-0.947585133977155,-0.146386584278263,-4.870141782973332,-3.3274139111753414,-7.346571833290558
-0.9452811630809449,0.38673570985170286,-1.0466909914602036,1.6693511621045924,-0.2354286048041141,0.3364142154072844,0.3891110232093648,0.19243205896014237,1.0708917235020416,-0.8578863906470235,-0.6047470992333721,1.5302952149597147,-0.6199068230120552,0.5966499698798681,1.558642402885136,1.0325628392700579,-0.9801666300602688,-0.6766392209782048,0.27985476658330277,0.5424834680450047,0.38183614093625734,0.5186653350176247,-0.4024870025766804,-0.35284327903980345,-0.5247049315990805,4.711471562862259,5.406270463406882,1.520750362253056
-0.7922365332618773,0.36081994764432335,-1.9026394403383058,-0.5267239444237221,0.009287694983049231,0.31000998018219666,-0.5574318298308114,1.8695194348123214,-1.5610686426205653,0.8167564059196076,-0.7436569279039178,-1.4982148530489523,0.986873401245691,1.5993966612653412,0.6379206044586307,1.620253519074862,1.3152683712991917,0.0452230368208808,-0.7986919835974731,-1.9753578937905558,-1.4917144478383166,0.9224229208674404,1.624143347045624,-0.014182829439501162,-0.7460308735880312,-2.9909954823520546,1.558637894146353,-4.944386649644119
-1.0963269917860479,-0.0569437187092985,0.8764223307295894,-0.19071267245473755,-0.2648404992190017,1.686764627511859,-0.10752214214398016,-0.7657337855721741,-0.0017372753361150667,0.012066741972067984,-0.759806200186376,-3.303151956415854,0.5608542898447948,0.19576781501919083,-0.3931002244446863,0.17362550464280474,-0.3428147553189107,0.269212758236028,-0.08857878881764729,1.1733414887528237,-1.1989539073098745,-1.3838565820757027,1.409565394816747,-0.7832261413823968,1.9520273092601985,-3.582537525113365,-7.062852693137986,-17.077446576348244
0.5782281102004345,-0.7189202249258414,1.256673619011477,0.10710775889718471,0.18868981967807796,-1.6815370043163023,0.17020514259035346,0.6305058241345589,0.1418415855353193,0.3740710802529775,1.1893695707775411,-0.9704912053873025,-0.1299854846372957,-1.0391278746391446,-1.1886227808333827,-1.0183785800185763,-0.24956633584977497,-0.13929894678349772,0.9228991354407419,-1.6179577328183785,0.4997221409910119,-0.8505535168039771,1.2209964770397155,-1.1940229329923098,-0.7803175561834433,-2.206020142749369,-2.146102757160087,0.24120649834963298
-0.616878486512773,1.526486418792812,-0.2462536847788932,0.8992337712053843,0.5582101998554545,-0.4951188353680389,1.5219703124203243,0.8488999667740309,-1.017125911298641,1.1155455701455255,0.42427669629515796,0.4302443162558356,1.374075373777966,-1.3236411429900976,1.1350258054208655,-0.11707814758571652,1.4519216048101067,-0.7453293006377976,1.220548775046432,-0.6764650214188965,-0.3229635130137191,0.1072831619051706,1.8968652264248829,-0.997460871583762,-0.27598190598731404,-9.414189586346742,0.6117152259978883,-2.8272034943222764
-0.984437522403472,-1.39995126341055,-0.4349355717942215,2.01407214127577,0.8388647321761167,-0.14783693018273455,0.1294825080411557,-0.8346371877569163,-0.8480110758387448,-1.2537111303127564,-0.7215136116387173,-1.1220338432940098,0.9236207374951606,1.0936490903813356,-1.6680419177403802,1.4088607953806838,1.0763023684760396,-1.00621234809806,-0.1137781082889453,0.12976450511181856,0.07036524648114394,-0.9212129738490279,-0.12164029137417955,0.8981928664719899,1.0816669975952111,10.801635758120526,-5.532130127055153,-3.819053013758069
0.16428925856883203,0.09639580353793348,0.7421795528378761,0.2729904484414792,-0.2621721085063784,-1.3744368295984017,-0.8518380506985676,0.5193972009386392,-1.4482839796259082,-0.3071532465824561,0.5637686545060229,-0.31740325732307845,0.8655259325203242,0.13699718927936766,0.6759717760756848,-0.1820011189742153,-1.9068913236663156,0.05991654446447927,0.6074538477890751,-0.32512326455189094,-0.5345384842728186,-2.5700550953316017,-0.1977689959767232,-1.3657619641996261,0.39533046893383605,-4.9770069895668465,-7.603809402986505,-5.606843001519544
-1.5717567339948886,-0.21649785889317424,0.6179551714772572,-0.11591722199085329,-0.005976233803746576,-0.06417074651763678,-0.14206970952783474,1.0144082976919393,-0.4517847695558163,1.7287989411215026,0.22812315882588768,-0.6758000325096319,1.290868282967088,-0.8146484652761731,-1.0947771188524127,0.6934247081445101,-0.5992297226551371,-1.5808729013630913,-0.3516963439694933,0.8553717411085833,0.5019026715696238,-1.402231561087412,0.9042142706563946,0.6487374221351265,-0.8846605166296946,-5.937205670233238,-2.1482227799731946,-4.082998003733423
-1.6377021904276932,1.6346346811247703,0.4241896890491646,-0.5623446307440212,0.2405126159765275,-0.3831952511894216,-1.5244005470700535,-0.19528016879236573,-0.03325689915454462,0.14966387529020744,-0.3447026187106429,0.06714933009820462,2.0228332253806336,-0.17145942160493802,0.5065245238870676,-0.9814589166905304,-0.5736688829204482,-0.10973287254746457,-0.07365333033690132,0.04791304109368968,0.03906487767444275,0.20404337601745257,-0.2035780632279048,-0.29623297109406727,-0.06133588422128985,-7.8250483174824215,1.522060843513163,-1.6799715400264423
-0.1866020105590558,-0.03203223708921414,-1.3804624330890598,-0.14958567627929953,-0.27645867166147503,-0.5464972665967855,-0.6461555836237951,0.012088155322366893,-0.8992039746682965,-1.535042631827726,0.31785002053967576,0.14288931184657294,-0.730676091115352,-0.8910279769091992,1.7011395704915493,1.6277666517541363,0.8840345274623731,-0.5173660152773483,0.013590656418636826,-1.6328334991905762,-1.8302948052919912,-0.008981951387982379,1.3359173496642434,0.4713328537301854,0.1074710470634149,2.2069075186069442,0.2612943599787303,-5.8804065541204364
1.6654914217537162,0.3790056914216416,0.012811105489380454,-0.11022621339314295,-0.8992178167869893,-2.0665734820321964,1.7005698243573892,-0.8309081101411432,-0.5633294067222273,0.17640513450062614,0.5681693160206854,0.4014758528930926,-0.28554097457752553,-0.8716635479104432,0.4742127538006137,0.02210170740865492,-0.3576126967005668,1.032656411447267,0.022323043532971605,0.35113466063635296,-2.0799149367299608,1.36105612024081,0.2945967051851986,0.6522843069991116,-0.5168701877530417,0.2972566379933349,5.467276610777621,6.123743795656169
-0.8422565657325954,-0.17008418643299583,-0.7606908930440884,0.09124780736720643,0.09851358784858635,-0.5239855447618038,0.5775267204182823,-0.18778406868117065,-0.05928452555103437,-0.18108891341756578,-1.0887430399510598,-0.3511478292438721,0.5140755706808126,-1.4479688980670926,0.6222463748285063,1.3993886164044738,0.9262664364900788,-1.739173598664439,-0.6264193616949805,0.6302405199614937,-1.6171786124420728,-1.1741552189044417,0.5633730956292743,-1.4390917257957707,0.2766314604640884,-2.1298327258805188,-5.281254912167647,-7.074825320232207
0.13367267392655413,0.9986619456227125,1.0965116045681969,-0.9721402919391594,-1.0813771644685817,1.1030636119155937,-0.3978875784385821,-0.540133139096766,-0.30447674020159965,-0.22890885296496616,-1.401794237996407,-0.2161162937021766,-0.604529332650851,-0.5594867421027953,-1.4935110724963936,-0.1524735394371381,0.6599067907387254,-1.080558090815642,0.13883931301611102,0.6681171152403548,0.4391740514398615,0.9935233029710164,0.8346933532846793,-0.5441665014788309,0.15325574425860947,1.01201540194103,-0.7589947498626811,-2.0834795034870055
1.2776272973955376,-1.681367032008058,-1.7471307766437705,-0.32452068140533497,0.6192485284038036,-0.5938015778800292,-1.2335145622878103,-0.027621910327190243,0.7075368693897977,0.780287066822124,0.15467053766968308,-0.9448412770868533,-0.7880796514552436,0.3706367860514054,-0.13318562659168928,-0.6138772129467676,0.3332131894047293,-0.13964256642152112,0.13998128080151329,1.7060179921230316,-0.6938903898684271,-1.0462508866185753,-1.0814362847328296,-0.3281563898883026,0.6338611445552316,-3.339734719847338,0.5792807000536034,1.693249697630547
1.8925733784666623,2.7851558179831604,2.66128144936021,-0.5802217290287713,-0.587789158660092,-0.272270356587783,-0.4760824278491486,-0.8481811394964247,-0.6112682384916336,1.3797835491180324,0.6878082082240894,-0.1484798175176929,1.0685433536099722,-0.3046756277480075,-0.1632797966972765,0.5621490310548026,-0.3534210865741039,-1.5885466138597184,-0.10895804907462742,0.3428811398494393,-0.50643059114534,-0.7762913565568573,-0.1306297208277091,0.03410922733396757,0.9458410222002263,-6.16470149591505,-12.629218267078254,7.078352177893533
-1.574398462712602,0.3910076732838931,-0.651321976411641,0.7155102439574873,-1.1264924614051859,-0.6676698823925106,1.7942889458951528,-0.7683681398441339,-1.150747843681992,1.1357372923469566,1.5725307149194816,-0.8009219216315006,1.3973416491299024,-0.345738160383614,1.3463505726512668,-1.5149402690961273,-0.21275380265029753,0.274005737223088,0.8466794369538073,1.0204223698154582,1.371191113296783,-1.6010515651751849,-2.277327008044761,-0.10240419728367965,-0.4676959726063698,-2.9930183127131675,-7.170944289414439,3.189476856943979
0.9373624566091803,-0.044297061942302776,0.058039080525136885,1.2303246972796462,-0.4782591495146085,-2.0835536551712845,-0.5009205105934132,0.438648339408925,-2.3394325412105443,-0.6036092877905614,0.9649797011505767,0.33988593838232434,0.23116986154607844,-0.6222465042352844,0.17262878563328368,0.13513914632302787,-1.3784861062365723,-0.7683700332219102,0.8383366927355811,0.6987844804542249,0.9360271650317177,2.166156328589691,-0.20918887945496512,-1.3830229433085994,0.17069620435962668,-1.2333768677558419,1.9057638567310478,3.028089919715348
-0.8859759088292477,-1.6008873707695135,-3.0356620662581486,0.7445323725245515,0.9525087446729903,-0.06843601620150451,-0.6028636179065568,-0.5590814761898499,0.0955523776612732,-1.2766105899727667,-0.3587829970040288,0.681254040680724,-0.2042746208198493,0.024912994575552606,-1.257784993815493,0.3795623008915048,-1.1777432782631194,-0.5498542455454362,0.7478748285090775,-0.3492844770629914,0.1940068245747391,0.07214300862955722,-0.27367067252142174,-0.8410955702440617,-0.7397955675118902,9.057217521313028,6.965377563266043,-2.874930063215232
-1.2512553539072295,1.1840569758032855,-0.07302885279545561,0.7874228731708038,-1.0181465030987809,2.05683623045683,0.07903946450042935,0.8085774530394284,0.501494974249476,-0.0779056624549426,0.3127847639324921,-1.4780540651750635,-1.4133901679260672,0.18470816137221094,-0.6283961535455965,0.3105117100438856,0.3442680235693077,0.211994203470721,-1.160881342831635,0.4557326405314317,0.496343904894053,-0.12787239481925372,1.8720612477655856,-1.0490391502526977,0.08574567439860341,0.2789238306450528,2.198713550102303,-10.716784113402724
0.2825208163888374,-0.36362521919276475,-0.8029313513532358,-0.6873078902738279,-0.4168267407491169,-0.5243404984535396,-0.13973961230124235,0.24867045653753597,2.265711161146247,0.07480941082012131,-0.5993219003672341,0.1424248452058004,1.8855331282477303,0.7941041854621544,1.204306265899109,-0.46872926284795696,-0.5639112291509225,-0.3462530392769527,1.672757887762711,-0.12091960114827369,1.6684521700122368,-0.42441397736304937,0.9763474828712623,-0.975106112336094,0.7794237402844806,-4.472733446422004,-5.034447152644381,0.7690868060993343
-1.2716248554984784,0.45095996373469904,0.767627422057857,1.4512190802751193,-0.9863759641679013,0.5207684787713635,1.6442035326363937,0.7878219049696006,0.792112593815968,-0.7580420634553069,0.6014021849126036,3.077675398419865,-2.0953727163537996,-1.6819741861471966,-0.4071827725933443,-1.0617015364336915,0.03765081964517922,0.2575727870236512,0.36836767448233976,-0.33347303556080204,-1.6020218724729467,0.9023934383498992,1.0374191020948074,0.2699100126967427,1.5629572497082318,4.548690779551119,9.779532726168709,-7.4182673060894135
0.7379724607414884,-0.7845724416379256,-0.36889467089422806,-1.7258299050699215,-1.7452349100480433,0.49011570091404033,-0.36023102701939147,-2.149960710149747,-0.5543625375891484,-0.13405959933235873,-1.0620189397787065,-2.286213888579595,-0.5339819093968934,-0.3962605466447116,-2.5074301252676436,0.0068528208573271085,-0.4861834311202692,0.8242396287200103,1.1071270558911437,1.1027201493053596,-0.7437852812731794,-0.22699089302259853,2.3472355606376247,-1.6685688811053452,-1.3765292389492496,4.1850933548239215,2.6831998800677987,-8.816914384443098
0.38871156074079116,-0.6447849125692111,-1.1235565541233934,0.25252621472279063,-0.4958071191680139,0.7787752599363318,-1.5506222724906638,-0.32363096188908846,-0.1937729823003203,-0.7083921309581275,-0.12725854630494893,-0.6409441503669325,1.2853832761362365,-0.19874224588454478,0.9750870618259094,-0.11683118919721987,1.3564538830053747,0.31447780777492695,-0.43662494775887933,0.4176193776977647,0.14853332212871181,-1.1313643457829357,-0.2057010211957473,-2.7411581231696602,0.20888021077396549,-1.4215448519545193,-8.11898996337168,-6.946393816305937
-0.09275632094498512,-0.5433422542479589,0.3575318110584503,1.7466173969208567,0.7957252967570773,-0.14906761219509027,-0.45735808627679864,-0.40808676252021947,-1.278408146077744,0.9554343518623007,0.8363013612162016,1.4104334251743493,1.6877513432060463,0.7216304162224353,-0.9271633973451596,0.3404264086458902,-0.5055045206946713,0.9020284481383446,1.8018461552052198,0.4184341987448041,-0.2906662399698997,-0.22956059760445446,2.038912153519341,-0.006832288962645257,-0.5866106606877425,-0.120166669520667,7.641440785579386,-3.4232755965093324
-0.27020975875466,1.0987900489003504,-0.35316231428561323,-0.5137584349399303,-1.8456735951363437,-0.8855295093422617,-2.4877108778335804,1.2061618266791085,0.015101312027981257,-1.0405386938314551,0.5817936578092087,1.64854394960023,-0.9214933775295548,-1.4612149820004008,-0.248424100060214,0.21464491416586945,-0.984694311403739,-0.3209451271183737,0.6564421280669567,-1.6977636458664662,0.49668059057321623,0.9641010188026907,1.0592822449850343,-0.5390383408265805,1.0003823095163316,0.9417624572264792,4.276375965090894,-3.520294649408866
-0.705675302888248,-0.6068337661886467,-0.3333737508340648,-0.0026168868449218206,1.1406990753424682,0.8061409281531915,-0.9459559122968263,-0.5292773827368019,0.43564529299636245,1.6234509818539888,0.5763776285093465,-1.1418540918244173,-0.8511102825080429,-0.5970001296154526,0.9567580618334469,-0.24942927539810522,0.551023089201252,-0.7540793759191499,0.09958205940699082,1.7570588434043988,0.7480309266670421,-0.7509281206253121,0.40669261622392666,0.9596444674521339,2.378132150157327,-7.648634090628082,-0.015638901431972607,-2.18269345462429
-1.2018070364590252,-0.13724317501669644,-0.041951811585858666,0.9289778569061508,0.028691370657952686,0.7692130796511591,0.7624289039245742,-0.021926534953161186,1.6916709707552349,-1.3932276347654986,0.4316024266851556,0.6488244702034336,-0.19765469133042513,-0.3137713015652006,0.5773109975042414,0.05506317619938088,-2.1264801144354113,0.9571576386349189,0.33409694404020757,-0.2024534297204877,0.039743529253548744,0.9836594046607248,-1.767525709589184,1.2839699474597233,0.7856149012826664,6.41954924750385,4.117441938489232,-2.0364483512755407
1.1570554421021633,-0.4938752048315555,-0.5602914108928836,-0.38173415999105853,-0.3957392273054074,-0.3980232460922741,0.29173840185537414,0.40581921695319734,0.08683117139081457,0.5622460950026918,0.08344911211327342,-0.3290193376966629,-0.07012353177687392,-1.3194187795576873,-0.0873016025260739,-0.1687890334608515,-0.8448093912977245,-0.38228441413599995,-0.04943793776318284,-1.9079980480437564,1.4645632646035271,-0.7831451656010842,-2.5432531433632968,0.9796148646101998,-1.351954955455438,4.387512403045252,-5.698359293245645,11.982417600666224
-2.0785858000678066,-0.4622164777868229,-0.2211198373711264,-1.5130753301230586,-1.178123298040006,0.30785652441621714,1.0903640337906069,-0.02113291439569796,2.16101288857593,-0.7776248561757121,0.3486779058725735,-1.1416556949141936,1.6004775719627289,1.8563200116821097,-0.5474677466900059,-0.3067187112355492,-0.26385207464146415,-0.4764542958548071,-1.6919904151248348,-2.057896306257905,0.7850516091010696,-0.19029417959765968,-0.5591716867184822,0.10667214803468343,1.7915847782915337,7.185585262104819,-14.783041469191918,-2.5749987874328872
-0.5934855220856167,-1.8581839267571607,-1.963214137419113,-0.3954655849331553,-1.4173201527715713,-0.8584802336328771,-1.0396554729404937,1.294867120932806,-0.9953558072061913,1.9687429759458994,0.3397881005507857,0.8407318536779831,-0.7903289520276764,0.974027805500405,-1.141399144326608,-0.0010402069876178125,0.46539226160109975,0.9700064340651898,0.2534043509842445,0.5506351831514799,-0.6360906758910823,0.2895331996558844,0.47888071420756434,1.3194112921380028,-0.6263692365801208,1.935865204305187,11.66270287734775,0.9672367905914093
-2.0733112869317316,0.7044825796291795,-0.8798066882455656,2.375774700810409,0.47981064409909174,-0.07949718441183387,0.02354611923651285,0.3906866774244117,-0.3666100676107572,-0.10621036322760341,1.3281560016592806,-2.1135216360018476,-1.798488517439695,-1.3364340973502888,0.7981245960445525,-0.8609882285718697,-1.3236709023228095,0.4482918056978498,-0.7927667880623949,-0.26497944945525986,0.5620443796013035,0.88950357369074,0.660826082066986,0.7768816685772504,-0.42258809701746786,-1.3826484032398132,12.90902557138665,-2.959243379927753
-1.8838318897187176,0.2762748074079765,-1.4897162778856772,-1.3093106339026042,1.0253880501082067,-0.5718937967458713,1.065268375721164,-0.5320263944733042,-0.810627037545161,-1.8448008457132603,2.1367856657325746,0.2915050590556486,-1.1577388157106707,-1.9184946462625538,0.779589040945568,-1.5295335633986944,-0.4956580285476698,-0.2886264159617648,0.4845876709291217,-2.0204254198982476,1.0118919865472649,-2.494087594051064,0.772158608361279,0.6614824167372574,1.36801193298061,-2.7607297014659644,-5.353671345939857,-9.111004241473461
1.0991055361544662,0.11346965689901177,-1.4172113968207876,1.2956554187915927,-0.23605869030484372,0.1107579293340138,-0.8051853613473134,-0.44103656958194887,-1.870408165451959,2.3762600680279267,0.8630703746085018,0.20883995747060366,-1.2915719930924199,-0.8749800624179445,0.47991605621056793,-0.9559244635536733,-1.4946944462549088,0.3021080155764324,-0.6460154415210904,0.9923603326674568,-0.9230681464787431,-0.9131999641541669,0.0662032396436331,0.45721651071300284,1.2032947816707589,-3.259492564213893,6.423862109004865,3.0265936071701716
1.564762833128454,-1.1233832285282221,-0.011909932986586899,1.0641327225684816,2.1926219176118478,0.6897495829589261,1.1203023558099396,-0.9145899047805464,0.3519242951222627,1.323577091549038,1.8221496336427587,-0.6508139385945328,-0.47581208737290426,1.585376725446437,-0.6539831818007471,0.033141110122113335,-0.3434540495336249,0.2934090176202494,0.19932497885706732,-2.105860212879821,-0.5780684786916068,-0.27165306687753366,-0.10910262701882456,-0.13017571772727143,-0.18319523884207733,6.278319090523667,-2.6709547809954817,8.214019927600544
-1.056323383808778,0.9522381879055907,1.2103940840426837,0.8631730718702023,-0.9314630859862347,-0.7410335872636378,-0.7071618906351343,0.7932819247456478,-0.5305794677058175,0.9843572701917334,-1.6628882598416228,0.00968479179691458,-0.9176352097040915,-1.3453537275319505,-0.1480354694192319,-0.27690003284128667,0.8372983669715316,-2.1201381696460126,-0.1956115510276457,1.139168037759199,-0.1828341288511053,1.5669754624578507,-0.8949936361472481,-1.9302929795928303,0.8477057427238525,-3.0436915983927766,2.0778080441023983,2.1442750028350805
1.2078516909452008,-0.7526370859363983,-1.267975172865305,0.6503480700013996,2.463653009156145,0.7657531178970519,0.49469583565504677,1.4347851282464668,1.1964472679084406,0.986528323347969,-0.8608009815737423,1.3238204043586363,-1.0968804986706937,1.4300944279539698,-0.34883737759715944,-0.6553057770542681,-1.0188276798392852,-1.112239277867675,0.7181375554839837,-0.4221552672408268,-1.4879180586593326,-1.6445386596120242,0.10884232706207803,-2.916656291500315,-0.311224056633165,-2.765162228481704,2.6422602816682663,-0.8308268126827691
-0.09622471658960881,1.7437190506820168,-1.7462033621954924,-1.7775231862056875,0.308356618632871,-1.9661725823700058,-0.23244088045078337,-0.13695406030298354,1.3488604399594615,0.3102871505763595,-0.04884505049294501,-0.878731036795841,0.14384240872300466,-0.06135256375816247,0.5440879269303778,-0.06914791896380075,1.6955490058032519,-1.031939273469341,0.2792201081016479,-1.143752801729869,1.1086638940132454,-1.1624773383283966,-0.20876538712637838,-0.5264484295594187,-0.609855239171861,-5.5819877424292805,-4.833971243089851,8.518135414973507
0.006029496979784423,-0.925119932533234,0.3702492760487982,-0.17621175044893753,0.1784177761771849,0.61023730637497,-0.635942813027664,-0.37351271452129414,0.6301723372826893,-0.13320818436577492,-0.594341551566186,1.0330292891522155,-0.16445179544765062,0.9243592448881232,0.10575819140040851,0.04073360006146382,-0.5910748215354588,-0.7990291305474353,-0.26281169122142867,1.33438890601001,0.07929330056300059,-0.1939488235227035,-0.19268376003728427,1.9270098787117658,0.1940188723735583,1.8528688968382208,1.644017058283132,2.37380775902889
-1.3093655872846541,0.40774517526387194,0.23332900302376106,0.8933538986547187,0.3574967520599211,-0.7481882420519257,-1.5983521896539779,2.5208584216863126,1.0167158518914627,-0.12476368120959776,0.43568855888299524,0.25767489316513376,0.05332112469038268,0.46389336792033353,0.022187104540391873,0.4135811238239081,-0.33761065031264464,0.7358365559189275,-0.848063236979414,0.8879873791850468,2.424337665763683,0.18138846356592525,-0.4005124327917953,-0.7503507343328838,-0.22140502670091658,-6.099453755887351,5.543477781290418,-1.4973623240585687
-0.5675229906270176,-1.3003449521430404,-0.6095043559411062,-0.6959924493995643,-0.07595076399187772,-0.01732778652457044,-0.3775899055800004,-0.23880684274217345,0.6359878040308284,0.6257894201610447,0.3922869012857536,0.25942119300424676,-1.3840134322168387,-1.0222121109348283,-0.4830287859990353,-0.9060805296257012,-0.7686395581574416,0.795100125778349,-0.2519458216746944,0.9710991060691204,-0.4819192890392715,-1.4990702883385947,-0.08082053591647724,-0.042568779733625085,-0.40148806398430653,-1.432034496774199,5.786127834598748,-3.667390812203271
-0.6473653405630411,1.1177135087384877,-1.0850078091728914,0.30982499566804067,-0.5138372527039886,0.6240079681192192,-0.3819776339506693,2.419444958332446,-1.7856607502450783,-0.7691169885431218,-1.6708115750771697,0.2844688286461355,1.2064814792461687,1.656507496486811,0.35104385883300626,0.024642445017386334,-0.3940862859010877,1.7108669557098128,0.8909962146711351,-0.43841332686633744,0.798752954428858,1.72713336232568,-1.1365359724876998,-0.7671299343631658,1.5906781228795033,-2.410644891519579,2.0543149644531935,-6.585368977729454
-0.8096592317083029,-0.542677903409504,1.5966957883071649,0.24660143575642726,-2.2257811013581064,-1.102388120032757,0.4937147421783161,0.0972248594749315,-2.301063113053476,-0.7381965760679113,-0.837510303358013,0.1367466594905233,-0.853110835244575,-1.3880898854767993,1.0216474911301867,-1.6593728642240113,-2.623104498612605,-0.9726831029024358,1.2266834162650027,0.2277041512502679,-0.464186711034958,-0.4308552316625018,-0.1588860151690888,-0.7366559109592998,-2.144957840536503,0.16843323497304258,2.3709367795104876,-2.604842861657202
1.5572654038173557,0.45765887792853643,0.11843660661056467,1.1046392245783818,-1.273589297101473,0.31140841059391433,0.9337990663982324,-0.249348132803008,-0.5068310091180338,1.0100142554730438,-1.0609917029363827,0.6997158464563683,-0.019488871986054274,0.34790006151278957,-0.5374665946525109,0.06109700998811205,-0.9113718982891007,0.9870662964236243,-0.8723128969720525,-1.3299547470924704,-0.23982620123088697,0.5043811245988663,-1.0637709512225302,0.43157611723758593,0.5251268473775129,8.887383694069788,-0.4422804654237475,9.564531975436342
1.2571425771527953,0.0478352816824056,-0.23784650681516775,1.26709581858063,0.1715304461089653,-1.8734691016727194,-0.7504143089599917,-0.7718583109094317,-1.6422227326489605,2.4064901929103004,0.1551070556022492,0.5540125566560649,0.5874873817885283,-0.3134113856811502,-0.9663764528964196,1.4664830272323992,-0.12784428006606102,-2.011943737871112,-0.4143845058102144,-1.3474080681812082,1.8366517937636637,-0.058647100206135665,-0.24401257376304078,-0.8186870686494053,-0.7136854124640419,5.347858367537158,-4.264934274544935,18.372930616440758
0.8082841383451268,0.5210055416156721,-0.4352395986355051,0.9014395301406268,-1.1700110867967137,-0.382231281850291,0.07999311517500132,0.5368689597229678,1.046533334512956,0.1173945280438964,-1.3022725977123464,-0.19875279077082533,-0.2556563730768579,-0.10213163709124855,-1.4511082396851447,0.3976604661313622,0.7375627203561644,-1.2026187046751171,-1.4683932334816692,0.318561988406902,-1.3142255793568836,-1.0290273072732619,1.217196098818766,0.667295318475965,0.6356849741213403,3.455990176099126,-0.619666619658279,-0.14303070545300323
0.4168875356783053,1.0405928292480224,0.49350926661286854,-0.13251397687492644,0.7706358717032255,-0.19437883394511718,0.478800387473419,0.2078100630196357,0.10809687241273706,0.8385487779677994,1.3756310554781859,1.1351221416360735,0.33449573255634213,0.9762533234497907,0.8457302829953427,0.7965083046084597,1.091407415930243,-1.5543679994807311,0.24648658358195222,-1.4873387737366408,-1.2173705409900668,0.6668529283211881,2.9722503563599196,-0.6114636641322435,-0.2213616213175609,-4.010434229614336,-1.285066971389818,1.499313623724409
1.7390104283399834,-0.31762089196546955,-0.4230617255801619,0.5273223046566233,0.35669801714358734,0.44726873337916445,0.08268236858880619,1.8221583763263804,-0.8185704066842555,0.703054473014984,1.892562287196212,-0.1563227882577347,0.21783881170861788,0.1073218075305083,-1.578608515487933,0.2082065745386116,-1.6240421096332285,-0.22134245348431356,-1.5428009283652386,-0.39666603391208516,0.45253582323819025,0.9648073221227065,1.9709486038245172,-0.9514749762521034,-1.818445090135307,-2.100994640772095,3.382994792504832,-0.8096371167296379
-1.6577975449302262,-0.6468318661688925,-0.043729913564912654,0.05076099313628735,-1.6471757619854879,-0.8252650979822316,0.0830668167494526,-0.9423126087569917,-0.6014253130498655,-0.5805325228491642,1.7836266302275714,0.41310250931388526,-0.733634340815422,0.38869650764233243,1.0104192511089076,-0.22142369242019302,-1.6722400261380703,-0.19526660262034798,-1.7349807750851083,0.6387507581032927,-1.3453257134122543,-0.9755565617420544,0.2510765174288028,-0.054694123326319594,-0.21066412712834356,3.6976994774373093,-0.7837545938682804,-4.490645249124267
0.5233708953049194,-0.5237708402711505,-0.04506175478322242,0.36751530019183676,-0.8499570911900531,-0.9671051093968047,1.217511713169727,-0.9162735623530659,2.181561262148391,-0.10719257202101609,0.15463597176450508,0.3934314572930408,1.1353053936391855,-0.9526929989249859,-2.8681176960601817,0.7629278826442749,-0.30132841258382154,-0.3477858763885195,0.45432042959212104,0.7329778698075895,-0.5009656994169912,0.6322091212730513,0.6711299010827823,-2.194540281861357,0.4988622080080864,6.933144973982483,-1.9428760576594888,-1.8501101634503136
0.3237095886075506,0.2504291682599833,0.21739333505187128,-0.16241475290901525,-0.0678069345749153,1.0947566289771318,-0.9748778244465739,0.1408056902523799,0.6209738442322044,-0.8916200460671202,-0.20943610641163757,1.6495855771035535,-0.021378463258922915,0.23332308035713445,-1.1399426589140296,-0.0005289857974997242,-0.06253024481564541,-2.685056241095684,0.8605618208989082,0.9611148744871846,0.23207473658886354,-0.13746938123007535,-0.9674064005712534,-0.5572812205167104,-1.9067704672627208,3.2229686005530045,-1.8994658329861227,2.0188424008358856
0.9457933468486277,-0.07546677769468585,1.139530450990125,-0.01694642590515484,0.06736650111125254,-1.7671640702979692,0.2603055233083771,0.8357826999914988,-0.2526405008419357,1.2437598488326613,0.46868556592994437,0.43719352637797904,0.9652297187970285,2.433702123144712,-0.6184634611511299,-0.16724899218582645,0.8042594847240806,-0.7795024823850304,0.12973543385854347,0.3840380643913916,0.2845551047762777,1.149828314257506,-1.7416338263230644,-0.8260309855303876,0.6472865699271143,-1.235628490940728,-6.542415061899666,11.720872997913391
