x0,x1,x2,x3,x4,x5,x6,x7,x8,x9,x10,x11,x12,x13,x14,x15,x16,x17,x18,y0,y1,y2,y3,y4,y5,y6,y7,y8
-0.09694519799974519,0.5019243085654329,1.111876437543709,1.2025549115546827,1.0695514118200715,0.23451853453693466,0.6202364642295847,0.10672670208088468,0.6637159236160106,-0.5363517161000222,-1.0921723562402408,-1.06859821099724,0.5775624423562926,0.27010459211824805,-1.6065787720147662,-0.4022524583251625,1.2206218725318159,-0.008600529315951667,0.553467544207028,-2.0848257094963722,4.50668313149194,-1.402454114946896,-7.083571681921796,1.0500801539106386,-1.4793231112405085,-4.524205190006887,-1.2026586894469509,-3.389996284137712
0.3839817888095023,-0.32877442206382085,-0.33127906093163095,-0.8687554214788645,-1.4870116837145904,-1.4488493444347015,1.1810970826492941,0.45281058382621936,-0.0011304399776295034,0.5748602212066879,-0.029722827962858828,0.22312141085129833,0.4116229432498023,-0.9320269814993586,-0.2134473077412711,-0.5572931051453502,-2.1604805241320917,0.1861759033014057,-0.8641974557315909,1.073214657658829,-1.5740399733480488,1.2977976198192385,6.726180976186361,-0.9483403263923829,-1.6016031531235035,5.092951097609533,0.7254872165719515,-2.4400525940794666
-2.221055014640347,-1.3989675625898041,0.9006599239567618,0.06246534551599716,0.5072687508322109,0.002686209336134978,-0.6113813472492264,-0.6898912118731907,-0.4570385175262143,2.8468884908153034,0.9514917761753873,-0.09900704702719672,-0.35364198193609336,0.9099557754151056,-0.32595959429659416,-0.6708444495543245,-0.46856367156165607,-0.5520649395581958,1.0333123095765442,-1.516540839359222,1.3848071412673388,9.661698730785089,1.4178074901011792,2.4463284698088383,-3.65289295341376,-6.40678690654486,-2.5039146303727495,-3.55546030557886
-0.21751195398829506,1.4624622022435547,-0.7904724966851402,0.46412907005819537,0.6720740993056482,1.7745393911717608,0.3470592116735369,-1.1771549165210866,0.5357028583685014,-1.3033098179908784,0.7040337837659977,0.024668541575591695,0.0926107481885011,-0.14484744937627322,-0.17772490508508565,0.780817215366995,-1.9975337449414148,-0.9102874060720996,-1.683488383858296,-3.0225947628250864,-1.4066070295652093,0.4032006866912394,0.14823135080944388,-0.6380467006599825,2.216847969118535,-2.234286265404993,5.26382946166309,-3.935303184573956
-0.6673442461419855,-0.20760156128101043,0.9992714820385534,1.94355034608672,-1.2531581510718657,-2.0051897972841424,-1.4022421790233588,-1.7285813325700448,0.16884983004879386,1.0718726209766711,-1.6099771404366858,-1.25291726205119,-0.35037071241553386,1.6252767909852481,-0.22953927601054946,-0.2221734607722639,2.2610444474623406,0.04133326075614471,0.8270201229870895,3.538616180069214,2.789984721937826,-2.721131692483844,-4.118213409899346,0.9330378614057598,-5.541160004334265,-3.782330351060254,1.7862130221142993,8.15827539979082
1.832498230488091,-1.5117639098752451,-0.2933577718514736,0.11225027645907783,-0.18200798382251945,-0.6765828510918719,0.3077182208236443,0.9333011849762454,-0.8965844784662543,-0.5606722726037012,0.2342247443398131,-2.9372872130599896,2.1519270417295466,0.0979645930357341,-0.07500426764192304,-0.7099788000274466,-0.5873862687870925,1.118736591356323,0.949878569129843,-1.585207796348135,0.5118234743922687,-1.3555612115598665,5.8662424933085555,-1.9572822431903054,3.8433618020705476,0.39660476560164054,4.87844687222934,-7.052506218269339
0.8076050306365761,-0.7810634893349909,-0.09033866609300056,1.1177635011656388,-0.18384445758991852,-1.0488968114711577,0.3148985676140943,0.2798767154884198,-0.4935271199207057,-0.858049855651831,0.25988244495332247,-0.7704635822091743,-0.4469968823772344,-0.6706049656715172,-0.5087440421505673,-0.3791346147126239,1.177288001815588,1.4491695417782362,0.16071170199521073,-0.46542473855930994,2.998972312079818,-0.7241222103174341,-2.9264501587271687,-0.4320974631178385,-0.4536232504662808,3.563098300421444,-0.6429005138256634,-1.9000197654601145
-0.8279614650476684,1.0240423908304415,-1.6119462500024522,-0.7383985515335006,-0.9152796704261108,-0.024891683026900976,-2.976738094727266,-0.30479148826371816,-0.24596037778215404,0.9214111514368073,-1.333150515634894,-0.2435750918565403,0.13953026833851526,1.3761305982918737,0.9633834381771443,-0.9448837846395924,-0.8928090586135947,-0.3592919340778359,1.35862709772324,4.997934584665941,-4.6024074550929015,-6.312422562683735,7.6602382068518775,1.8960238184754001,-1.7357497751482702,-4.083484225357167,3.9058138601394563,9.189357990171647
-0.35095832017633166,1.1172013733563062,-0.7147830492680916,-1.2247065504803296,-1.4742770648321284,0.01319518068279582,1.3723921827934729,-1.50553800499445,-0.4112312344015182,1.3787979711520228,0.34024780085295075,-0.1902141486555093,-0.24585667114117457,-0.25393541704760836,-1.552398281634726,1.0609226069668598,1.1503947145951416,-0.6759914387537066,0.9164315622669545,-6.4486073833290956,-1.1407199659252285,-5.755594858255978,1.0080304524896315,-3.533395368587967,-1.0507027059159313,2.562935465474151,9.017086753222225,2.666119436837544
1.2331075563242693,0.3043940748709762,0.5320879347561629,-0.7451789870291403,0.10466151126063324,-1.3819490866546544,-1.0993614277802286,1.103321503839566,1.0712865550949886,-0.5946610296196653,-1.652547789001729,1.9323886029117112,-0.08585563215884894,-0.34934976901437736,0.8795883453931782,-0.13658483168626365,-0.6012800283732765,0.9789357366979702,-0.575814423325066,9.870781627418653,-0.7298727771081625,-2.839916191784154,-0.20828770215692213,2.1341464637751493,-0.9247758914290191,2.718967794539808,-8.472220083524482,6.734726862539777
-0.5812711734248551,0.9687255394448473,0.6510580008053982,0.33266433715542354,-0.7785773170797493,1.3750978633352464,-0.5702647077703802,-0.24482482936932093,-0.7011452259991425,0.5082523154695737,-0.9921549340810637,-0.883356324535398,-0.5053895481499795,1.196451282247166,-0.498931980069353,0.8311615143930209,-0.20713367386234308,0.45780100853560685,-0.2603776547542927,-0.4319616592210071,1.4057876636587603,-3.916306924705395,1.9095636352830072,3.1444642619880923,1.1982615926778053,-2.5023992245165707,2.834121071511381,-0.7987854044714975
0.9848242520748915,2.848404385834515,-0.28289428158099983,1.0607760407718192,0.8280953904433838,-1.4658125616244677,-0.6685461952192685,0.2738761297113183,-0.022424463171835787,-0.21268767370261235,-1.0286256834156497,-0.6102055359413374,-0.5611636947629587,-1.7943158751553174,-1.1436659941769347,-0.2031211674518865,-0.17881373239108497,1.1851574728902645,1.1495880869001616,5.181440039816637,1.2621011852033623,-4.305190330366726,-0.5358534029440789,-1.607431279982464,-1.1645974649221682,7.248840828088528,4.360770655025515,2.780262349104986
-1.358149550642811,1.3775567269883953,-1.006501550682839,0.7722237267536456,0.7576075198887113,0.9465155535551835,0.7839255999833772,-0.8204810978021987,-0.39956785956268975,-0.12765229608203357,0.027290808190552438,-0.3202383261612672,1.281380562839035,2.7595524963949654,0.5761831703985388,-0.6562513666302929,0.24549670775525004,0.46196066463249735,0.8094457850943373,-8.964961982596547,-3.8070275650917704,-0.32515819182603833,-0.789366257274372,-3.9797159595309455,3.9280318799158724,-5.449400601009901,0.6391190381424371,3.961379813843109
-0.6733603402252487,0.28516608780726704,-0.013643583545470952,-1.0612024945370737,-1.5175122342190475,0.7887218656375816,0.3101170697105969,-1.6922524290297536,0.13344534098363786,-0.13610337728450533,-0.5747446958847687,0.6516508771679992,-0.3540417686252693,-0.4866661441367635,-0.3719813068042017,-0.9054658021717522,0.1675140862847629,-0.06553444423935581,0.6239675520810353,-1.4072226687128224,2.753725257988456,-5.221471829319137,0.8735389441846527,4.240408069535732,-0.7030743730774566,-3.7119482065969738,-0.4163551675263683,2.534674313955574
-1.8910962573995291,-0.6923180800276459,-0.37688085039241614,1.287371630977366,-0.3725143313253433,0.18138670747157473,-0.6777655247408583,-0.7029334380446475,0.7926172690422952,0.0877447383463353,0.7505255622185453,-0.20784838867866973,0.5968629373097377,-1.3935000892337839,-1.825550725160538,-0.8870824018457756,-0.33007100499682734,-0.6158808418918832,3.1125470895318026,2.7424813679430633,7.6835920871206,1.970829891277583,-3.256083777094996,0.2282115383658403,-9.161672087538205,-7.884035937535824,6.194452773217184,-3.6630864556842795
1.9291764177808517,1.8110926770576874,-1.8936178184302688,-0.8742381403048175,-1.7796211007839604,0.7699508841090869,0.44798015871345925,1.1886681568374595,-0.08181528190911051,0.10375460100043174,-0.3574785182240842,0.1914213095087517,0.32462021287487686,0.7337550583830703,0.5497699913646072,1.3055290577743743,-1.5885279950367073,-0.32482893673323276,0.5819057041055882,-1.4582051517859609,-4.996551589064266,-10.256981900543632,5.6066190704247205,-5.301472602196847,2.903652737476248,7.985090942459524,7.589021545253088,4.962040859635441
-1.4824422875899237,1.2673395856362617,0.7664621651663619,0.2642943060716919,-1.5457424608258545,-1.3152018423446155,1.8080591338567826,0.5450747727804325,0.3826646022393545,-0.14532386285501475,-1.549681041028024,1.330583871510584,0.9282173783018385,-1.9480326611180678,-0.061677410707455776,1.0978928712338523,0.6906535322789817,1.7478878163770568,0.012490619423353161,6.443490667189309,0.3807281793970194,-2.4554408083070465,-2.9737952552653004,-3.701042802817361,-4.1602543790779825,4.934294324722532,1.489218350357646,5.637397544523091
-0.4845075416460522,1.0584900939975144,-1.1094282307636854,-0.9248216352174584,0.7586747334506756,0.06392124992119433,0.5423569896146211,0.2051103241133715,-0.46292765346155423,0.1555127825117675,2.2881581080778624,0.6643313132898035,0.6940113206309819,2.0140688341894064,0.403571904297813,0.04182710268833259,-0.9347709426654168,0.015506799915259033,-0.521989011328817,-7.362133648343847,-6.187992009624891,4.442996352654108,6.79485729119599,-6.065906362637036,4.01277843831392,-0.04640645860333985,2.0519836656616364,0.3534081447882117
-0.09590523188167883,-0.5861061923712759,0.282737434211928,-1.6142592189390643,0.4495643873850905,-1.08020118641097,1.7697232157116622,1.8839559744238314,0.991392370089802,0.5772121421836773,-0.11356681777795323,-0.29171983617169917,-1.9593696718454094,1.7375326878342012,0.3359502367741792,0.4048690521866604,-0.28367871028022373,-0.10753959974509263,-0.3368828099240724,-7.0489746075460555,-4.154156080391391,5.518677373930354,-3.7938602933238847,-1.4753714680143917,4.12697448483694,4.496471248733944,-5.798007748354206,-3.3992179837782097
-2.059631169441475,-0.7840733735577404,-0.05626364994327775,0.40090764379704635,2.1264910077077097,-0.10314410485423099,0.9850617047773749,-0.3978626691453355,-0.012964743795576958,0.2717353077078607,0.5562752243133889,-0.3912597074575125,-0.7759009024547835,0.970638822808053,0.3334545682372291,0.5152652240411465,0.4263702489657629,-1.561177251348995,1.3944060734990227,-5.679946780336999,-1.947045601879953,11.612861979215959,-7.457646397528509,-4.093629311566975,2.4172890163484433,-0.9385236081136085,-0.8192781923560938,-2.120197394542212
-0.42034433960071854,0.15045443142203876,-0.16173949488117806,0.9142311031039863,-1.2881253495861407,0.387742884486471,-1.1622094939727248,0.2859572098271938,-0.8155035048745168,-0.9797692518893784,1.7446538623176024,0.8034058985940931,-1.1072300693482857,-0.31329655952941626,0.8213396792738487,1.0915844764377807,-1.507208177366826,1.5065278232991222,0.7591262048788202,5.470899747764225,3.5521926028237694,2.5290003292389667,4.965767661434653,-0.6547209368864424,0.531308694247177,3.2493665275203005,4.637771725388733,-0.7935067227908231
-1.078399811484389,0.5626844216014617,1.164134011795488,-0.025118922396290915,-0.18458453732933977,0.6706304578769839,0.2619999807302171,-0.44532264010356065,0.07782582761922291,-0.5778483924663956,-1.489305941299513,-1.427031413521254,0.17723065861316897,0.5112309370730097,0.9751582987371329,0.2915033510078933,1.3719163315423815,-0.5621724989455652,-0.4172709140276833,-0.1637627510489325,-1.0642993600184307,-1.36068943528968,-1.8946317835827553,1.3354548991149673,3.3341783229356188,-3.0870195430091374,2.0721696682235886,1.4988739949787404
-0.27688487190696115,0.025464403248881568,0.7370977492656099,0.08296183947401783,-0.16704107206492452,0.40382269781754143,0.059846591722804814,0.9829139706098361,-0.22553145628229834,0.11491250913767384,0.39836044959112304,0.5257861919920455,-0.398165957945049,-0.15837990804732083,-0.3607837051281849,0.4968167811778964,1.2833305829257644,-0.05156960571950594,0.4520946792126737,0.5028945313292985,2.2679904948498972,0.33271014001447263,-1.533806203868176,-0.05284764902647848,-1.5151153291565145,1.1049701033386186,-0.6855972405577013,-0.26477311469377984
0.16148098100284494,0.8964207627858757,-1.3428390932088579,0.2736997544664465,-0.663299691436103,-0.747079546028182,0.1139733132570868,1.2770175340194132,-0.6080893013343591,0.6297971877395131,1.4175690746509115,0.2506208650029168,-1.0438071097093724,-0.009209656486488329,1.917761926644573,-0.9030280313138946,-0.7590341423608651,0.1576284908470525,0.7510399465379045,-1.2965765494915427,-4.380300916972764,2.641268327409816,5.859094950145276,-4.101450859552294,1.9540673655175362,8.588492723865535,1.6460372732341408,3.9914680078046696
-0.39615012839723635,1.2190836409990795,-0.5550194429010303,-1.3372917144012342,0.4895595314380641,-0.035062522981389226,-0.9129690014027276,0.7052632703342417,0.8097284920868597,-0.25105080738822383,0.47576905045630236,-2.841269401034743,0.2826956300046856,-0.2762070209991804,-0.5834579495952081,-1.5627730007687948,0.2506410647943702,0.14518365483106835,2.0169080494327116,-2.6862565722430314,-1.1204492831118031,-3.3546156948066375,4.429486914000023,0.5671359149471058,1.616839261129431,-5.213388740249353,8.482419818373513,-3.950766996845104
0.3592043465994241,-0.9305043852993861,-0.6548897566788613,0.8193244987526483,1.524301603705639,-0.2557004210949011,0.25155248996844864,-0.5176431586350322,0.4653975551279254,0.04769519534776971,-0.0783096047294385,-1.9728393361003826,0.488669629169888,-0.6434122193020098,0.7247398955303608,0.14316333737501782,1.7436284431168274,0.2406858408405169,-0.9234710792743556,-2.8404682662115404,-4.351934642739456,-0.17208330114276596,-7.533274880929387,-1.2645217725243278,1.4775570194748282,-1.5799414647675356,1.114106882533381,-1.3918743810568732
0.3840120445913524,0.6651281140089195,0.19823269679435876,-0.2831994057472934,0.5520949550009039,0.6021232208990037,0.47878722301596893,0.44235566825831024,0.9734987194334455,1.3377048430947558,-0.028967395913151187,0.9401669192567711,-1.7210043437052178,0.12612831206699823,2.2791100803391515,1.475748401027682,-0.0309426070002327,1.5149827827322044,-0.9072527456668753,0.07976639231264505,-4.944210149998079,-0.48987938491065985,-6.1908869864745775,0.17768522039820828,4.129426375730737,4.260191443834767,-5.228294018597199,4.183895850536543
-0.888172984875688,-0.044811100668586325,-1.6536481134782581,1.6250204099936962,0.4708120505037432,-1.2618812583189416,1.5145193689440746,0.3452168940896738,1.3925102915409924,0.00856872595598333,-0.6671736257809546,-1.6290408908753946,-2.032351359628594,-0.3294742686056638,0.04636774156850214,-0.4509393185737622,0.9103892011331103,0.14988057054102083,0.9791774640763629,-6.29397433996649,-2.6020087630873094,1.3525223072106578,-13.481206849776301,-3.294781372411869,-1.848853475365664,4.045250078727121,0.9092987790486391,-0.20876663373691634
-0.5208835050333238,-0.9303370125464019,-0.6397469177989631,0.061213251966045414,-1.5569456807111846,-0.6435128053734239,-0.31676151765586724,-0.8892091768386645,0.9721864518511355,0.35946610563308107,0.7847728454007784,0.7492310779777406,0.043126464951734986,0.7048780188860108,0.798703790432131,1.2186262410187332,-1.1523424361110683,-0.6591359094608423,1.533343643610587,3.160344650629809,0.19614165663205613,1.3806430686563584,-0.2568740140340461,-3.962191231147799,-2.676416019570946,-1.101146792981898,5.600093291060451,4.035080507622883
-1.1067746546669308,1.5590156250270433,-0.7016041150946252,0.6250918784630048,-1.8896382226344972,1.237691227429501,-0.2641326579702188,-1.0453970753135322,0.008987407977544572,-0.18637021703846363,-1.0903143435324916,0.622549499118358,1.0668272540949397,-1.8947647309402562,-1.3259077714257619,-1.4006604344268043,-0.47323262786036013,2.116580161327003,-0.9445188104604026,2.6656966252991943,3.1447286900911324,-10.865325933319037,2.868952493017516,5.825993894735276,-6.572252699110858,-5.968537157425268,1.7435631139143133,1.2383111162359683
-0.22255657324998002,0.41348601461099216,0.581365842109263,1.7050093400591129,-0.46103223475368216,0.05522324757613739,-0.3835407221138954,0.9424769809608893,0.9101850862351939,-0.219438370206964,-1.1476418124411716,1.4732443079407758,2.175675398646956,-0.5902896544963369,1.1056596356065747,-0.030496316217362075,2.0538903510781608,-1.750139472322042,0.14400963521025753,8.107442529587107,-0.06978283871786328,-3.4077701112198953,-4.2325169889641385,-3.1290977933004522,-7.018314248593984,-1.4363972733989112,-0.9266700052981959,9.80125400340087
-0.8211693989474583,0.9047497214392286,1.0754384977925922,0.020607314282784537,-1.1780598098334247,1.3691999277967624,-1.5883280146941516,-0.3834750398535826,-0.9321046017973795,-1.5794402043419036,-1.0546483955564099,-1.2448607985625448,0.8825482324619548,0.4368698771156372,0.5629775163511498,0.7809930803937739,1.3215046680843656,-0.8981708530692828,-0.1311753349851303,5.542836898507538,1.2976040461058513,-4.9839796755997705,5.41013618817014,1.878845415843676,2.2422052767853917,-4.38923559835033,7.964280500671969,2.446519132593874
0.18995472520362316,-1.110014657849816,1.318050318910336,-0.23441395935654857,-0.32433822387455474,-1.6502749689197798,1.3510712956763438,0.04548575458359213,-1.7268176249699982,-1.2024261387915134,1.2457851719688764,0.597519367074575,-1.8943181391782642,1.566734640426872,-1.7968817199810008,-0.19324859579655343,-0.10495352754782021,1.111360771559479,-1.7172060316556077,-6.532054354919182,4.94996179371043,9.053692062942776,3.6488952941115578,1.0769979236581813,3.0938522953349015,5.509727702609226,-7.19063418535201,-7.174067872240848
0.38120932057558515,-1.168981609451367,0.37143913954817814,1.995428538281498,0.8170129851232807,-1.7807486405169313,-0.19443483501891187,-0.609929398661252,0.005605441705911981,0.47972488188089357,0.4931691970070451,-0.516956936761833,-0.32369035730741186,-1.2476017670575097,-0.5264375695805258,0.20106965299838067,-0.7490086459273423,-0.29169135412263325,0.3262128818514319,4.136679474544584,3.3903767609600606,7.696088176596233,-3.2989880436571517,-1.7420791144004508,-3.8134762078274402,3.220400982739021,0.897764295749649,-3.6356487668403616
-0.750199200232065,0.7342295996435191,1.0835719810141102,-0.6271646402372598,-0.6469689844474331,1.2499870039693495,-0.9769226498989462,-0.32173320090258617,0.5915606456884245,-1.0834216995469366,0.7593137130476628,-0.709504980554186,-0.4327038709857082,-0.5558299111607521,-0.24543985025712373,-1.115656806551867,0.20683675115802175,0.5233954581558817,1.6997372505818993,1.517026716248725,6.6367987638097174,-2.5190501104840606,2.998832091641045,5.133704482982895,0.7470332758758469,-7.131467594664168,3.356985095917865,-3.0904276000303046
0.8353332167660196,3.1456710923388647,-0.3832920385089929,0.5503847641333235,1.6053715152409214,0.11047412326166665,-1.8946825986522557,-0.15963009526748295,-0.5462855167805665,0.7616319639128096,0.2645310021018152,1.819681567778111,0.24044886306106344,0.7465472595380442,-0.045137079727920755,-1.4617360251011,-0.38247197686068407,1.0537489159570703,0.44845726027188176,2.1267207861384776,-0.8966126709855105,-3.2968910461960674,5.3593474494665285,0.41135530205486176,0.011578191174065167,0.37827004485957627,-4.7606551381851325,8.39058967196617
0.7771279773349882,-1.3806875575974402,1.028907954836085,1.4260343961067385,0.5669870593289961,-0.3538130828362153,-1.3388857862872907,0.03800605303975032,-0.17680960334381937,1.2247058234542072,1.8723299693849542,1.4603918777709335,-0.9666396649149378,0.4966874813215988,-2.461168503311265,-1.4667477083754177,-1.2998020524550797,-0.5433206023564755,0.12897925334291496,0.2972512433356731,9.432448746436668,6.975650914737628,1.920083467198218,4.976051611741622,-8.003332029901138,-3.315640528034504,-7.645613185035525,-6.991100257169104
0.34240816768839544,-0.03911705480367188,-0.4361489491857634,1.1821313080410536,0.6211242806615355,-1.070778004220254,-2.0816773719276833,-0.06478389580830846,0.6605169709662754,-1.2434538589246402,-0.2832336390072794,1.5125349434663649,0.4813495637303871,0.8771224594327188,0.11392113020197538,0.14760365687184665,0.6788798560107963,0.2381916534835128,0.8030451568284352,7.309634778819953,1.4801158065739217,-1.3831527363472504,-3.5609809565450465,-1.9322407246199365,-4.011788723439112,-2.499285806062362,-2.4450432394123323,7.8722185734090155
0.011323330804507202,-0.3224628428019877,0.006649023870059509,-0.2815785377815626,-0.14205408881927478,-1.8098637103942574,-0.09306457401645814,-1.887017993390687,1.1170823797806506,0.6184686214968316,-1.5589224889008666,0.5035934671801061,0.7713465648937656,-0.271952156394722,-0.877488214673409,1.7243180597858294,1.2227712217686746,-0.8493854086802199,0.6186751591511794,4.447727349719116,-0.8652825420747932,-3.2039377343489406,-7.08027247547428,-3.4151319963150613,-4.669527353576417,-0.8523726125582846,3.4495256133731305,7.609413309559151
1.4415707324297489,0.571934356444802,-0.6321323547391899,-0.5483362141034036,1.3235282687103835,1.237364242939684,2.0103112007531645,2.2649547479572183,2.9172940378917334,-1.5626846844112336,-0.7051403196905097,-0.2242863074431706,-0.2982793733425815,-0.12230264323426565,0.43349727368042296,1.87131364172022,-1.3824948594647675,-0.1646101596868055,-1.6736305455000609,-3.635587728703322,-4.6973823722035615,-2.9756326329965805,-10.953869583645448,-2.697766419176551,3.934053428448229,1.9407216666894218,-1.1794939813705791,-5.9078381282602495
0.8127176279851149,0.7880188490857689,0.9044716502554859,-0.6887268855040707,0.7867755614067716,-1.669786160243481,-0.6018485332655892,-0.9522305676808426,1.0260429646835265,-0.2643363861464718,0.102952041436642,-0.9676983530636197,-0.6196808898985744,1.7857460816654365,0.03012275788102635,1.0479814269045882,0.04934263972426112,-0.029777148173233955,-0.8250951932116636,-0.22373725428008334,-2.241841327409402,1.5071488499114594,0.33551261601867527,-1.8719233750299644,3.973232298895255,-0.5508615499655035,2.5390279845783854,1.4481973860504864
-0.5457269387255671,-0.5246663406711151,0.4872206418318654,0.2705280342347016,-0.08995127652311619,0.07932087023119014,0.20614854162288923,1.119192322552042,-0.18161021076772318,-1.0272777175097556,1.1287974681485153,1.4229771388896222,-0.010617176018825501,0.2727801311501979,-0.39756722013201057,-0.14393982343291886,1.7214880814528284,0.5073973015862796,-1.3961205609433367,-1.0663708223017268,1.596073807118439,2.175553667348138,-1.1183946535453144,0.06301166720648055,-2.461220931130196,-1.071710220648013,-4.910483194691344,-0.6277854903135585
-0.8721630537091717,0.9065913826810217,0.16284560381865484,-0.9577718800933217,-0.20842258955177786,-0.9359747320511194,0.15296187092360686,-1.7722194953908188,-0.4213482805704205,-0.0929380874776764,0.8890004563113182,0.027519515551277993,-0.8154263482003928,-1.5447295179983827,0.33461650749651206,1.3346201356421785,0.6264769481136936,0.12799061901835387,0.31193285461340875,2.038705230020647,-1.1717030510794095,2.3314856500522874,1.7995833652586173,-2.9982203883183454,2.423348296938497,4.137509914938407,7.49045180073143,2.9585357398619894
-0.7183174381653885,1.4981892614399972,-1.0198154801197088,-0.683234517675551,0.5550897883129203,0.047246873765621096,1.1654684603451513,-1.156091160511736,-2.423854537034353,0.17419187989044713,-2.017343944827007,1.0270397550492627,0.34305383765542063,-0.4762183390365941,0.8608959894455002,0.7937657693227356,0.5891614612293966,0.8230868284214063,-0.21622448941737946,-0.8085784728253018,-6.193510172413423,-2.406178352336122,0.40453951427615875,-3.144805070117723,6.079590433104011,8.328705346092645,-1.896617845328521,9.226548684968032
0.17202767452075357,-2.741783493376346,-1.8951789513039234,1.47555024052441,-1.0465413472758,-0.04193956399889689,-0.06164229994022967,1.3006393832798617,1.432762692899245,-1.3785842894691116,-1.2536129255618853,0.5827324956466277,-0.7605998182881227,0.8471427396818977,1.5368506794695613,-1.3170836076701573,0.7902980321945974,-0.46970832270398255,0.9249005023687051,-0.26557264742644704,-0.12140358287950215,-3.31246655049879,-11.680343995109423,1.215400240334302,-4.250440500436061,-1.6814403715147221,-8.283852032133032,4.559146547835418
-0.7370373736962998,0.607449230616423,-0.3716261494415241,-0.11754046659434766,-0.8019288817803456,-0.01818906836682243,-0.84919521342734,-1.1361517667180532,0.043548246738326364,-0.2229334511655647,-0.7460214421885475,-2.4132005682953377,-0.29161619714681797,-1.6194789547965032,0.09468952471943251,1.3931190910670446,-1.541022212970465,-0.7223308118727784,-0.39352219633614743,5.24556824908652,-1.9238816660910405,-0.8447244326298016,3.497408905661258,0.03525644167355355,0.5370958634040193,0.6392038473139042,13.593339680066986,-3.3792640191762917
1.3719060471821773,-0.1150450772161245,0.5012075000834464,1.261515848091484,-0.15902788458616682,0.1462795173538632,0.4844023250928872,0.9764129630061592,0.9622494407095703,-0.43885137935784063,-0.5992880847007083,-2.1476047701608043,-1.1070506901437318,-0.3941707720077387,-0.1064505864126087,-1.6099154394381172,0.8324713809817283,0.12445554339048928,0.8335167619263724,-2.905637376782326,4.296342565739056,-3.6782299687799322,-5.5889050698099725,3.5201705906056002,0.37584846244249165,0.4700844514848312,-1.6354500932850369,-4.177212433179711
-0.9554321669252128,0.8862275354654368,1.3310187745050701,0.3416769299201827,-1.1189804148748759,-0.46204082496916066,-0.3410387878798748,-0.2751206495818171,1.0953994452639113,-0.15141974961211288,-0.9652834728561839,0.8998187577824287,0.09151781675160327,1.656745648509204,0.6555114476433507,0.3948182106532306,0.973397307804912,-0.3528940198620249,1.3954963366307338,3.873930888140789,2.3560922907520623,-1.8422838245635844,-2.52297245251695,-0.9765200533346937,-1.80083728550859,-3.4837302324439614,-0.0009951754763214277,8.46340311627055
-0.9072119087880566,1.3542024039789862,-0.08883344744551631,0.4857334469753159,-1.8351446010819203,-0.8648442446795751,0.6585407062399901,1.835080523986942,0.6448520152848306,-1.200449013554147,-0.639509836685277,0.5422790788139462,-1.0511850962342728,-0.2831255909096863,-0.683290691652996,-0.027090946714392675,1.7917475610002709,0.5458063211697459,0.44028675833170805,0.9576773769729441,1.411596188510666,-4.640830617296611,-3.073554560726095,-1.9953057327567183,-4.638570125886786,4.242834875552616,1.767735653818879,3.8986251467988033
0.5145340456588758,-0.6355989320413251,0.6468831257647262,0.4256047728473885,-0.25724455590325157,-0.14739974094128908,-1.439769136820629,0.38116795620270777,0.6523713233688262,-0.8764324358230859,-0.0418783971396614,0.38315044309629703,-1.7104205647117157,2.1672162560033374,-0.5027802619861969,-0.3693521426056274,-0.42435044644888675,0.4201395420037779,0.1352131485312365,0.7137076839045593,4.8087673313043675,0.2121952201044359,-1.4828080738666836,4.577176826133385,-0.6463182900191009,-3.372262089020585,-5.731092635590705,-1.00461370334401
0.04377802318224017,1.1919918803077065,0.05368586425119528,0.13992451329285824,-0.619382093259291,0.7109028442763129,1.6657051923007404,0.5225829705376052,0.8530170089778002,0.3200167069810062,0.19573674977626082,-0.7712804049837627,-1.6061533228157208,0.3661192880754265,0.9239853797086909,-0.48716306228084844,-0.2050783683717981,1.3496501448263438,2.4445340834760207,-5.868280113236962,1.7866264257731772,-2.581989762500703,-4.356765880929292,-0.35086269309967777,4.68286517804746,2.6385887414189124,0.22160976486082337,-0.04255243947635714
2.047172603831876,-0.10198091412939793,1.0085827894780521,0.8153167205593298,-1.440441941129904,1.4878853882919116,0.038842817055681336,-0.5001083164063846,-0.6395508421927057,-0.5207097191178448,0.7264451997408921,2.104679120027915,-0.5757074452849414,0.29614607028952655,-0.5729047041193546,1.3848109114831444,-0.43194509489029714,0.2210768793423399,-1.6859786159057302,1.2268825627786735,6.053269532329863,-4.143063230770633,1.4022540621756923,2.625053063608199,-0.2357757518324677,2.8534208212122683,-3.076506439467852,-0.3135944496828847
0.16678209182321446,0.6536026837047887,-1.1597097013060784,0.01690648998280534,0.39421840635850797,-0.6805435887647976,1.969303147209477,-0.6542462740566375,-0.1394149272567502,0.11018849772828762,2.873117975639157,2.0340692838020935,0.10888331169596173,-1.6915469969806864,-0.2925915461660398,-0.25553787319092824,0.5784883065729385,0.12724484042944909,1.2317015341758237,-5.125918266156764,0.17052434127709137,3.609924208929141,-1.2039303379848005,-7.284737457559489,-0.6312240467467376,6.5919058439337785,1.4993145503979906,2.5583936223383743
-0.25711379696417175,-0.13996923134762448,-0.3594637330374052,0.13209865012023878,-2.3045286096731,0.35039310793813283,-0.665179103647702,0.6052057481832611,0.8893310040544642,1.2691013371785325,0.04868970118736691,0.756651227180635,-0.9631323626018088,-1.429640536080158,-0.7376983970659955,0.0323049100935355,1.5400133966944465,1.3437485053781892,-0.8711019345100851,2.5395248913400934,1.2482596928021688,-9.277725938860515,-2.358386142110736,4.303036932816883,-9.14382337724627,-1.6679935997781852,0.37879453088669424,2.028935200439576
-1.4730660210687128,0.3352397761177411,-0.6922828914191526,-0.9351115337572933,0.9397376541346901,0.30729201662072436,1.026085051356917,1.5439723853005856,0.7858063492778672,2.1904381808949136,-1.3439788487359658,0.21240483261773405,0.06953593146473964,2.224751585118492,-0.2827308221524666,1.2673483869059887,-0.4880215606153266,0.1310146724453564,-0.43124528524657546,-5.620572501955905,-7.849799474417781,0.5885472927061883,-5.455991744971142,-2.5343432282506266,-0.347149269705919,-1.8079101098445525,-3.6083946604984622,0.29835642441686466
-0.7670334951162768,-0.1720007500067871,-1.1948982990253623,0.07961723108593759,-0.4593298039554942,1.9632180552707261,0.6854453680053119,-1.6880459224483457,0.09978714331611657,-1.9483299986783877,0.8033398147649228,-1.5545033287906445,-0.40603096010236966,1.2245756238433436,-0.608242208508971,-0.12380993988958143,-0.08867932041639705,0.5954688851086442,0.5610861425447194,-9.902533920081755,2.024902624890024,-3.606102632722472,-2.9995395180026994,1.2615045262805422,4.6105507708915345,-7.145188386887741,5.50937667146232,-5.371615912329846
-0.11527402009526912,-0.10783158462308873,-0.5811355369981663,-0.10648384196771996,-1.567212589191123,-0.34539879216481495,-0.00867895564074818,0.9599960932610812,0.7421162602514777,0.07558196449032357,0.6488356943813618,-0.634391723396347,1.4197374190516352,-0.670053748166975,-2.4206707104971255,1.2489324947212856,-0.4500339850375849,1.7170870795581021,-0.3768561782691259,1.459867375449709,1.6650786113881613,-5.959016005012799,1.828149609371621,-1.8534541328484033,-6.937738427829698,-3.227503174212226,9.066352387030909,-5.849277200475435
-0.8668913948705693,-0.16962062919102908,1.3920145218174593,-1.636042379831975,-0.2879832360782996,-0.9988550990471096,0.21578366994479478,0.19961207131827888,0.3741327237717537,-0.13303576205071796,1.1544753111680424,-1.3166788977242332,1.628431495687015,1.1371898139664238,0.22032942183428023,2.431157783333747,0.6619413839628279,-1.4406361598569177,0.011781425023115664,1.3194169376851166,-3.2402843404224146,5.435362205807967,5.37948273511676,-7.109359148648395,2.4653620037572845,-2.0266785676811137,11.89364775542114,-1.8308426936032953
-0.4825755810599259,0.30175462318853236,-0.6620396819928074,1.1312321914306034,-0.13041448954297155,1.420650424600867,-1.2057858238096273,-0.9066828694709815,-0.6016045587941075,-0.18830311426540852,-0.5220914311048503,0.9799067880999295,0.510712188170059,-0.8697095626102528,-0.6527135453611804,-0.0048375697876495765,0.3865399486025938,-0.6833971245734577,0.6230440169202928,3.608689252184328,3.100213068995979,-4.362674991272918,-1.4994835002798534,1.8954522415341104,-4.436966211477466,-3.2335775122082318,1.2059049754636328,3.2556912140502816
0.29973449128625995,-1.2624838029152325,1.0244879273860807,0.6596853028155604,0.3734415580057315,0.527667796028523,-0.7782646175601203,1.0671046199782959,0.8490434707211749,-0.7932067520947839,2.177649312204481,0.8193369887139581,-1.0954910600487253,-0.28087519766841373,0.6575151995138717,0.08512562137346008,1.4569897749416183,-0.9131014980141863,-0.48635300084693844,1.4129048226831664,3.5370357152891096,5.146434923940152,-3.4076389134797234,1.2384502826453612,-2.106589264362704,-1.660112645416326,-3.1023815070891887,-2.7740822201060946
-0.16579417323303253,0.42744452556244994,-0.2752518882127405,0.09751902073976772,0.6596086456674497,0.04440437886930298,-0.860196550785286,-1.4188753248481771,-1.2423041171473677,-0.48473388746815765,-0.8330925494372808,0.347936492003873,-1.3227175257805726,-0.2996240383982802,1.3953156531242483,3.4454930279754166,-0.32599203786817726,0.7093349675509442,0.2208721249144692,6.333123990116825,-2.47677849481812,1.314572261304428,-3.103485206010184,-3.176643405733563,6.142746873035328,7.251778328965407,4.44677393268475,5.336276133014672
-0.6741418940371493,0.20105757270025537,1.1256820067115938,-0.45124197626600754,0.30310863382835734,-1.648576241808916,0.4543630657149069,1.0522637140141402,-0.6764074242922454,-0.17539734689451364,0.06777177269518811,0.10217954874230688,-0.529890585552279,1.7963096956749378,-0.762518006464143,-0.18381828106345074,-0.5759787903465807,-0.07538145799464689,1.0774346829226913,-1.3252667800944726,1.7582904488112319,7.894413157684053,3.64382771827381,-2.4938868366330382,2.0053744499052355,2.9723800186835034,-2.3205789369715344,-1.8231660797600155
-0.4787668193699749,-1.4644102908481906,-0.5761436349730251,0.5036922315712128,-1.4207296144026251,0.7540631396955522,0.12713366158985034,1.6700198502584342,-0.46155222589798095,-2.1232645857228207,0.5827685301258501,-1.3429154384550464,-0.45883381338936957,1.3629032583833658,-0.27706887687334525,0.15765024063050795,0.4607727817800987,0.6117976018377866,0.2527125096657316,-3.7596396520551028,2.331047829169945,-0.704372783395577,-0.16387338105739818,-0.01788466779314429,0.7444256294778515,-1.6046190117848944,3.0931308956503685,-6.438281870733871
-0.8591760473435611,-0.8447471259316716,0.7185466915713747,0.7921026314944541,0.2958524018130941,0.029850774188115575,0.18447777846932012,-2.871174824676956,-1.3278147197539927,0.14260446993774603,-0.6516187233514147,-0.8268135498387158,-1.4763767670523704,0.5108778156128838,-1.4865765133473319,-0.7598859738978355,-0.717126157232193,1.332501345156587,0.37442295626763955,-4.05183150833722,6.988904630697331,3.508582556979028,-2.528028223490855,6.185103382282901,2.0728271072901547,-3.533857265311043,-3.887045113531495,-4.996861002466575
1.5943709321178556,-1.6273051964206189,-0.8488975347697157,0.9051739716977447,0.11971418015097841,0.4709899228573609,1.5965181746573502,0.5496196101575505,-1.0646782620074093,-0.003925444540030243,1.425500335254041,-0.47559120813592526,-0.5787467079833306,0.10069043250842782,0.3453032504158474,0.412834530921214,1.5758175151757896,1.832253505097856,-0.5602867896153648,-8.449009613883687,-0.43288762621724586,-1.1047767338204055,-5.210162947455862,-1.6278710355930408,3.747378080868187,5.457503575420192,-3.40559251451246,-3.7665004587037645
0.08360258264575775,-0.43756741202303234,0.4488899507115602,1.049071086341178,-1.0993208118134987,0.6736837847377193,-0.3681725059806387,-0.6204067193592454,0.13744613277459844,-0.347752118999302,1.4328724587569412,-0.06692013581990948,-0.08796994060237764,0.49025074696434473,-1.1678518669477798,0.15786170739114888,1.3795271697363731,-0.9843717896098844,1.0671855717110499,-1.7891244966923032,6.350198219204719,-1.6961024212058855,-1.196210972419274,-0.26011697171135567,-3.8345251145177297,-4.024162281481836,4.796000833768534,-1.178506160188146
-0.668414533132247,0.513006651104099,-1.8276702470321429,-0.5708555176592598,0.7562264398125645,0.5105553849846263,-0.5764848472351851,0.20031790287958395,-0.2513882817746904,-1.1458936101577928,-0.6076385057808417,-0.4168002590218574,-1.4658524860395665,-0.34808586680092,-1.7803911637100716,-0.38958435197524016,-0.2959746672961706,1.2328552320260737,0.4495442917855017,-3.3023327844832,0.17516764933997556,-3.922116993759458,-3.1394811906663884,2.7613803505905423,0.10047899852857145,-0.8531035521713122,0.035812202680369526,-3.2560356452374766
1.3877844959574046,-0.49282394507764726,-0.04686540836733323,-0.6671275779018705,-0.46570483093139736,-0.9877306115072383,-1.6071641376454215,-1.036865081030131,-0.6916860191670242,-0.8877233708222192,-0.31036271218047917,1.3564308796055022,-1.2570725343032678,1.7834451297546,-1.32842087374693,-0.38246357944805864,-0.5541983168144217,0.0594808883426144,0.5075240669382518,1.5114941284981682,4.516943886015345,-2.02419726857865,3.3764160477893395,3.28494908321657,0.29083741166260335,0.4055118402377733,-5.215042924100825,3.1700295274066272
0.32169373096946424,0.6073333476010199,-0.2783494093378934,-0.631898647375612,-0.851255435905114,-1.5249487178132881,0.5286732139064961,0.485639230193389,-0.19783767012532028,-3.001267703747753,-1.1576385223360355,-0.6042876188783747,0.06381765416914269,0.6886285310727127,0.5925838150013129,-1.736657672305175,0.3279634557225134,0.9290921912320783,-1.644656676692763,-1.1300588631086663,-2.29870312322588,-2.4738419632359117,4.704162498727559,0.7579116197138115,4.599659657331884,2.5617874884728185,-2.9139447332064745,2.23653368777219
0.18729849287412306,0.2383495681953926,-0.37956463061759366,0.6181912993636718,-0.049678953502285364,1.102082969504473,1.3080613228636304,0.40512350844251194,-0.9435786703226201,0.2909286830547438,-0.2231123313111841,-0.6910587789499688,0.5800077190562911,-0.7872870975052237,0.42484085940563354,-0.3439706677155847,1.4796351540185175,0.8546366016365569,-1.8893871287316537,-4.941623832057692,-3.227706251014789,-3.875026142002384,-1.1681630783466483,0.32117533437857676,1.43211746363171,2.033803606399724,-1.5311121044610558,-0.8597697283219734
-0.6086695312017931,0.7859274524649392,-0.9399886833369153,-0.17214985175008976,0.8787314153652213,-0.15365923374793722,0.7137667356655858,1.0740898043340281,0.5562807578022051,0.2698853957466221,-2.076926919670729,-0.3228382381410424,-0.10790738639279876,0.7624291864592854,1.336173216424652,-0.6730730983462063,0.07539071704828265,0.02040929421328226,1.622182628113513,-1.8712738931383928,-4.903327182472285,-1.4150402524888714,-5.486159638637155,-2.030650492777067,3.2413040306522998,1.9183698604684714,-4.198159439819996,5.58788840858232
2.122970428709365,-0.48711229482921514,-0.8799494495593213,-1.8047973480568353,-0.5561795145343555,0.10710955189255238,-0.40669125244337934,1.2911740757586139,0.384054995705188,-0.890144253352394,1.4787255288237657,-0.624624952823611,0.0421124374696674,0.38917255949690543,-0.2311493930619996,0.4512709608063778,-0.23365036260054753,1.3358953044784956,-0.6403364207688201,-2.3513264070915207,-1.9137727967170934,-5.447502387488997,5.0612463799943725,-0.12546533997991022,3.387325430938527,0.7565422284380721,2.6218733821071254,-4.218695864018127
-0.5373029699329935,-0.8005200994676703,0.8864518457087794,0.30397953077682494,0.18653940217379436,0.3239265649725377,0.09316909889674684,-0.583986648163356,-0.12297435721691721,-1.8064143060245264,-0.15127093355413704,1.6014889144191473,-1.0816028322505653,-0.2397115232972747,1.8056304302024708,-0.7118304554266095,-0.2923495495565796,-2.3445472087747903,-2.0604894404343983,2.624782623477796,0.5659730686971596,7.84851685286603,-0.2418378606459577,3.059509494777023,2.0964150470025182,1.4327371508611078,-7.734484273933972,1.4741549356225858
-1.499497538293644,-0.04580240013859965,-0.7197402643996382,-0.03209323113131046,0.957349783302272,-0.6908991124497859,1.4206193332846289,0.2356652385345915,1.7544993385444898,1.944727093921952,0.9678923915160578,-0.6422045297305091,0.9729164388422568,-1.0168737276500401,1.9701226449999398,0.09237698168443129,2.428599535502254,-0.7986233402971417,0.331391044517212,-3.5207964239994793,-8.813562133924316,2.9701619007160946,-8.068004754194488,-6.8077894274498805,-2.207368109469975,-1.334008249568383,3.3476015753312196,4.586033744603257
0.019626733174344487,0.864310107999714,-1.13849903682154,-1.1432125364398376,-0.6472133533577481,1.7747002646394798,0.4060041959782991,-0.7532573296433819,-1.9695122436471584,0.5621067106517108,0.02877366817925178,-1.4053232950040326,0.3348406571363503,-1.404041392431659,0.24507902434125856,0.87907379499221,-0.975880387023923,0.7421327476995178,-0.576555193388869,-2.5011686295921067,-3.8241163057256418,-4.889415414593645,7.591282193149959,0.4509797664992342,5.639909109026071,3.3957067333659587,8.527483986144018,-3.0725005402318972
-1.805209010097402,-0.16568830770053644,0.4644231723372998,-0.9510607308467925,-1.1293722504745978,0.3669307496979383,0.1354841813836021,-0.8059983845551606,1.8443649489912652,0.41209816623873524,-0.5030144429804951,3.37582480143527,0.2744080902819795,1.3268191583671156,0.24717496253092194,-0.5974985092699461,-0.3268079187350806,-0.6320832137987321,1.3170449994605344,1.7365835301345065,2.6475337645081454,-0.44017784654527115,-3.2842572416737106,1.730381171926922,-5.149271966160056,-8.431318026749773,-7.29645194199384,8.219441690443558
-0.3801818455348658,0.5295875256260361,0.020474688085531777,-0.22161466843048244,0.05889674099129876,-0.17301688626396447,0.7187651830095497,-0.9659092186710277,0.6192661735162717,-0.8227445619775391,-0.897349354763023,-0.1687443871507022,0.05644324256623427,-0.3110866146204138,-0.4609932259221599,2.3065415723138334,-0.01662324297334925,0.29379647281421784,1.3294173378462624,1.6836190883711564,0.8749865814945422,-1.904497074612755,-6.222019198593282,-3.7756727834232433,1.8389700175803272,0.9783315193619571,5.985795973912874,1.4446440390639104
-1.782916137459131,-0.18547340833735776,-0.4262301004073498,0.8343179321969396,0.2173504470149365,0.14348955970079194,0.09970835159739701,-1.5306424944223822,0.4494435766158265,-0.6254969702745159,0.08260097865809961,-0.0026384556987381074,1.7203714462787087,0.9091410537408243,-0.80264626471619,1.1922537253618948,0.05695281460313077,1.0093850192953786,2.0214047527830754,0.1232101944457777,2.3441376921549892,0.27298529223920454,-5.2956880355030425,-4.233260623306936,-1.7335165609800687,-8.13888758062542,5.736353636122071,1.0298483007313994
1.6708503989174195,-0.47598176602864767,0.6760015978746832,-0.6704627845708832,-2.3119410031667353,0.8014696168484373,0.9833780528226691,-0.6580956519967839,-0.7695926063372516,-0.927949885037968,-1.6023388379744785,0.9467095672179873,0.858452480843429,-2.5436158506456232,0.9788052391634465,0.24877038818508582,-0.8644455102295066,-0.12678828865465797,-1.5765793091128906,6.60259737817058,2.2020505546296705,-7.06794245457544,4.682584897455664,3.542057673564378,1.5040003085084845,5.533712857582563,-1.2248706927717044,1.8580000172273843
0.08027680111346527,1.1353084641122835,0.13965677673648902,1.5029312925960077,1.3382247420960702,-0.39541177933143207,-0.33452852595196747,-0.2640534687457649,0.44632187051054906,-0.17477353584871738,-0.1390016108150332,-0.27367490001512446,-0.915839343982842,-0.030363959888520784,-2.4151656478075094,-1.3360969034651586,-0.9464969061959291,1.1983913057670283,1.3784926074188397,-1.6432446585224934,6.8002186466640975,0.711781047494695,-4.239799433988829,2.8032773607291386,-3.009516780227732,-2.2749119381097596,-2.581992364507818,-4.538638313905499
-0.3807960979472588,2.222299817811973,-0.7842194825687815,0.5893930398303882,0.2581161029522898,1.1152319430702327,0.3451507850410615,-0.49958206291536844,0.3495517007410678,-0.6208128075993073,-0.13999792058567923,1.5527366891822352,-0.9092005142767958,-1.1459828606020284,0.4986614839656506,-0.9386995388045136,-1.2313797980621515,0.41773104210166073,-0.690883067611321,-0.34038012456021355,-0.5622367850759518,-2.0272572500384793,-1.0124187076960376,1.756504119474741,0.5958168868521116,1.8709371512734847,-3.0580289874477358,2.8683078303860565
0.04419590098916289,0.09752349817789188,0.39233328372714094,-0.004815417360432013,-0.47049761691005104,0.38025887033282274,-0.8728812265328928,-1.223250408413747,0.8319019233709996,0.16154457200041858,0.9266741372921958,-0.30287423331036495,-0.6605344393559398,-0.7262087094665154,1.2792595017082011,-0.6051473750832418,0.10622577180190121,-0.36054640721193015,0.06948810083805439,2.0674231891182253,0.9896619536236247,-0.3511979203946987,1.161494299323016,2.89872456724366,0.2968588145704935,-3.0424906594878687,2.00107599927351,1.5192258398600984
-0.8927663070667918,-0.3217863547217686,-2.2781326383205256,0.9202682383904959,-0.860519691798463,0.40906563732706136,-1.393597860475196,-1.2657482948426801,-2.0872376641716044,-1.4454472089066532,-0.48182970658823593,-0.26640324066716453,1.665089998188306,-0.11649893057545702,-1.5893811496664834,-0.3255312714902253,1.7060468372408197,2.564113760676861,0.6657310572681618,0.23240677973942375,1.3576294755933414,-9.714354524832018,1.2202849508890075,0.011831608258435128,-3.339126075517363,-4.929057421580747,4.925005655089552,3.5254110632954343
-1.1684192206604862,-1.0933144895265012,-1.861471845199787,-0.3863457357252931,-0.6272199766831661,-0.6939334942159238,-0.805145911882055,0.19472621395627612,-0.454235764222602,0.245303254139585,-0.18246699856282714,0.26333304005719216,-1.2486197234549328,0.5844562559896358,-1.1656641180683547,-0.932875766356038,-1.0390005865488563,-2.6641521513509825,1.1119535014674322,-1.6525515599901457,-1.0735147660000508,3.6733772002258114,2.0815671677247414,0.025328234028218877,-5.2512028616661235,0.8229011266427667,1.118585943871306,-0.0576085455033587
-0.7230562157447795,0.23846325807131952,0.4650483588713583,-0.5240232597047764,-1.7157864527799063,0.20956418055693724,-0.0405560130795507,0.8456554500864475,-0.47587775106203967,-0.14434816721626037,1.0626862869309517,1.467219787340182,1.0649569851814458,0.17422491324269246,0.6649743156309277,-1.1103285731532306,-0.15793515021546148,1.232843065316255,0.38558211336055553,2.1563128858537914,1.9089186733574173,-0.7027527817637415,8.403426589409655,0.44875034164587707,-1.171588086885042,-1.70008931922891,-1.4340594105735116,2.267305122018923
-0.30397051997932556,1.12177307183131,1.196137260445095,0.7643904252560968,-1.0696159853881362,-0.3194909611555512,3.3423307951079133,0.6054060097835974,-1.4467873932374071,-0.10870082677428511,-2.050586520456298,-0.3920166472367143,-0.01616912891860686,1.6266487955371987,2.224273996470207,-1.7348509284679265,0.21883030206308685,-0.37964877530704105,-0.6536449369586691,-7.087611000101496,-2.5622017631589737,2.5851600964507373,2.037964374839648,-1.2969606412873773,8.016016804374738,8.224119581596533,-7.672265103973385,4.580338538402339
0.5793416725562623,0.83688770788979,0.39964006010143716,0.4074574680903668,0.12370284714683207,-0.34215572490875207,-0.7937733020496208,-1.767092200242666,-1.436849082755809,-1.14264797268315,0.6922676167018912,-2.329387117096577,-0.12367788107479773,0.8867081743215401,-0.4654560941575707,-0.8709078068337469,-0.1096268862121202,-0.6599537919135757,0.0954074838042515,-3.131285125449454,2.2204846699511203,1.3339214517547053,8.16380591312109,0.4137566086400824,5.376832322972998,-0.5863110372827248,7.125210215163674,-2.7092830281624014
1.980978943791634,0.5843794629498902,-0.28625189284441765,1.3717826006649656,-1.243248680621573,1.4806157981782906,-0.1843623541972421,-0.43269304836054245,-0.724103495311551,-1.4856073633505733,0.08997612076995427,0.3134984858013545,-0.34961421618398814,1.4830447715576858,2.506228804163521,0.6454788389390078,-0.2901150965867815,0.8991386719708628,1.9985431787029917,0.6210601668712692,2.8860938498168345,-6.3310204135512365,-0.06259392274604593,-2.1592824785093696,8.070460403349836,4.533684880603692,0.9370267013143704,7.170233108518708
-0.13420690299840535,-0.839562498714632,-0.5612497230266044,-0.21499382576298337,0.38460144176139893,0.6260844965068233,-2.1749410954465804,-1.0643523486192323,-1.0770446471192812,-0.5002793334711569,-1.4259312935620692,-1.129423183612952,-1.9669224191480401,2.388274139358223,-0.3392934275387671,-2.316138124353014,0.8650042671543289,-0.8946806548509947,-0.4472901099234715,-4.832716582467883,0.6519705245131178,-2.5345285330251235,0.9401874286208444,9.06164799219331,1.9893517577537245,-5.934430204586062,-7.377140949286161,0.9153139100238639
2.410706662434446,-1.472379639801021,0.8956500099583233,1.2694909510065393,0.33934626059620615,-2.2885023711675796,0.48687699373859505,-0.028754512089337776,1.1154531381153394,0.03645568106744013,-0.383530958542356,0.8898713335955997,0.5220578415434193,-1.57245600035277,-0.7341691721280107,-1.7767762583770519,-0.40206095260064734,-0.855482945991749,1.6633120074952377,5.064423295285433,7.595309671022741,2.4454711799349362,-4.366509399493593,0.2227881433351849,-5.354715736126389,3.65899124190278,-7.2944922571868895,0.4269740697105188
-1.8008846076454363,-0.3950400913492556,-1.110112675795702,-1.4079726748445143,-0.14031015665997432,-0.6570725065176932,-0.038967975489266726,1.7211727553146434,0.18203569056379632,2.8023029070368652,-0.49946037573402163,-0.04083242571398451,3.5351836205954785,0.7511770633503217,-2.3229335345212454,0.7474779763766483,-0.709633899993398,-1.380577289257141,1.672707216270504,0.6435199048015711,-5.191899071491091,-0.08724668290526329,4.8431122039944166,-6.380184025738861,-9.504514797629303,-5.990767372708636,7.636478958308019,-0.9463303918798504
-0.634446743121213,-0.04909148755148482,-0.05223327868621896,-1.6666211378945435,-1.6982464854118988,0.2330016605361315,-0.7106570024120458,0.0880015109689281,-0.4595881131491507,1.2827114384157872,-0.5614080869537279,0.9978988405685968,-0.6547458456059126,1.3400820964056093,-0.4177096338196914,1.0724594849358509,-0.5337044187910216,-1.672540590103772,-0.8839744104239027,0.8443453316341786,-2.7729958702538533,-1.7088771590259124,6.129400463678451,1.2477928208206468,-2.3153780833280058,0.24298325908431348,1.6150713097768723,2.865586929880466
0.3532523411256779,-1.2823477321663828,0.29531269714700065,-0.6328170565385836,0.4116635104028838,0.5564047353538062,-0.4482604957078118,-1.1449300057143543,-0.03781676405706364,-0.407350422360409,-0.4240746684384337,1.644081353304136,-0.5037485660842964,0.8310408104948833,-1.1475693287532258,-0.12018204925656824,0.09942860102354759,0.7797489693747521,-0.3474559253730429,-0.9835000263645467,4.075196717320535,-1.5370235642077938,-3.7163325021386564,5.310719021345024,-0.4139143345947373,-4.966679209845709,-9.110386739310714,-0.08339460681559716
-1.4649176076409784,0.53175906021496,0.08384634679512533,-1.0229419385672789,1.5556166976676713,-0.7385927308666703,0.17052651219859374,0.11551395182037258,1.7162055221268675,2.5233280454481792,-0.4323022911028895,-0.33195913695159046,-0.5898363761652529,1.1682645041435282,0.3290419646660716,-0.12646038613519095,0.8073015634382358,-0.6723824966607951,-0.5152186425991673,-4.2192703704675605,-7.268877411234019,3.2006342814006645,-5.340870373142878,-0.3353662497267942,-1.5336437538174512,-4.216582143036008,-3.1964636998846983,2.2449320249375635
1.0590792485627158,-0.3252819876815324,1.5127849818151586,-1.3106576891202697,-1.738967694477105,0.5504426066220881,-1.1059348616400184,1.4998025384989573,-2.3144624235876963,0.9196395116745946,0.9862376642853813,-1.016648933380227,0.17254663277912236,0.333747761831418,1.9239826313285282,0.31363576883007577,-0.01741315367119529,-0.4351791554485016,-0.4732564114113526,3.927230674654218,-1.2147289185083936,0.8287726162017565,16.259955013873597,1.3671787173867553,5.422746571846369,5.4312635986343665,3.8600403819438363,-0.9289496082706641
0.05337248991503366,0.3596696536334548,1.220495616925428,1.6576533750889388,-0.48950605003399267,-0.9038796044363641,0.577324430025515,-2.3942738247774376,1.3212797875929443,1.025566465803678,0.8520384142260863,2.372209252722992,-2.039097111047387,0.10051644793517162,1.041946074783324,0.2968444419458418,1.4765069136081543,1.9298771743072143,1.433355954657618,0.832066883261769,5.93556952146988,0.5100061142988567,-11.055790828177495,0.45278957509141743,-1.7516375133398725,0.9115528885668884,-6.90487812233745,9.738691610095813
0.12733048027054722,0.44741720976710087,-0.00969002429839875,1.4848285696619616,0.2495401792607636,0.06338405798674918,0.43321687103952217,0.2256880563075793,0.19252412363055893,-0.21896616723448256,-1.914843054872538,-0.4332355455053061,-0.45157916556404604,0.7231070779674288,1.1722645726394194,-1.1183939026254548,-0.07945562924588961,0.23676674378339518,0.8081479979193413,-0.5391023706821289,0.2906221346229631,-1.4520899177293636,-5.362923457739418,1.4322342594536663,1.9172426888393463,1.2563330131887764,-5.416656812673402,3.8059522071401424
-0.2767008974443259,-0.7339477463967885,-0.6024591626551546,1.0327620456924373,-1.1471361136409022,-0.713299940628211,0.10628135429503618,-0.14512281608955702,-0.5251665766563665,-1.9940912813888911,-1.8284440995636564,0.6665324223324822,1.5260436436875435,-1.941214833093186,-1.0992246766662266,-1.0820667799890493,0.0022198748741224174,0.3969847657108743,-0.6980030732348426,6.068394804916545,3.5722897030715113,-3.9362081573002223,-0.48838389893541234,1.6748912861158256,-5.865737912037465,0.10396579324733463,-1.7258595119962776,1.0286058388875008
-1.8246340387958446,1.6425447818255865,-0.05686946573366037,-1.3215342450350769,-0.8331307003365558,1.5155022998446679,-1.2962073991726577,2.2200035138178182,-0.4941654101254852,-1.582532278816761,-0.45620938648987547,0.14696980343533078,-0.09993664018080911,0.34012942219777753,0.31662511208685234,-0.7502193080804079,1.0990123849677367,0.11067787249097476,0.8436640990145163,2.1978286250170433,-0.683452698715361,-4.613793684124265,6.217677650814309,2.433454673398413,0.9026703722330868,-2.918379978093707,2.133119099164823,2.248213928390201
0.22264596582968693,-0.020570354413006434,0.03120923032472846,0.3381602358366162,0.20170968268136344,1.580642931406393,-0.9808801868136112,-1.5385579389481905,-1.1499338702025441,-0.16558984879586844,2.26089567043387,0.45625332882999525,-0.1267651717245478,-1.1607894254465816,-0.4479256786473435,-1.9273048522612948,1.4875725966550606,-1.1020982073517687,2.529858809610307,-2.276632457093967,7.085534912408948,-0.3639306826316912,3.063547138309643,2.7312406875568507,-0.41828272533735655,-3.3125709572353763,1.4311801971154647,0.31649554346448516
0.9845594308549893,0.12857744126289483,-0.31460438052153694,-0.12020643948203975,0.3295474601123866,-1.1902979311422974,-0.08951288443960631,-1.6336574509127884,0.5301125253048952,-1.373766785682859,-0.47890127298369617,0.7265029429330004,0.09524660161874703,0.06115890960648527,-1.1787713240491429,-1.5695149193347493,0.09450568479069411,0.27387495347397844,-0.6615371642650645,-1.2613666603084535,2.2615236059135433,-2.6674036652605078,-0.9836437852951434,2.405512737900016,-1.0578883993603094,-1.9583265669960046,-4.908719658333702,2.4341880575692905
0.017203627447465356,-1.1681690165082779,-0.7612540134969051,-0.5193423405768848,0.7634700253948934,-1.616109263903869,-0.8045811137385309,-0.33207475224662036,1.2278596367796704,-0.23968819990532764,-2.1342879748692294,-1.6765844175967617,-0.41590441560890906,0.6298944093006109,-0.08284352323725251,0.917090131884041,-0.9548214751906119,-0.742388076447202,-0.7749291460146438,2.725854332642251,-4.810354782398663,0.6410872123538022,-5.1359375939003895,0.23807615367366625,-0.2744524654075911,-1.2694527065927705,1.28293143015697,-0.9305719592526034
-0.6629439851456451,2.1084859407264913,1.5328285299137976,0.4648693330445969,0.5798135591971892,0.611612247711842,-0.370036820977837,2.3150703599842584,0.2910422115042692,-0.5200577990491827,0.29104732089497,-1.2146873514934668,1.1470052145596854,-0.8217538319520307,0.3665245528345036,-0.2601738347398883,-0.18292837726008357,0.7244341318401557,0.7864275828093964,4.907308457193116,1.667957251570289,1.2489886149898468,4.8254632684281535,-0.9680442649642141,1.0722330095784143,-1.0898518808564126,4.865216961776718,-4.0836013384102925
-0.17674595371114615,-0.15845330788611683,1.3880235503450276,-2.7642963204234112,1.2120603567391839,0.5783193859176937,1.9242642503737142,-0.45936181682757626,-0.5864641917367414,-1.533049245144936,0.6793135576306726,-1.5461410705890333,1.0057043574189084,-1.3884662273799533,0.8008187810611778,0.0942918413412146,0.009585520470996653,0.7580350405330923,-2.3792048940450745,-4.467493231312753,-3.065649020765947,4.77583956407961,5.529359480857639,1.255437699619042,11.21311871631071,-0.43287638756427027,0.49369727678711145,-9.297298789814972
0.3877759826861501,0.3478635653482073,0.29101474997730703,0.29624185761242094,-1.510991432827098,-0.5204698163348631,-0.3406037538314922,2.0438869019224737,-0.5574602904504872,-0.24970056192658466,0.7253761462359785,-1.0731657500305203,-0.24718711775667132,0.3728993095199903,0.23707665639794978,-0.9242913103093016,-0.8999164980264248,0.46334467087540154,1.387603532488002,1.618765244320687,2.4910276269528104,0.5039130059371355,8.329945211786713,-0.7832642129775105,0.31073027681840154,3.8587992660149557,3.931821667848864,-2.72625237840645
0.36028427544839353,1.554593219651399,-1.9207326654845076,0.8994696763588876,0.33925182418536515,-0.5336565652792321,0.2494970321077982,1.698911593785852,1.3843606705534754,-0.7472852275976515,0.3544161551158128,1.357647445068378,0.7655224201341252,-0.43145833642836734,-0.343892546978182,-1.9235052588101993,-0.5548533983615412,-0.7348029752307789,-1.0911087806420343,-1.5499342500027338,-3.998559055449884,-2.4764157581270085,-0.2315652772883608,-2.851632653952192,-6.182436464948195,1.2563313779417578,-2.390960821179368,3.0614825145641045
0.31540011854581446,-0.19139274614445057,-0.217340062639551,-0.16781643615973532,1.9070297581600033,-0.40514327508057435,-0.9704068218233601,0.6955073122440937,-0.10560300677239196,0.24031877421250633,1.3255765231616135,-0.22618245483788688,1.695125259157538,0.040799479997111796,0.19256904470238806,1.4100222838314282,0.27457046157036863,1.4822659970273444,0.08568658136205551,2.7651746484497943,-3.315190454934728,2.584986852797018,0.8441004295173786,-4.709278834396284,1.2489334576991906,-1.6123977475194577,3.0220279402701475,-1.3020356297549165
-0.30709835406982355,-0.10269510982517997,1.573141928673406,-0.34445073851002694,0.9100283244991509,0.2233410164919714,-0.13113415156492833,-1.0645455512451558,0.00839798265260446,-0.5569363996008401,1.5215204354177845,0.5339582937698606,0.9590410478957057,-0.4494898910267829,-0.475421445996877,-0.1645115504576384,-0.09153908162034005,-0.17437387147101993,-0.5861880594290131,1.1101892657700092,3.921094389259219,5.683445274365501,3.2789124148643407,1.0617024722892385,0.8201151240773241,-4.965717381365923,-0.45597056901573946,-3.8782215430868012
0.40460313397417524,-0.6769868863466364,1.8459457415781402,0.28969658257053843,1.0331780804690938,-0.847634585037624,-0.8922842575004954,0.4983925680455154,0.24999356493836286,0.22560434624259715,-0.275187808004252,-1.1234968509149188,-0.509633018716917,-0.06780779268906385,0.6565672633928414,-0.004514667028993899,-0.2193012910766906,0.5520319879980544,0.2675373954545474,4.961285567186396,2.4550476371208063,5.1815505062586205,-0.34877742387447963,2.5345148503302846,1.9843906420312425,-0.4131802298433925,-2.934639053880552,-3.4207138699617556
2.040747021931463,-1.5232645512003995,1.6353702822683955,0.09321124273379616,-0.10658227517978015,0.49887617922811794,-1.0894952490108865,0.005820051934408559,-0.12441798731311163,0.5555314495359657,0.43966184257022484,0.30918551172114267,0.053550996620848716,0.7783616600375788,-0.053623887617475885,0.8998032144638592,-1.2018243825568822,-0.8410953326753019,0.5689959886439316,4.600975060621002,5.7390596599910895,1.7398245492823694,2.6542591157792303,2.582731873823015,0.7055306105810544,-0.7946736632623332,-2.207838491001512,-3.5110848029496085
-0.6712946128093563,-0.5736994438930999,-1.5916868900498053,-0.9788892428691941,-0.5120946080602115,-0.7781579535893104,0.4471763564645799,0.8588756777129921,-0.8576237582895566,1.9902897503139838,-0.8037691752529782,-1.6114265080844743,2.0748337922169844,0.4876687519320227,-0.9047682416288316,0.8625899550880989,1.1412104449356804,0.45238033193194277,0.6165525177610718,-3.1941148151425995,-7.324906078153009,-4.672574939775012,1.801432186158323,-5.308880590597508,-2.7000027374927127,-0.052568827525404954,7.178745352929991,1.0496197644678
0.7187078844670656,-1.2483797262207346,-0.6165344897011262,-0.8649299962066189,-1.5809435442072537,0.10688014788801882,-1.247846167353437,1.149881427721257,-0.06302742153724923,-1.4167922945430933,-0.7735467925305268,0.8520887392302612,0.4606633674747533,-0.5550194843081168,1.3472558861496386,-2.0505672316130115,1.252335728015064,-0.8084073134947563,1.551794408086638,5.184487056557936,1.400538877870234,-6.413605837033434,3.0045467745518004,3.101634024857415,-1.5228528790730693,-0.591117209938052,-4.2143904551491405,6.738915671165988
0.5870130044685355,0.7125040288806158,0.5994920892533941,0.30685922995474585,-0.2669871614490207,-0.07018188416815047,0.7015758806672862,-0.5552973949906957,-0.5718508013937743,-0.10722894486923105,0.049103602722129144,-0.4500614695461969,1.4004511805261943,0.8412609797199796,0.7736966123292709,-2.142655447856437,-0.24264305886703103,-1.4675233697771026,-1.2958472415259554,-3.5142312242809743,-1.3622760683841137,1.2612865990730604,7.727416099244723,0.03868171012738647,2.4065141430149617,-0.6960173841380608,-1.7846568936059968,1.5068560362172554
-0.20829602897502147,0.044720365342674956,1.8927085982837082,0.3398610718251305,1.4413642461080867,-1.7430275284332255,0.9400444009407076,2.4308566375252494,1.2914791010015199,-0.900679773034063,1.842862964006417,-0.3048245423187531,-1.30509596017976,-0.7189610149760269,-0.9839031208119998,-0.7800045490522409,-1.4404974046476593,-1.0114275668747816,0.3205428536104333,0.5768097571724636,4.920989578777454,14.775632772270718,0.22675047273084198,-1.901342399068554,-0.9799456645464208,3.6129295092922544,-2.0471766934379065,-11.454703978866416
0.1849250670470707,-0.1044106535539033,1.4172208770145003,0.7704594199618018,2.4352228353658725,-0.9111889442541375,-0.6571956534346467,0.6486672597218469,-0.003471050350238942,-0.46099222425726705,-1.0202055594149753,0.7036070802995114,-1.2376469603248352,0.18857117848925642,-0.6150938024787139,1.5554109078329754,-0.37770073281030564,-0.04908607880893421,-1.6359556458388214,5.331313976680404,0.8993649519860771,7.762281801731177,-5.862036202929171,0.8557642636164648,0.6445948293570419,3.3407180608493223,-7.00929168353968,-2.4498658275422405
1.3546868796457678,-1.6520260758057885,0.37446447474476974,-0.8731593825035803,-1.3024883087931258,-0.8476102469903698,-1.1724804914934162,0.8138051571815145,-0.5183070571312223,1.1464581440453085,-0.5897045370785736,-0.9520664910767911,0.7327266705960503,0.8569244482850239,0.7677605512618123,-0.3713851371157779,0.7427689974887283,-1.4535287117312476,0.06789599950252721,3.164733939148839,-1.8499057662159375,-2.3449414999569376,6.444378406740294,1.0169667792370467,-1.18532015245974,0.6825957923015458,0.5308356811056834,2.549399425485713
1.860411879580435,-0.41283478403786805,0.2618782885450968,0.905274147066002,-1.596668430126486,-1.3189194769065458,0.3067852438000397,0.17035174631125458,-0.3748176496784494,-0.5529172549189063,-0.3226675236134025,-0.15370168459743236,0.2497516080072323,2.0501047029031043,-0.47036752424671424,-0.6882809934448798,-1.9094827492667765,-0.14119748806660298,-0.05640447525386252,-0.8312754869636608,3.3284341339841936,-0.29376977713148544,5.714101272708494,-1.0393071303923764,0.24334757456155903,3.3204310280059706,-1.1918816527244445,-0.5929836808314722
0.5783800033862017,-0.11932650808412515,-0.20675150465105066,0.5589739522039544,-0.7512838270843539,-0.12954651407680598,1.635010242260722,0.3019054427892153,0.3706395520216312,-0.8758166953125491,-1.106514500068521,-1.165840965083461,1.0095944459329085,-2.0890234925264393,-1.1642901606765603,0.7440301151954852,-1.2770304877121261,1.1861993948123022,-1.0824399007724392,1.1821649959792369,1.4932702603981185,-3.766028809951935,-2.2378024622573327,-0.4498472801172752,-1.2295903003435225,2.534280220040779,4.277333967635819,-6.871689035650479
-0.007947847174404157,0.31584671495841693,-1.607014326511732,1.946460286162184,2.214716944605841,-1.5094429291303215,0.3932071351784861,0.445602320567717,0.25460858866856606,-2.1713029244930504,1.6744062317567503,-0.11721755482799263,-0.297949052518068,-1.0455267010669322,-0.4408002892606498,-0.03717935609226049,0.3682042115660868,0.7302928629286966,-1.3290970534023667,-2.2459611076084056,-2.357204785980771,6.728313578284407,-5.694524847608991,-6.212671421260884,-0.6855253360604938,4.423710059086722,1.251429596031957,-3.268868884242249
-0.5949645000954172,1.188321532534456,-1.1439996299787187,1.234899813718938,-0.6105215236804836,-1.1590360314934294,-0.5866959928917386,-0.05188959325444188,0.23954763744830304,-1.001589482834326,0.8647094942540174,1.6084936070388285,1.5570263434100249,-1.223269691253426,1.6398464198813842,-0.4647325521175441,-1.102958105988719,1.0593450443359,-0.7760027663014096,7.71133029027423,-3.1134344330278094,1.057585321485778,5.008043218609781,-4.9098770774610685,-3.3010175653423417,2.187962797237383,2.8783261998508984,7.222323701682052
0.5022755028064213,-0.29921664829398886,0.8492703940912134,-0.6207038536518042,-1.1691702058181188,-0.5698459739055433,0.9979407935359184,-0.605757906571205,0.8335022527622433,0.105643009953414,0.7040547336822638,-0.8777927779685205,-1.2241924905447013,-0.49382896026062023,0.17559244743745833,-1.282202521533405,-0.7373965871531444,-1.2612196827552702,-0.47503559089137626,-3.332771398852889,2.0605672643920356,2.3122037165040084,2.803810662107278,2.5412974320559525,0.7430171731736859,1.158774002486056,0.5955653095172947,-4.062321241944031
0.8658526393458894,-0.8921416472264914,0.0213406306066036,-0.4945337030683474,-0.9362546150652964,0.999177079089348,-0.36917215028785916,-0.09261494454400208,0.10227726775086436,-1.176055306186804,0.7905447002963923,0.44603028100900655,-0.27303221701001734,0.32505570258213395,-0.1682899217895654,0.12870623034746992,0.6607921254779302,0.7956776014857068,-0.26770356117247335,-1.1971230037761154,3.368946789699373,-4.625640511036574,0.1820621180681668,2.890500536013023,0.8848344677228347,-2.780917250474214,-1.3663410836631213,-1.3350374365641937
0.7595534719250876,-0.3656903601680163,-0.05313185829309834,-0.7866546106305025,0.012571215040954467,-1.3335774190403265,1.092032565093637,-1.3525355029659585,-0.9310554877451445,-0.20333429569452705,1.0736802088693602,0.7414288158568163,-0.11188489674895578,-0.6721525067500657,-0.8509999735731874,-1.0204303593961697,-0.2836852265624676,-0.2811258845072302,0.9116486608115537,-3.170144502123006,2.783961499076991,3.434346666923724,3.7062277495675886,-1.7348012104978494,1.7771163384105626,4.63695578541164,-1.5658902715575724,-0.1797202812605131
-0.26715950396728494,0.9900225444159133,1.1004878929258577,2.0855766112737464,0.5154953096677988,0.261703896392393,0.5878846945654052,0.4097578987275516,0.5754946817143023,-1.4124175774030654,-0.5225284586537485,-1.7876303592675489,1.7557135577937062,-1.1663453203524308,1.189352981420894,0.016524703069183584,0.05136980766351209,0.8826250716710116,-1.3152665931608762,3.7256781807776305,0.11724119131903792,0.7287048162577647,-1.6641840924908244,-1.5507149218638425,1.4720440822847969,-1.7209359440706882,3.9646648957729664,-3.1102315938310925
1.354786015848586,0.3312455094298277,0.2459110099312874,2.9416214723511227,1.1521509282468037,0.17722472811619616,-1.4362725013756679,-0.31763844809861563,-1.159267290488189,-0.5376046209110321,-0.09987864652607552,-0.4956409823445893,0.1375987297353489,-0.207788111191512,0.16632904573029633,-0.0756950903869989,0.25098450175345133,-0.02252096310820639,1.7167231765705708,4.778462124950444,5.539320255816331,0.4649227803774172,-2.0301396911500804,-1.0015361669912721,0.2753082883501464,2.8021238557975963,0.7791046021388653,1.6610640943506243
1.0500179824930442,-0.650484827272677,-1.3962937897156922,0.9531519073126635,1.697004807095033,-0.09150810439333948,-0.14106682148829588,0.6007359249957662,-1.3485172688433982,-0.41964494767362215,-1.3336474647006726,-0.02328154234555198,-0.39036197499694386,0.3805625265005005,1.40495350969838,1.8003053138764917,0.44907934880993644,0.1762563553046029,0.5618927410863066,1.3706548358063353,-4.822005254088486,0.6867683134365236,-6.889432843824801,-4.502895382215361,5.228252116610323,8.88658414747342,-2.374284428808561,4.753974423106989
0.23721281160306656,1.2577581771916237,-1.4189794357252694,0.2250252310108522,0.9232094539012609,-0.14521103893686332,-3.083179487132735,0.157765859910853,-1.4748961994530196,0.7189893886319909,0.35173321643274674,-1.0578784099217327,0.21591104197917896,1.8813851176491212,-0.627745506842505,-1.1717505643217665,0.036048447741280465,0.7504159283622126,-0.20471846241399655,-0.776863481730607,-3.7085056779044474,-3.287100045411377,8.993720323431532,1.2674865415654222,-0.26413030529551484,-3.068216151491479,2.4042541080993995,2.3651377069875013
-0.5056561322907975,0.23734719199837145,-1.0016780761964124,-1.8591360408073183,0.06908937939910063,0.2769625495152192,-1.4318456027351365,1.7803997180969082,0.42961801984863063,-0.16117770164839718,-0.6283007660483622,-0.7881392980550426,0.21327553873239546,-2.1195644816912287,-1.3855094265344845,0.5327397932008855,-0.9206512444236062,1.0922070070715078,0.1439587913870342,5.958537282655285,-1.717916426507657,-4.932852947708977,3.2771214411636667,2.702270197145776,-3.2046200754303578,-1.617859659674881,5.48458734071262,-5.450162934398922
-0.9172647074824307,-0.4365888541514205,-0.6823760364245796,0.5630879433231651,-0.991999157617329,-1.1380213809215556,0.7282220862372443,1.093189177961151,2.321507243310433,-0.10118364302298874,-0.1488887305852026,-1.0646696047259003,2.0523607424236303,0.014415177115995522,-0.16874330894714107,0.49727780503993857,0.8818736742208233,-0.6817512110017245,-0.018187849909074415,0.5271613637597508,-3.5606338681829386,-2.290916360921666,-4.729801481555798,-5.835706461625361,-7.239483562317537,-4.923757344912152,7.767907095188625,0.3095010433484394
-0.8037300159854066,-1.0440502475358266,0.6460044787963709,0.24127970382350658,-0.1409623236794856,0.30818494118686446,-0.5668352628577198,0.6743352390347567,-0.33583383466584193,-1.9728229298057642,-0.31699269277266895,0.9455392044234779,1.5943836094058235,-0.7168427857451262,-0.8554475559694957,0.40051623872785286,2.0055194860373033,-0.7495281641057399,-1.3134632164125808,5.379986432499852,2.37255820252107,-0.3080485046564126,-1.0710064210385597,0.46977513157285156,-4.763721714997076,-4.092071006999349,-0.8523446370458103,-0.16386282232489124
-1.3172353447813092,0.6566491129039057,-0.24067065315303646,-0.7507403417398376,-0.8101584058676317,0.0496475069744868,-1.0334437945618573,-1.8785088211019214,-0.902856100150302,0.027816222073422707,-0.6472552981681393,0.8955514885780076,1.5820392543191328,0.4337802978037106,-2.0139175213916682,0.6275547869979544,-1.0522340694074723,0.055670038425030995,0.3338456459814571,3.433251615566581,1.9276155990997488,-2.724148915508784,6.45226343373456,0.29575911064803834,-3.759700034012376,-5.899403362177449,5.317652753078993,2.024430574554261
-2.013393305053093,0.005632198143827262,-0.48633588910984266,-0.04094901438288407,-0.937162528483893,-0.9794426016446418,0.790920516632973,0.022569189467354735,-0.6223433349844589,-0.4605873108706952,1.095123850024682,0.784460568986056,-1.6881343510416387,0.8538407606801998,-0.57374623039542,-0.36078995272163344,-0.8338381770983547,-1.6652711707168983,-0.8963566626014712,-4.437205806666019,-0.8550984888197292,9.187221939768973,3.847380717335091,-2.365785127623083,-2.0514729725725154,3.4565938074781077,0.8860197902287232,-1.5707062741998512
-2.4261245624604992,1.765674600688156,0.43308834023145076,-0.10900182872389869,0.3167855100865005,0.4580270470392025,0.2853361109305312,2.137349489107462,0.1511467890399572,-0.801958218043359,-1.2148398286182367,-0.7313200424958451,-0.6747906233683738,-0.3903642283730772,0.4425274955924161,1.699451628019438,0.4805797650417771,1.0268281559438184,-0.2687394708368045,2.978900962963391,-3.336936100701834,1.2234672729504696,-2.8678953294312386,-1.9530517023689529,1.6399977970709534,1.9633160227686124,3.8300430786223063,-1.1049546855512273
0.11642474232468292,1.121536104114904,-1.207798630092733,0.44971914014834846,-0.7360775965266865,-0.15440316877311794,0.30084454248903003,-0.6473675824539681,-0.4640954476900572,0.09076440156231683,0.4576678293877733,1.1878277066731717,0.4657282164728535,-0.26112878274070855,0.14868579412623686,-1.1307245435235007,1.0472536945806745,0.16377954099873684,-1.816929737030117,-2.9928230960138826,-3.5097501566630607,-4.564568544138807,2.680641808524945,-0.9548300145289783,-2.722007492070915,1.7160557915863723,-1.1565574222718449,6.263120595424868
-1.2614779957523892,0.8836228927779839,-0.12571062578996922,-1.4621396222677367,-0.6357049167252375,0.21113567382905368,0.05801838840503669,1.3754753612446138,0.05349793310867311,0.5193971387305414,-0.3116270972323771,-1.3638411337918286,-0.3643076616291161,0.7046028441117017,-0.4020955381379217,1.5169837896042804,1.4295501764212262,-0.5934699250346964,-0.39930516052388193,-2.4001729152589677,-5.402477651470533,-2.5441023275143366,1.5031789674879619,-2.309790588438946,0.31906863530978075,0.30820095719621166,7.792564364203191,-0.5526496873428992
-0.3026247718350867,0.27247131946547987,0.699230104150099,-1.3211245423860112,0.6210038562876243,-0.39303991106447783,-0.9500059812357473,0.5873616054596985,-0.9760203183223406,-0.5534726444143755,-0.9748123665902068,-0.8245914747843751,0.7793584136990287,-0.4653584770564051,-0.20788155873992495,-2.0504882384771967,1.5423796931419953,-1.1123321860887465,0.920234646191738,2.0345077769549356,0.2862824808256258,-0.3896074901077003,5.8717637920120325,2.7240603999531445,1.3010087776869266,-1.6814444838374252,-1.6871532590495897,1.4691860734704716
-0.729228929005801,1.991153924017942,0.21048260532134616,-0.08992966182735537,0.9631136688508205,-0.654466904928989,0.751660036968841,0.13404876581994188,-0.2460972864776858,-1.4242848780170285,0.5458756853954315,-0.8588058957013128,-1.6448645146972962,1.3689500711466775,0.09360434440451638,0.8462854656559422,0.08120916583478037,0.09209081102883987,-2.2179827461869555,-5.650342259265347,-4.470540877680955,5.28449964711243,1.0363614671442944,-3.0868827989241394,6.324340619632338,4.335124955074056,2.351950239106269,-1.9894770853097252
0.08018091542527443,-0.39639165679993493,-1.9662111187213924,-0.48740691169681266,-0.5655250219873025,0.06563143060481524,0.3527991183596233,-1.2699004335887738,-0.06053883856063349,1.4822434614063795,0.9487176196436258,0.923894844525788,0.28818649882306824,0.4932951573270586,-0.3670403509396339,-0.034639711838179287,0.6868141404847466,-0.46078901445475356,-1.9297539209191494,-6.58923347005387,-6.213422402831946,-3.6334167717737125,0.31940509449648014,-1.525750990643434,-3.5452469504437008,-0.9889985508242998,0.3405685530028175,3.775931187449102
-0.8140639759606927,-0.26761855668418655,-0.2685961919427734,0.8365027328645103,-1.5507673416266274,0.36579748849134525,1.7050478054269962,-0.7025572080611039,-0.9026390052674029,2.0766110429438167,-1.0017294981202327,0.12118693354923417,-1.582628030080833,0.5832796443428214,-0.6839615409435027,0.5306628505696562,0.09743949309694795,0.20281822808349076,1.2131027333313662,-5.839395841560968,1.8924114314623641,-1.3838313691767354,-4.7577457837522035,0.2574299251544656,-1.719655359742017,4.299967353670467,-0.8521046291638293,1.392407734151294
-0.17857192820989212,-0.2878266412641861,-0.86937840246332,0.2578439546730765,1.2538542537878465,0.8797673238962197,0.148944224061846,0.32372356106561645,1.434426369977901,0.2381322303168394,0.6675447050339268,1.116063053784039,0.7122897855437857,-0.10868070642079447,0.5439709119439522,-0.11331515547337989,-1.204792934172807,0.21164483092479752,1.9928328499153483,-0.11865301271676182,0.18923594682087513,1.5833274240531936,-5.847685754781221,-1.8180776425517888,-0.9360726013332548,-4.050248557494319,-2.4034557489155994,0.09623547980918001
-2.0928673990642213,-0.6352946360223455,0.407316167285258,-1.0635584028050271,-0.5967863621453973,-0.3401029608158324,0.40861707276822606,1.583261389426356,-0.16727157248730815,-0.02924625717435354,-1.0616267989400507,0.6927960443600603,-0.34559058498106937,0.06199930631686213,-0.6803498921097474,0.13756048358388406,-1.3529362985213016,0.42313276314804166,-0.3790727516832346,2.6742741099641183,0.05723833044799654,4.861779408017439,1.9823725670071024,1.9143022529398965,-2.3264486104474673,-0.4229152037946492,-3.5842758101989842,-3.709465365160171
0.6449021603623121,1.0298050265197725,-0.9191525458860728,0.14564178272173026,1.8132417457272507,-2.182498773995302,-1.9110362779395653,0.366231558768093,0.65390233020251,1.4532322909211146,0.13617980842570312,-0.52856527319957,-0.8660300897525398,1.4135896695615768,0.25469622415633136,-0.028344473039650375,1.8207784122250465,-0.11282611004066746,0.98763235307342,0.25486326008939825,-6.113957102864995,-0.3062470345121424,-2.8822684539951715,-3.9244347428080903,-1.1760523891577432,1.8976743988353675,0.5829926331483092,8.453096822820914
0.7432860601985747,-0.48936746847460627,-0.16714970655561057,0.5511484767238596,0.3889710993027365,0.1927680680880765,-1.3277567787776812,-2.2214108882716217,0.07216108444937336,1.6059771119041544,-0.7314257096815101,0.5479843247342902,3.103268472909521,0.638012893121542,1.5998651625484728,-0.5323584838441895,-0.45696488206556635,0.9525987279026529,-0.2274077896142906,4.825239489302224,-2.7849824893068456,-4.425659699117736,2.3804484654518974,0.8266379195631667,-0.6233730006605982,-7.929709443366767,-2.535197023708942,8.357719709508016
2.246955892605892,-0.18589303580272598,0.26045391569930265,0.5475098892307414,-0.43613598860106056,0.8054159624562544,0.4286764659520789,-1.0750621007336685,-0.48873950474454264,-0.47786085757778946,-0.35509474593396334,0.6756363391092023,-1.2051295483124775,-1.3638870626858133,-1.2023472612984842,-0.2916171580451425,-1.4085752904539888,-0.32698517941146454,0.507911027416493,0.3239250648551762,7.822799110812136,-3.2154685357596073,-1.3310586678046976,4.351882782827609,0.7097738655948161,4.529446233530745,-3.0240757552957485,-3.2032039351237946
-0.43653668048799427,1.1000047819299952,-0.07372833424256879,-0.8907677045919159,-1.9708743148260894,1.6351253709406808,-1.8276863875138791,-0.14288261700517224,-1.0308468753827174,-0.16521547308377926,0.39228235106331344,1.1305355925154583,1.943991553731814,-1.7368237768254218,0.068741801713548,0.5216181040771245,-0.3852721719180108,-0.19160934420914097,-1.4195303047776022,8.860848430298006,-0.2045090971067167,-7.263141689338536,12.974560452851323,2.0976162385213475,-3.716803640615245,-2.8412694150481355,7.829794414262807,2.5912904922261624
0.6817634038625776,-0.2678297057451022,-0.002523097582286368,-0.4555102635468503,0.30476761428428895,-0.2576217379144547,-0.5920923713869096,-0.7507191301566739,-0.08398200557939704,-0.11511248931857815,-0.029889884606963353,-1.6448833174399533,-0.9739875292702759,-1.1437984135205645,-0.7190943410295131,-0.7613351129113157,-0.671648129701752,1.4221968195838084,-0.5565910802819083,-0.09392410819868055,1.7756645635483461,-1.5498948178895038,1.5518859217489949,5.352780123429338,1.4941282181888726,-0.815385027310526,0.5770120812368659,-5.983979929187021
-1.4258282434490173,0.07953211653048009,-0.40688422831777993,0.562439262563575,1.4310707128125573,1.0581500364391252,-0.1394926504449644,-0.5137031931079891,0.12634048043440696,-0.888909340242188,0.31195647738981225,0.8583363907386714,0.06373180140021473,0.829690680092727,0.42417842276250345,-0.1003287411715603,-0.6123597123517908,1.4132107620294176,2.1358106058767587,-1.3557234630244817,2.1438523551321826,3.467601088093651,-5.321755273506732,-0.20021079860511753,2.6388539818931154,-5.120072173701663,-3.382531017075157,0.440615618093832
-0.768837632000079,0.5266283642849356,0.7820645367849071,-0.08016652904175983,-0.5129706545198144,0.49894079425282173,-0.6254138464861062,-0.8663977913771905,1.7747775644407966,-1.03877091465532,-1.2443498961710409,0.022978145215224247,1.7499298594720865,-2.05181071022691,-1.1609118639384959,0.14564118995563538,-0.2673160238214414,-0.7386736109411453,0.7219849684091652,8.359019510508631,4.858242459944686,-4.948470346252068,-2.3430011907827795,2.121678194938522,-6.06250580192577,-8.366191879277158,5.713654736175575,-0.4672821704741476
-0.021709989402388254,0.04618132732198593,-0.17098134697080758,-0.7043693930628888,1.5353016405740159,0.5639450803202815,-0.6090784679093779,-1.038434122116935,-2.318898407534975,-0.4379874565007513,0.7088389358860937,-0.03777798318421362,0.16484074877128987,-0.3755894847430193,-0.6835488265411241,1.180336763953265,-0.2194092260254133,0.7266628203392859,-1.6411991883006125,-0.6137405717983904,-1.6720599398251597,3.4311547407459404,5.34178797616796,0.2150918865270505,5.036894716516198,1.8582033927411923,1.0346306528384002,-3.913356441330558
1.3846293797534706,0.10090446952431598,-0.5308472305877081,-0.8317505203090138,-1.2147529772770573,-0.1928261383667147,-0.8914307577778688,1.576016342669988,-0.4612200810214667,1.8064375220333304,0.50352204893167,-0.09737066627332544,-1.8201821152253466,0.20936874954330167,-1.4401889564601777,-0.7194454371530382,0.6051448495413131,-0.7982562687489995,-1.0038174034078435,-2.885093343622482,-0.815943737220829,-4.914487305350485,5.373900052765008,3.4024738251895528,-4.619047606415179,4.5678841742696,-0.8586439577702291,-1.3915113590712593
-1.3688123692228995,0.24702119165457445,0.45382852098705717,0.3794840350481333,-0.5792025488222081,-0.6545018707463932,0.11775842852314002,1.2457240059864956,0.15998256437857492,-0.6251230187018214,-0.09437232522880894,0.4028451099655926,-0.8516735743618821,1.1829286744929777,-0.2414968609532179,0.9374857207073091,-0.7581958891724131,0.585798949104677,0.36497489744350325,1.606976317317317,1.2605907039121769,4.483418305787165,-0.4347341369272794,-1.9839506739881465,-0.9143255965256986,1.471636153161036,0.5153016760237388,-1.040708302111915
-0.4431095556808558,1.071144053484871,-0.39287125808761764,-0.8836171752169465,0.22363379359006774,-0.4505308328992971,0.6525623628625585,0.7511238883028775,0.2405366633325918,-0.7593244471938023,-0.11637070217156996,0.9038835082661643,-1.1646750187113706,0.800196907144433,0.8196928636066785,0.052119670891333084,2.200174137713287,-0.9435627380131422,-0.48976369839581024,-3.806798820054151,-5.071192804718168,-0.5091660353634749,-2.713553790068544,-2.8182083580509705,2.2204581683661675,4.265422593484188,-2.658646974581111,6.941530481855951
-1.1704296641121923,-0.46171897998299316,-0.14484945487956538,0.5551870658662932,-0.7665515230970958,-0.6939684702773709,1.5718769863968214,-0.3174397231649771,-0.2815616921279629,0.5556974501567178,-0.1461593570179715,-0.23863757633090396,0.9737471204296053,-0.7285202922636344,-0.7352062518884492,-1.3011127889594847,-0.7374372761280993,-0.41611117250848273,0.5767940401930605,-2.3686151570016616,1.4368743851994883,3.4707008718557217,1.172164544824601,-1.342411527848488,-3.562511189496521,0.059606162751597136,0.8672991003792314,-2.5962828190647884
-0.44323652632375504,-1.1248132420838404,0.6763282157116126,-0.2921582948013555,-0.7956464627782223,-1.9381979737878476,-0.226570565488545,0.5795495925124577,-1.025279942142776,0.6629584228479439,0.5577825108851607,-0.44139666609999556,0.9590910465296835,0.15438220373171688,-0.40270004697541856,0.26111251230509863,-1.5215494845190565,0.17930686548769315,-0.3904538718020058,4.092596585185524,-0.004896518979607793,7.13026298851452,9.237393150020116,-2.196456406013931,-1.9093076352824554,2.256849229984986,3.2749483901912955,-3.9628121099053173
-0.8506317295919348,-0.5752295062839865,-0.5342499509665564,1.708564618089475,1.0684399052233675,0.33285547884400096,1.389329834040527,-0.08431348675660726,-0.37684987847494045,-0.49225503023876904,-0.053838679102849105,-0.8059322245151022,-1.8748964937955916,-1.644281081555379,0.8025265387765325,0.8270998164956371,0.035955276961043434,-1.414051069152017,-0.5599090127276765,-2.2060367062569557,-1.285615923060961,7.742800645636692,-8.914431450281112,-2.09573949255451,1.6765385380430526,7.102893406342825,0.8409536878937548,-4.253819679989092
-0.022668513642606854,0.6414290884408891,-0.04232010305973337,-0.6125451173541666,-0.4133997040753064,-0.40788085927780976,0.5558787798926733,-0.5790465099193195,-0.19415994656697416,-0.014920534735898904,-0.5135084927769006,2.5131101005412915,0.06939029415800767,1.292210153210745,0.9884770835138922,0.2622753585120452,0.1619394365279607,-0.4003023140634796,-1.362356509520436,-0.3310998307149978,-3.5863466597603244,-0.17261178328521642,1.0940825178553772,-1.6690042071389959,1.321261103321335,2.8634182286899708,-6.184583970807286,8.992540777180972
0.41831380718323946,1.311723431553306,0.46836346574041626,-0.9931505495152477,-1.0652794693067775,-0.18680881389888115,-1.2291936865267343,-0.7439645700941206,-0.33989724855882786,2.685073059672245,0.373471834661157,-0.20348113618034788,0.8060797957670728,-0.3766125072194524,-1.6580171251593523,0.01762876140863691,0.8533801125074345,1.104243169042693,-0.14852170477273532,1.5115795068939792,-0.02419035379704665,-8.11901513527418,7.442078948009879,2.4736545234611693,-4.924187978564649,-3.057354236806043,5.352880359136591,2.2342013587265965
-1.3968854791294736,-0.5915205242210423,0.3330774447923755,-3.191125723460859,-0.7693621766411892,-0.4791927449403661,1.4231192367069494,0.3556132414675028,-0.39418899601248225,0.8280217923450873,-0.9809781701405333,1.5197712492649598,0.8753369379835438,-1.9614021612439525,-1.5545253340619727,-0.3996036134481648,-0.5171278363743945,-0.9925403917385824,-0.3508072489886701,1.1898601186446127,-0.8857319195099946,1.2358274085540406,5.227343938470486,1.6310657385019072,-3.249954019380857,0.6080428746543052,-2.550887275857517,-1.7916432121436032
0.6564351486795559,-0.779050998778251,-0.5982922090194787,-0.6884566471887867,0.6165312503281151,-1.3929445921697559,-1.1822233174353605,-3.2253465249292184,0.4937112908685078,2.123164306454535,2.031929376970445,-0.6986494130666017,-0.11968882242418499,-0.4753678921877282,0.5003548393159419,1.4680741386868952,0.8561077038140454,-1.270582240757405,0.19078467737604385,0.21060522969201095,-4.312387111393441,2.2809301566771496,0.1379427989565701,-3.9321568358707797,-0.621940666762827,-0.7542229692361265,9.234706554359985,3.7927461703571796
-1.4039111787200387,-0.9429001453352692,-0.853400327332065,0.46637708136726197,0.4546814269790967,-1.7557629653178006,0.045061732496141996,0.32136096329281016,0.4691665653798686,-0.3775486843001554,-1.1501578355113158,-0.11659830244160876,-1.5830911774706065,-0.43217913468816527,-0.9419143795485763,-0.9007629994794774,-0.10348281235985268,0.7556129683983582,1.3724966496085262,0.40502862855895366,1.5866109557081451,3.5544668444954737,-7.463899365967341,1.020412311874588,-3.8879692098573386,1.123904930049528,-4.232319722060785,-0.7026629473463691
-0.6685195971057883,-0.6884486295000097,-0.9007457438600545,-1.366509216228028,-0.693351643290702,-0.019043192156507287,0.0617337030404943,0.6055811508586696,-0.31270800451678943,1.302540956291349,0.051537069854529514,0.06222067677536411,-0.510351140865599,-0.07280730992521683,-0.7542549290900376,0.5903947371798096,1.114645122870965,-0.6488512408315236,-0.3247657954214987,-2.5726845282966027,-3.7797121775989257,-1.973690911461841,0.3876214075088067,-0.35848268999827476,-3.133108740847702,0.9187796547468052,1.7084191585031747,0.2593705724410537
1.4653706042406576,0.35079439161337234,0.15764381675956823,-0.4281417506959204,0.23559508289131115,-0.5033295930409664,0.02477243995251578,1.8432182311774474,-0.007263440581810036,0.6447431751046058,0.22923877789412073,1.0555323243813908,-0.1900316084641787,0.5939336081212022,-0.6481729431554292,0.9822276848153825,-0.7270290390292604,-0.9430812010142978,-1.3044339465659478,0.6753937234492123,-2.018319744139646,0.8432843236893284,2.920980578857676,-2.1274742128617743,-1.1967574951642896,6.03268366859761,-1.9460189724917818,-0.8364803636251547
2.3893750529102444,-0.8027372196910746,0.438376385643045,0.4426362784555917,0.7928645368967737,1.0968855749347501,1.6926369201163403,1.1821446610195796,-0.13475451206722672,0.5869476931218641,0.3322516962461633,0.09923444347895666,0.044632373719396566,1.6311333046641168,-0.6995169663349043,-0.5396747965126144,-0.08483171915367585,-0.884784519523962,-0.564496738621318,-9.391718251110914,1.6258434769110597,-0.1696567469151341,-2.9187951515574033,0.5896931693577854,2.6734592041027896,1.8395172720204442,-8.169876067046074,-5.516338766109895
-0.006287474021130713,-1.5645538821273262,-0.6840068676865709,-0.29168539858766196,0.24562076339511985,-0.024914235495476417,1.608622574101653,0.18413532495960241,0.6249067278778979,-0.5808128432227316,-0.30822968017504687,1.1479162233014035,-0.633631783106431,-0.40269951672786886,-0.6370466903019804,0.3374183693278183,-1.6020208804893057,0.5950858305219948,-0.5567727654206734,-2.689030287895035,0.9664931595784518,3.1188501393268595,-6.424479884977966,0.7104812004228107,-0.34204844040483373,1.2899327509174985,-6.453459822509094,-4.646093836224728
-0.8357203339710103,0.30520008398547727,0.8296188022353872,-0.29107263995831156,-0.11450198785987334,-0.19602383678613775,0.8654656584605843,0.3425326676803044,-1.673739439695652,0.5194042655295379,-0.8920838632897333,-0.32028642998765455,-0.3852439867614665,0.6734703818562128,0.12531256678669997,-0.7221538565989873,0.1443217900767864,1.3988984049451758,0.5844889572115367,-2.4845821124036953,0.8387301499093989,2.114870462344967,2.88771288545216,1.4364527439066845,3.996320874269615,2.892482719260129,-4.457676642777301,-0.02944335889935773
0.7901047399821421,1.585026730598674,-0.32668409273241356,-0.5989052444279337,0.1462538140335534,-0.837192206777152,-0.45552268504314386,-0.4424577233269024,-0.6075244706182459,-1.0367695541424855,-0.704682868893252,1.0469470332694841,-0.4791154074318813,0.9797199261721113,-0.7745888220950006,1.04615306625705,0.3283955869380941,-2.217172720144103,0.7394072669180629,1.3560873459633809,-0.7229049808554777,-1.5916741799944545,2.281210261328121,-4.584781374346107,1.4967251038539562,6.019301756984148,3.3319729489988714,7.167253386752215
1.6221988890029557,-0.5067759239539706,0.05864278275026097,-0.6335520527695537,0.9046308623713151,-1.1158842528144055,0.5394110446686508,1.101896079231381,-1.1170782226306148,1.3759176199335028,0.11047212978953844,0.6444505463388037,0.8494012842335675,-0.31492137198684766,0.1880886573330245,0.27792060954109976,-0.10038461583385985,0.11349252050358971,0.7896776957857532,1.014087845714161,-1.9964681817883965,2.4162632128323827,2.6767854785130107,-3.943192902049653,1.7068387632447537,7.713241792072501,-3.4141536889680197,1.5023573310632046
0.7011353885066258,0.7796697991529222,-1.9226443860426814,-0.8422310947770847,0.08255120020341584,0.4658897930000072,1.0960622463065997,-2.1649213258988804,0.2685405023251784,0.2608708939163245,-0.46532155521419183,0.38170759495657547,-0.3295489646483629,-1.4943098722834056,-2.458038682633553,-0.9152559241187241,0.04587385075861751,-0.7542319877682826,-0.40450787891830187,-7.3672174353715905,-0.3039928460513541,-7.884146768642378,-3.16061095557853,1.8498646524599516,-2.846484830170456,-0.22056159705319991,1.023963003225237,-0.07970553632272998
0.43713873581154583,-1.0302142226698494,-1.9399444558760353,-0.9135887077974414,0.4507489274981548,-0.2915391090797678,-0.5489938679694519,0.24090699600519372,1.9591408709439186,0.9517030423232868,0.573584385080259,1.0990796562516603,-0.5423329970690626,-3.010710603954468,-0.37715102678935486,-0.8730980611883634,0.9831369988384921,-0.2031756845558118,0.5099492746358788,2.0823940623348123,-1.9614192409960283,-4.764530161380449,-7.574220377839128,1.7696225244678088,-7.6417486672552695,-1.0780530761387688,-1.9494716867259507,1.742428514416895
1.214376877298888,-1.5289917009645337,-0.7147933780079295,-0.541219270337929,0.3689341855762893,-1.7148720323864688,-0.8886891911152877,0.5698367742657803,2.0331092632283387,-0.257166532525287,-0.017840937786346427,0.24372520757224708,-1.335227528804486,-0.19864196879134102,-0.7200647985930464,-0.529583547280222,-0.4055224036831306,-0.35267336705485425,-0.35024380914469394,1.7986770763371258,-0.08274398253923103,0.18794809973496168,-5.23668658093148,2.169866087953097,-4.621921939273433,-0.6056635006886307,-4.332044362957536,-1.4269815828397623
0.6236724463934477,1.0696793698258291,0.5372729480218638,0.148414049562721,-1.4988815933551347,-0.9948462671237208,-0.7409658038441572,-0.5102757058350305,0.09607084241314177,0.778546114433267,0.17740231805892956,-0.4403021003113536,0.7735768402955686,-1.4881509012975591,0.8421810349482839,0.8859526767683559,-2.0733269688987854,-1.0301118474038977,-0.8948657274947242,9.036848509375384,-1.381868079393511,0.2572347172517481,9.828100909206876,-2.344629334679339,-1.8532525340808583,4.399948180624137,9.824684129192995,1.402844999760128
-0.3316418441943195,0.314470363371328,0.14959722368441952,-0.942102791338431,0.6940320526039881,0.962623494621042,-1.3749546000766795,-0.9345390580107354,1.8030524405149195,-0.904873840789287,0.061067014078270976,-0.3950964831142209,-3.0424460523844297,-0.8975210512716965,-0.7989668955316133,0.6488720117284624,-0.2855084995229766,-0.010314417431035386,0.897798230095281,1.3990785510225356,4.149998193228368,-1.6647464560909637,-7.308122079948295,6.13437418529074,0.5563315804427426,-4.320221700395059,1.5146073376991005,-4.003135448833505
-0.34920479739078586,-0.8122667638089576,-0.5634113086622868,0.05498004069200745,-0.14054964427639896,0.9936068092842867,-0.5587731906126259,-1.033081216548226,0.4524610332420183,1.2291805122501702,1.4018949294563718,-0.7810589957372235,0.7333471182703087,-1.3359582070210685,0.28850027526339467,1.634604626800328,-1.014254897221039,-0.10629550534505934,-0.5665484683910964,2.0233792413775604,-2.0168891555851722,0.6823649810045517,0.5575923491160408,-1.1761224815145344,-2.171525683589499,-3.600805613390933,8.81680922079928,-4.169487637660971
1.2172385186521357,0.5004289404949336,0.6152622304014812,-1.1848337265269293,-0.1463133512295924,-1.7408701221757936,-0.8009803837712018,-0.22627788995300796,-2.2059528669188238,-1.4088874927221529,-0.15811680261385216,-0.3265031863586446,0.5376396764295466,0.9675884676257479,-0.0761181076954126,-0.7411884079509998,0.7457737396113568,-1.486799012104083,1.5127777687597206,2.200681000793726,1.140729630728348,1.509154115721227,11.539131812658612,-3.04938625665229,5.699912798220555,6.308056017634349,2.4619178923562974,4.849526720005717
-0.4047280714321331,-0.9137571108580558,-0.2053761563394166,-0.3610552841923237,0.9161177377398456,0.5875240715441521,-1.877007915724491,0.524256823846316,1.182098556268294,-0.13862298473408283,0.3572162997808895,1.2520053561421922,-0.6286215945220016,-1.4101916525660478,-0.5041351757996174,0.15434196070070716,0.7678930548142227,-1.3182061144732522,0.9727799793610828,6.088558514325464,2.4331855895761816,0.3385314777936258,-5.17069759152214,2.712213551987375,-5.855401821117794,-4.341569689299626,-1.6533787339117367,0.2401215193036375
-0.13351935364176304,-0.6763004595000227,0.4838161331741076,0.46167634648271827,0.373166569680672,0.29445319938704523,-1.6709159807697287,0.37686470856502463,0.9483889600068784,-1.0539698027507836,-0.681472537223757,0.6500526201234058,1.353271764601945,-0.8412178750964184,-0.8677318371890129,-1.6047741820677095,0.6709910851599606,0.1732259498205372,1.5185821082149307,6.868409333334422,6.359724481716855,-3.2410797381641414,-2.655169499610345,4.48704986922864,-6.078335979004444,-8.892523700767407,-3.750656058549786,0.45501027287864104
-0.15539081547671915,1.5583244529650273,-1.3742532815504913,0.5141791418408221,-1.1980062687398967,-0.00282735513359974,0.9148179538915505,-1.6659694500209652,0.6852078814212668,0.6416186257463652,-0.784922098595424,-0.282307645545941,-0.9866690190232066,0.9102858427825078,-0.910795472745123,-0.3854951885245908,-0.2553527900379283,-1.1413620249919423,-0.2921005541049393,-7.133534675353327,-1.8534350626068246,-5.846927656889128,-2.484614571938933,-0.9616361211946332,-2.1292272729926296,0.5299720912258133,3.7503576911315646,4.1025878683720265
1.5254539072309694,0.7644451683825928,-1.972820690939507,-2.2042437069833967,-0.2977315281270278,0.5438230721362354,-0.09946565855006882,-1.156262741151936,0.0011012934935517292,-0.8381518495002983,-0.2542847454910178,-0.705301605386565,0.05939085733399201,0.07487094478424657,0.014283312134877255,1.7915839840935026,-0.3573635279216044,-0.1049750744859496,0.6727550941726368,-2.6482958517359214,-4.907453975568044,-9.312473438343044,1.4893484096909564,-3.106544475156938,6.297136757745219,2.8941375110077083,9.128501087139913,2.9857875669810783
1.0507834561102054,0.13455264190278,-0.8368908440323752,-0.10863236694369315,-0.3231219399820714,-0.7032882779719796,0.44836556445339754,0.3238764980937769,0.760384511296296,0.22583165376728642,0.8019099469798004,0.022221431072232543,0.00866102528342641,-0.30058344925689173,0.25028780371088527,-0.8728133406709344,0.0702413369221966,-1.3010838959811912,0.5399044994310997,-2.3296078815496393,-1.5688988371350245,-0.6683001639785181,0.7332245119364745,-2.811965143510148,-1.312647065102425,2.991967569464515,1.5687875407228546,1.8201517786591024
0.47033224633172055,0.8588233854680876,-1.6095214515205787,-0.0028262141845718804,-0.4632612573624001,-0.015561550465148217,0.10881469077235724,0.034526704383383955,1.3772045545892126,1.5282912367159636,0.6959319716335733,-0.0697691512921289,-1.5107338776392205,0.12652051850983254,-1.2869878737933484,-0.48129756103059296,-0.822557088200031,-0.18674136306270564,-0.016420181146952772,-5.5748489286889855,-1.5927708599801875,-4.389384915886147,-2.4380324765607795,0.41674880485939547,-4.697257031011236,0.3788285647829831,2.2428104842936083,-1.1474415313972899
-0.49245994366758045,-0.3839804061340021,-0.08310902990348441,-1.2909464269117135,0.3918076916993098,-0.2148041004206725,0.4416847926250288,-1.168981480832182,1.0700465894219942,0.7171518287463174,-2.681056082939687,-0.4438449625017696,0.03838235096412369,0.6223354573449441,-0.3907352128572846,-1.4578814319190365,-0.10463082441605578,0.11498788223148747,-0.7290587043736263,-3.0066573238016394,-2.5058981589364913,-4.148178875243561,-4.512790326962163,5.896279518336317,-0.09931570399757382,-6.386209247552005,-7.6364694427861135,1.6628622049879163
-0.9890153545165381,0.5970719642242108,-0.47904543189553345,-1.6174331347642745,0.500100045539588,0.17863045213016368,-1.6574901234388368,-0.48945366676014007,-0.35609780230835875,-0.29987890886838886,0.4180787492906636,-0.8365972833147629,0.8053919912814896,0.8538837106796642,-0.11551006163531928,-0.3026008844457199,-0.5660079909368615,-1.2409837816987745,0.8256744395636783,0.8266746730499945,-2.6370714753377373,1.17002743473745,8.248478737697193,-0.35518678350655375,1.9683854865225043,-5.285009506785619,6.496586062093519,0.11212742330547301
-1.1014675120343387,-0.3805626037608996,-0.10013978688341359,-0.982285346674364,-1.008819308892663,0.9184363186595741,-0.6235902583481797,1.2065648269143532,-1.112523012544202,0.4801337837679287,0.5478865965080987,1.4212934244928375,-1.2022368632024893,0.4650159834808985,-0.16948493531975048,-1.5455841663367007,-1.8121701913841153,-0.30430364455713904,-0.08264516217957542,-0.3940884918061077,1.8697069593067284,3.7651658874211664,8.81789443048753,5.389770273736778,-1.3278385209393466,-0.15763382907517887,-5.680905366957018,-2.968782125961875
0.0789993252915124,-0.24307027850079463,0.8245349526855303,0.3512010467415303,-0.9662479219173771,0.2845012130786418,-0.08227087537473757,-0.16502509934362097,-1.810005638504545,0.24675434657146153,-0.21067626846223475,1.3858372163211092,-1.1881420093320993,-0.45706526621444377,1.4074110002010567,0.03632674225498285,-0.5311471075537665,-0.4781384618405058,0.5922868666528434,4.436628331221852,2.931241977663063,3.703398618733554,4.399991921634231,1.2799605246134609,2.442880711673521,7.4788291277317445,-4.088847101156571,3.722323336178492
-0.9804388815016386,1.770981565980419,0.8261242086584382,0.28151793321737406,0.6395497995870966,-1.0133773882671115,-0.9272865355656515,0.06209269770516589,1.1359710776167598,0.6442259040290749,1.5953405907202876,-0.5504439675862519,0.576205265094722,0.7388953138358858,-1.0875145479487676,1.8061355348898986,1.0638989698633998,-1.0692297429165984,-1.0222616578180426,1.3761712977438203,-2.6125163255043944,3.3808357620108644,1.619438201369455,-5.643319190057384,-4.298788920768849,-3.31172058889305,10.66901164626757,0.038733073152097744
-1.6084338742916968,-1.3137885818375574,1.3606973923476429,0.7368578203092685,1.2780740240988362,1.340837370545044,0.8088064897840407,-1.3381033965463418,-0.6958256716345806,-0.8212982669710591,1.1829211601614769,-0.24596101517364932,0.058941392838531365,0.8588251117734155,-0.38743871744512404,-1.0029424781672907,0.8311413708331427,0.9453466966037547,2.019273362144996,-6.229834423733855,7.963999026299241,7.401404458303226,-4.834058198477964,2.9240902807380276,3.7757545029086126,-8.481776084031756,-4.972379971715976,-6.1187544035978485
0.033499295485284616,0.4135954435806344,-1.5767318947352778,0.5634036746780516,2.1378106663431646,0.24380765050975184,0.38308806742070123,0.1041144846614253,1.4648036751561304,-0.4839625112972343,0.6944570829471848,-0.727940732339523,0.38229843878730585,-0.08070573541914929,-0.10452644615817573,-0.12551592584059174,1.1815442655325015,0.048438412449380026,0.4927399825704304,-5.734061028687289,-3.7734733646794076,-1.0544911659330116,-9.377932643095816,-3.73777461571993,0.2239749867200091,-3.1628937718447827,1.6524805400628637,-0.36492561237280524
-0.9098249786087171,1.5660428721396522,-0.1168195517802609,0.4743390018625284,-0.7408598769523277,0.8432182124836372,-1.0231849144072815,0.14156048901623364,0.5124058639817911,-0.5948241658444131,-1.4951340083306077,0.00926547075469887,-0.2250677871604048,-0.8972170394571829,0.49109044577503747,0.33798740916833175,0.20103156321697804,1.7974256812494411,-1.573212882891395,5.543947329376448,-1.3868144135219285,-7.568261378162749,-1.1778961904142957,3.7993567547558387,-1.6923132485406063,-2.3588370126804166,0.8706227229300025,3.4268435931590293
0.5706881303810007,-0.01042421999070177,-0.31130734191660236,0.5864420328987044,-0.392608738528652,-0.06968340208847489,0.7406784051822375,0.20949622155812983,-1.3667035618747192,-0.21183450411494836,-0.08415633499006642,1.5868678561679583,-1.4039060578183844,1.4978303010156562,1.0110146213721483,-1.0035902453983596,1.5394918640816952,0.9369398931448131,0.374012706117494,-5.1647643169069335,0.2738504222037055,-1.1315488974061916,-2.002320911194341,0.30101310517367774,3.326243216584819,6.017628040529531,-9.959402257031016,7.2393781294078225
-0.09383553734108098,0.6630105505460628,-0.9029642479603319,-0.04405141398194852,-1.1505823296230584,0.8305230852254669,-0.5455715111540533,0.29760484573421714,0.3032277980774575,1.2862567918157664,0.8793887537878278,0.45592744805780894,0.3778982869272492,1.2176836550986436,-0.10632369254478038,0.31425305726193126,1.151520661367573,-1.7401993883314997,-0.004371131331372311,-3.1623642720175194,-3.1962736265291465,-4.852278234795328,2.2356555657455734,-2.535870521379854,-4.289904658326392,-2.2117749156647686,5.058562614334625,4.916181814158244
1.8939853124888089,-0.20508229137878933,-0.8771895644221516,1.1835192489139208,0.5963623043595895,-0.5141888783754833,0.23281981121524173,-0.5404444985964114,-0.41025935072474295,0.04620589695344498,-1.1676627910035493,0.7800294287966589,1.5265706710145994,1.068707237961088,1.3041621160218406,-0.5647892245581553,0.9327455593604265,-0.6801378813356492,0.5811376618096407,-0.4808510141359259,-2.563210283033974,-3.866387681853679,-3.334854275636307,-3.8162434279223776,1.5738238445356385,2.943615587640875,-4.936456455606515,9.981492840206956
0.07145426183127064,-0.5284992228147637,0.2472498946426411,-0.6269060312925879,-0.15998451212500894,0.7313508830037949,-0.7869125130153335,1.2055457437871069,-0.803739926396492,0.12437022442205381,-0.11660773169734161,0.47396623791504583,-0.5097409424422055,0.27098458472184067,-1.338184753440354,0.1732939560302131,-0.9351226791694183,1.420321699313133,-0.8848979214244076,0.8984840276884282,2.336078358051171,-0.822941894622175,3.4001581826396983,4.835411277294535,-1.0372962691294945,-1.2080365006277503,-4.135248365943064,-5.445330977510834
-0.0337884080672686,-0.3097756078786982,0.4811271616405672,-0.2824930257303899,-0.08267715696263447,-0.8956006097043325,0.1996352872182345,0.20236282614805387,-0.3390404526470156,1.2942918536937342,-0.42245523862435747,-1.8238229492226405,0.18191674572920727,0.4129456873302486,-1.4731452843962252,-0.7381258492122055,-0.7474022547835952,-0.45445869174517195,0.1950451447685264,-2.5069996055530073,0.6880869188694544,1.9670669524268403,3.7870612204387206,1.2178240673612797,-1.3010631071449055,-1.0237273343912499,2.258637150762478,-5.791927287722109
0.6745430560309956,-0.20885892256703037,0.6311646076535279,-0.0886658983258258,-1.3301619180519781,-0.635248407367676,-0.6698805555619812,0.17895456700973641,-0.23056468039792963,-0.5320283049266284,-0.4910466759622471,0.6927658251223172,0.08710090376509005,1.4776526241062498,0.7274883010076494,2.0069186947807083,0.26851662692870676,0.8086786340256817,-0.8369999570786436,4.949324511264698,-0.6415747596116799,-2.7521329895293287,1.792479896569553,-2.0751281748512422,1.085190236505193,2.215083434158901,1.095241901642495,5.095673332553032
-0.14642758273765516,-0.9245904620384242,0.4562040316870175,-0.45337283374337206,0.4845105193031339,0.5403273781811446,0.6829291275307031,0.9098411337163675,-0.32287782572733514,1.2663404337364,0.7382443119562802,-1.0560154277841025,0.8552375328578521,0.9153466123889635,-0.8082079264275882,0.9125648161830928,0.21352708175139265,1.2668524650786872,0.7389207903647119,-4.375397551919142,0.4898960295177375,1.3510233660702664,-0.582182802687671,-1.380507196111658,1.266626389900166,-2.700731856705383,1.2454880409541125,-6.424527765524328
2.3875344117874278,1.0192901514035175,-0.14641632990437797,-0.22159385609317692,-0.2540890477690776,-1.2122968816511508,-0.21179416328584375,-1.2725167839265548,-0.7627228548803434,-0.44928698370667897,-0.4175906166346698,1.6633466176769147,-0.2732761579584112,-1.3979597290863164,-0.20750448871459068,0.20779247660865752,-0.1009360472089224,0.48219846088696144,-0.003421256637380886,4.687747385848756,1.9614006047405323,-4.8516417690819775,2.372836729535663,-0.8844004548413876,1.1202258935528104,9.065196948801363,-1.4815844240124258,7.200078997410034
2.1352362050450626,1.2048142808672646,-0.2012366600644565,0.18605221928076301,0.31507036828832574,1.9289550706614889,-0.07773201315990026,-1.2431220788483939,0.2786114327194495,0.05702275772414672,0.49255817489118237,1.6328928473667912,1.0687231528255936,0.07782776115487895,1.2153759395828254,-1.8468172073083102,1.1239207094258814,-0.14394125848017597,0.9987842143215018,-2.800683711186564,1.7521152380804965,-9.159260846249113,-0.37600608135902136,2.183867700221913,2.6232612006229328,-2.7381063546839526,-5.882518143554484,8.467068063687044
0.9425024150623103,-1.0043426555792945,1.4928602562812232,-0.4615557932784759,-2.211627835535505,0.5912217102396482,-1.0200972214248814,0.6855096947600097,-0.18192233744772146,0.2499949512361473,-1.3626118224547081,-0.27043410439641413,-0.38357014129517936,-0.3989686636966875,2.126317556067715,0.1898043029994243,-0.7165965680915651,-1.0032404170041225,-0.2968105166060904,8.905097237127999,1.7891352239031473,-2.7486370162897567,5.54707672790707,5.00023882086732,1.2614204710767905,2.151321137814748,-0.7469663440521813,2.1388683179456858
2.0317231986800355,0.5320938293726845,-1.850594312711561,-1.7819482299824345,-0.2754462967455882,3.147376826986902,-1.5051715331742186,0.5676294649197949,0.8286053171563437,1.484870701340453,-0.1562473725346246,-0.6961277792979775,0.05215691171867804,0.6589540529773783,0.04450233871131665,-0.44687318898710976,0.12641407167533816,1.4946442969729359,1.4910090367160544,-4.7117794148508665,-2.431773437452997,-17.624711157530143,0.031161797724598678,5.9994871875481826,2.161327574545628,-6.568423773311904,0.44267757188355383,1.1267060679362473
0.6206605114052073,0.24947396835361105,-0.048526046090673174,-0.3140265740206488,-0.8002873249399336,-1.0545195631612432,-1.1264516054227558,-0.9635446219378134,0.2222061368715682,-0.5451518623722432,1.0386692303159515,-0.49017295242126874,-2.3226794479025,1.1574246836375095,0.41603889504426567,1.7967241999233299,-0.21832225847775763,1.1747937572331195,1.7587749797912164,1.5444008498056134,1.9734452824874869,-0.3324779455511097,-0.034499325297248806,-2.0391554100644917,3.9459258009148486,3.7308000315028407,6.382231033417904,2.6303189676116396
-1.0682776262160552,-0.6500942818672163,0.43323669036068546,0.7743584510783443,2.666780873268666,-1.087412966562574,-1.6760926939097915,0.6318044172131401,-1.3365424088955153,-0.3163618939939252,0.7018623410693229,1.430804261263895,1.8577310384236676,2.069877742038448,-0.6906402784342821,-0.6005299221197287,0.8103061956592501,0.4624546650359338,1.1216486331754003,2.665117270896542,0.9361209795492897,9.182905645549951,1.7371348465179703,-3.1161048871456316,-1.4537450156922804,-4.9931804048129855,-6.835830031716922,2.2094752448271504
0.7464601872150581,-0.9143045957715199,-1.0871908166594797,0.640872050842901,1.4642302179371256,0.6000322577657031,1.786460642637576,-0.3958013124230584,1.3556621010107115,0.7731762975767414,-0.9971780883464048,1.3451069664776527,-1.947795221831187,1.6015788369397437,0.6400923398943176,1.6090858990938637,-0.35176746457203534,0.7270326100164501,-1.08675156380331,-7.6554040347786945,-4.153080511612572,0.023667397654941275,-16.605312261029496,-0.2695528186258825,2.718247167704308,2.6381883025213044,-10.7305470282854,1.8155731570785303
0.5223631429145378,1.7079969886602868,-1.5216768369776827,-0.5330572329160821,-0.5050565303190191,-0.07694114367626695,-0.07449188171122391,-2.1438101132244607,-0.613933640674034,-0.21223292654637366,-1.6650056981699088,0.7841944279276689,-0.6621365515609579,0.2867143503772801,0.8470093212404598,-0.05274955365592698,-0.19992640160398653,-0.47144472284042366,-0.41514714441567657,-1.134906842567624,-4.736470372723781,-6.909960491455443,0.7758812510823673,-0.47536203370872376,3.5224502516422898,4.516076895535287,0.3320600784185688,10.738402614945437
-0.15196650882223062,0.08973816423792139,-0.22730342063297493,-1.417861511579764,1.7264693297777483,-0.7062226548887349,-0.19942440554209376,-0.8131530053566314,1.5072167728074006,0.9730685374924036,0.8691040537818944,-0.5929207128969971,1.1110313422865257,1.1543310264438107,-1.62723837602917,0.1174822498326256,-0.5947742065152282,-2.6546983237772377,-1.4383375217529701,-4.940749375748464,-5.0193548386903535,4.219668704519949,1.456519372053082,-2.1567933179945853,-2.4271829642035883,-7.1490388803945875,3.8614747305631862,-4.052282433607685
-0.33522842794411145,0.768828505476499,0.7848596788971216,-0.9603267395695951,-2.032750838707493,0.8801735859024917,-0.07356280347796139,0.7240929847871602,-0.7383728021465528,-1.552507293769473,-1.8583540808939376,-0.2664558473802402,-0.9921367512916741,0.6858154044758766,-0.25161102109833616,1.565571224503136,-0.05711720942425001,0.26066674036632104,0.3384050939349591,3.0830231858699193,2.6824654594464308,-6.016777254310144,2.538200174236671,1.9907874421076295,3.5612902165908227,2.6096769224948955,3.5594362922668132,0.6635422029498227
-0.8436362283470316,0.3515306294173386,-1.613719757485557,-1.5668697990362457,-0.14203189747310707,-0.9620597494835991,0.05166713866965636,-0.5207835384446274,-0.15038163119586948,-0.4151459891918775,0.22258013454916406,2.4694859470425836,-0.9251238494418644,0.735970557108841,-0.3383120188920065,-0.5155631832775287,-0.17548459378051617,1.6705277632849889,-0.9858178828644247,-2.8893685759985033,-4.000749974258629,-1.0711505327313642,1.0518596755984144,0.3393466281827994,-0.3616863537661652,0.9609913593359128,-6.605287906423159,5.681636853546235
0.9790795540679872,-0.07579414876523131,0.4507523516725814,0.05510396467888249,1.1255607163282457,-1.8931041424603856,1.4687076961942642,0.1088977712306755,0.03091146779749394,-0.47161510753057095,0.7998061499983308,-0.16895086073010246,0.516624070304026,-0.0046577299559046395,1.2019504398350855,-1.4250189550913113,-0.3072879554390737,0.6770874353867913,0.8862456850959314,-2.2660916187258584,-0.562623354831133,6.347764718641157,0.7516515682810596,-3.9697737771656545,5.278866745382475,4.865912942752894,-4.378387358697219,0.5489827437990815
0.11865132929105116,-0.3034847705080937,0.49276590411480975,0.7137592557881722,-1.630971295079973,-0.4690009350764904,-0.5733909384684612,-1.434137406777865,0.5611295262116611,0.15710200840438074,1.5493730660540361,0.3502796806241239,0.05457651085973697,-0.5777179809397481,0.5245539540759945,-0.35029940779661933,-1.0907207821159486,0.4927712653134742,-1.3273588110033647,3.297902078763933,2.7150390304878083,1.1332486191363984,4.953642918725598,1.6171936096316413,-3.1263348257717594,-2.171052642077734,2.9580153622488186,-0.5205775533977837
-1.3213280651683958,0.22931090021251394,0.012739133912733123,0.827470560167792,0.8588291749934232,1.0139570669558562,-0.6565100597307781,-1.0470419728140767,0.5454228104088691,-0.6952203369092899,-0.4698162331668023,-1.3669332451611038,0.5264128096228909,-0.7935066782603416,1.6116594917405866,0.872574709641764,-1.1827489516323195,0.9609727567308549,-1.668899793472311,3.953758571498149,-3.033852138036817,1.9506250555736173,-1.8178345367584643,1.490364507530693,2.6689422072823668,-5.176633656295258,4.084071354554098,-2.941692850486482
1.558452294062304,1.0174716866055138,-0.6161963892367011,-2.063239165623968,-0.35893619467532056,-0.4105348197416074,0.7689918008067442,-1.3409627646121909,3.332770803845999,0.6503492240680376,-0.48745212190094417,0.22228559215019147,-0.9368875816148102,0.5843975775698834,-1.8592392237888724,0.7236748728673391,-0.7911348115968253,-1.323045352842542,0.6526912666548331,-5.005519854193942,-0.5241427205725804,-8.58017260051755,-6.338719178532573,0.06980564395058858,-2.0955250696513366,-3.09657697491562,3.194111307443888,1.271414480520093
-1.009242881799295,0.1059140287519541,-0.4779999785228254,0.3045390601870776,-0.7853140482933209,1.1034033213319467,-1.4970105297914384,-0.5500867687303104,-1.0371853383654766,0.7223544651863474,-0.520123251072313,1.1386951437378887,-0.37259006310614273,-0.7954797762593915,0.1071970661547272,0.4108012557491391,-0.20835671744131018,0.7656466122990894,0.4981880496349691,5.546892586494118,1.431847957973571,-3.1428201867396877,1.3697679039931163,3.247630677103828,-2.948393154288196,-0.8309623283721417,0.0671865007113781,3.7399228395319946
-1.3867851698663256,0.36677088493687326,0.07150588504457084,0.5705913631302202,-0.13303203414580894,-0.5404135391243308,0.05393651044194196,-0.5988037101389616,0.02243378412940222,-1.432668462430343,0.6249924568971489,-0.02542601556775469,0.5208143045145911,2.234894115196247,0.26936932305088696,0.2723369282057874,1.6887916174094373,0.5922583033193735,-0.9195722965819947,-3.6207435141707003,-1.8806958710409616,1.4707096088280671,-0.8889462160848766,-3.2961617152646734,1.0661561885249373,-4.575656039271949,1.4286353712380748,3.351511746478145
-0.09024117455428395,0.9101725228684668,0.1867904186235562,-1.0723727311276046,-0.43897103186055375,-0.4698963822839363,0.7872186041646564,0.0950589346560873,0.6185628096767054,0.321980004318351,0.14501272794433712,-0.3654521189213593,0.07721798587816667,0.20187103574963777,0.07145795471487655,-1.0191373424191423,-0.7653594701102683,-0.12450214059768831,0.5033850043650661,-2.456252495285015,-0.8585009161730663,-0.09509891952110201,3.9472068464383,-0.36921903464339983,1.5961717320264293,0.031137056556658257,1.0966529294508405,-0.301353904902614
-0.946167078943936,-1.0409519688219464,0.2837970575149032,0.22246218916323662,-0.1087364151828885,0.7429201808555477,-0.3856325683355368,-0.6535029312170039,-0.2499553666597214,-1.592639775497004,-0.6823596673421517,-0.024975454187211706,-0.9925461943468851,-0.17420479015728518,0.7303237827569861,-2.3443942775275897,-0.13497952416346312,-1.204970823810561,-0.9299176028229144,-0.46048308125376847,2.549259638961317,3.2205340082329945,0.036312745861707296,7.079849656966115,0.8333407381664879,-4.112911244162309,-6.832237527776442,-1.762496874005834
-0.3158170070473911,-0.9825580148237839,-0.1074343420663822,0.4478521075945632,0.7115611076857692,0.25361730156440326,-1.2709320753114206,0.5165177123902241,0.9513978682924212,-1.3000775511228717,1.5009240917944755,-0.5774253189828512,-1.1106554288252335,-0.5868935600051775,-0.4424850573367405,-1.7841711620517278,-0.733620201125832,1.660263620553474,0.3789673506437192,0.36924908838028064,5.086287038470167,2.9430260484994157,-1.4213949592933126,5.8368996639742665,-1.3815655955546873,-6.337589222006713,-3.221417321166679,-8.039766062473245
-0.38842877419931787,0.08354360661174133,-0.9941851016397457,0.21811058742593875,2.756757153195225,0.42558734530817294,-1.7567960422876858,-0.22127212997862616,0.2018479055172166,-2.445169694565658,1.5595118816907712,-0.02755250584859397,-2.727823975741368,-0.19666169141605203,-0.2516578733797218,-0.9489336005474075,0.7973203377837415,0.4965584953671636,3.575968733337055,-1.514310666907341,5.215991049976487,4.7383290703918775,-7.542347652694578,1.43319198422402,4.475511261018147,-1.4956006459991749,-1.9900879378248806,-1.792502065623246
-1.4446217921853424,1.0003124299953872,0.9979299494013075,-1.0421234186997632,-1.3814776534864766,1.629869670372621,-1.4458212581518284,-0.9416680197610064,-1.0187894694968918,0.24638570327162962,-0.909560839720052,-0.8519215366597237,-0.7450722730179633,1.3133105889595957,-2.3098129891515753,1.1093215035108348,0.4138817653932719,2.3081455671882463,-1.0814222539385312,-0.7399887373284659,3.6206816347379727,-8.212492476208135,4.5576816768324715,7.808023773682264,-0.21254108230183405,-8.216991655008496,3.8758938149937996,-3.4951989377124697
-1.2791745082839732,-1.2248803578864984,-1.7108191111178468,-0.3997065197141733,-0.9460287358098919,-0.502377969286001,-1.5121601832080906,0.6440402730776201,0.8303435042226622,-0.5863788248094485,-1.3092541508685962,-2.0375865509486104,-1.1521890298996142,-0.9957578825408603,0.21880954862362276,0.7995663991026128,-1.1984515887485616,-0.1731410190860494,0.15778669114765467,5.563011523409178,-3.4025896060569067,-1.3599168077114574,-1.795377170868434,1.5606989280396497,-2.9976077931460274,-1.0584872343176037,7.740752720507928,-3.322685603425527
0.8293455732721001,0.30516839872732404,0.4705464865941447,-0.5441860281288616,-1.2182691301895499,0.28530069391680973,1.3225902800420168,-1.6202435849127053,0.9801641310607129,0.7250722415683558,1.089498454604013,2.288715366199357,-0.44925030074072353,-0.361621498864609,-1.3892654404542943,0.00897509464472396,0.3790335659070165,-0.42739496404865523,1.4474846034318836,-3.580318885801403,6.341017704848075,-3.926543200196806,-3.2026722762521382,0.12312067885579857,-3.3707479718325333,-0.36618467855306824,-1.3404596950058405,3.0885639708983033
-0.17493723681319312,-0.3420751645064589,0.4998939043867877,-0.6830284532974488,0.11894370037882358,-0.12421240159059495,0.9608772151827697,-1.2053274303124606,-0.16543946587102368,0.3568822394357607,-0.029346579385249694,-0.36094586912336196,-0.9285648293648654,-1.2059478692149754,-0.21553162106085663,-1.0670605194600942,1.3575254969441544,0.8402624034087756,0.5072703463039778,-3.5666566238851103,2.2727927395696814,-0.7942843923561752,-3.124233471400169,3.543286568465234,1.8983728627942307,-0.03832117988593773,-3.4273772238644216,-0.6255685193744265
1.0982639399030711,-0.3036990698285846,-1.357205038444897,-0.4038948494034543,-0.6531206307311755,0.0804575125604351,-1.2313097039204643,-0.53006714363072,0.7477365323825917,-0.6375794658926655,-1.4522182651416338,-0.1697745206642621,0.6511235440522188,1.1915876024100895,-0.53219267992703,-0.07148754862284198,0.5182655568314376,0.961995546865583,0.3306290724208462,0.548844055799199,-0.865015694674435,-11.284359975689199,-2.6466833313097955,1.8733875734706982,-1.32506356510404,-5.078188517261803,-0.11541866840378293,4.942434454062934
-2.073523722047063,-1.574112069676252,0.4757695496886314,0.5511332888091119,0.03872967473061274,0.46470428264474734,-1.0835343548764687,1.3866514638421268,-2.008898346776299,0.6863344678605692,0.005251767524858144,-0.13896918975880707,-0.1767935416595054,0.34811053733944713,0.09930932545755311,0.8449044785514667,-0.6248489296579534,0.4481745209833027,0.2571931366431645,4.419973065150314,1.0490103707201353,8.215783764654162,3.56692211717386,1.173875317411167,-1.4072436353936901,-0.13399673691422936,-0.7176395891371281,-4.674035028810266
-1.5172570284921731,-0.7495693097388947,0.966098300095711,0.624044955710222,-1.1369507148598594,-0.022042458238041768,-0.8161464964640291,0.7667056013642947,0.6744435349289446,-1.838508475188521,0.280393475923083,-0.3576725617358367,0.006764618028368916,1.1560390694666747,0.17745712453666396,-0.6563327767298502,0.21268269573575044,1.0910892092612687,-0.05496337877934432,2.6547527165162688,4.357120861983143,1.7410686398040838,0.7155777638732379,2.864431150865302,-2.0076493657637458,-7.495338633423269,-0.5563868254194577,-2.86549002168136
-0.6074124654041334,0.02679666825382897,-1.7756468856380299,0.06254106268099083,-0.43232809712637293,-0.4826492927215158,-0.7730670159168938,-1.1581805942819046,0.8158762098787865,-0.9008971064217884,0.3788652869214809,1.1329561489120423,-2.6030256507793736,-0.5840672429296643,1.0861786097738917,0.011633688252953833,0.2036616258748163,1.2247867668772543,-0.6847969975219932,0.5753568034760702,-2.4567510326261033,-1.6834807372787495,-5.443572562803043,1.5983225062711055,-0.5011332275770111,1.9252072199131254,-2.1555566442237377,5.439517201936992
0.4223379141074862,-0.38379124086870714,-0.2698528785288149,-2.3523589813047483,-0.9897141160789515,-1.1590133509652725,0.24226677323602244,1.3449254559760642,0.4198451981718999,-0.016431954890349168,1.2949623917928863,1.5545218788078767,-0.841314240672742,0.35290183955772597,-0.30129399749182956,-0.38848248379465006,0.22284161538134623,0.5975518615128791,2.2064507575053094,-0.8487898964939218,1.2313190910591334,-0.3409853954922867,3.3187495597865606,-1.6803057252070661,-0.11285859355013408,3.1211686944577455,-2.342164641732589,2.2281236031395877
1.1036875250136877,-0.4833308015852183,-0.31782490368230315,0.09287346908991712,0.9036794081199465,-0.26099097482392253,0.6170656087666262,0.9281095693892281,2.026816573845476,0.42836243032652055,0.16721644777878833,-0.4859955465875809,-0.2816248481980769,1.2330195192092173,0.30897118352624237,0.11463994366926901,-2.1152022448555092,-1.768766728661893,-0.16935243397855768,-3.2634669095375695,-2.496113945110672,3.714927581129609,-3.68098554151824,-2.110083135342819,0.18494320172057552,-0.23484829347531638,-1.3375738288919985,-4.155406381129235
0.5273887767884567,0.9310106846407088,1.215545152812194,0.049412046909758034,-0.5554067575349002,-0.9599620233063845,0.6908973091497216,0.3055507827503325,-1.2372625653425704,-0.7050183578691495,0.8505194656200816,0.24391443513571703,1.3418419125230665,-0.5387644152303657,0.014960131943411033,1.0896162177549238,-0.8305392744308934,-2.2718876869423545,-0.13927696350099747,4.1052476371898345,0.9096540265391128,6.145129497962283,9.781742373467766,-6.819259989335822,1.620798119952685,7.795545057878044,7.9879353983689505,-0.2082850907485292
-0.21305957598008637,-0.7888015041151558,-0.31182879869023755,0.6012388210678404,-0.4637919750650848,1.5192777964715767,-0.4459140769524247,-0.5963071077023883,-0.7566772869379796,0.23805237797400852,-0.12350711634003796,-0.07108537303569931,-0.1390426101130084,0.2696291513352764,-2.2703052363707004,-0.5017803035133526,0.8822718619192274,-0.7280555483166391,-1.4358797391410971,-4.536069331779737,3.2928058968543445,-3.961121485304648,-0.8880097172125319,5.282082143487515,-5.258743898278795,-5.593700389821921,-1.4601962324806324,-4.525561998985059
-1.4230485735408507,-1.036795072860026,0.5612793854298503,-1.3800748478336375,-0.19211051653064645,0.12380773733969283,-0.5209377729124803,-0.5547515506470498,-0.838693241912509,1.5401212412812828,-0.2576738781385011,0.5122872546852423,0.6564417816089135,0.26184650019076733,1.1025749290667743,-0.29975003445247334,-1.0943971025282537,-0.46557166533404726,-0.7190386467243272,2.6592533744610853,-3.1249551177624038,5.289973819924313,6.9806572314774975,2.709014169101165,0.6010039128582717,-3.2142741861452917,-2.960147182792066,0.527793072209716
0.5793522444527714,1.897132777206872,1.6387646696812086,-0.36661792989118247,-0.1390736399248698,-0.021056439284575124,-0.135792883858383,-1.56929918061113,0.547345170138276,-0.671744454453899,-1.3560637961166881,0.470694126610268,1.8024404645280163,0.549747376826034,0.7575637596654007,0.37002913273529514,-0.20544516096809748,1.7924932479617155,-0.744190871337667,4.793163469833437,0.5641695249281692,-5.886889488756684,2.6871799475136133,1.2711177049208637,4.164589936527855,-3.85893700908943,-0.6543138789581546,6.060331591624889
0.056618440913535156,-0.5547210276680097,-1.0309075982133558,1.8461947101580436,-2.626279933116099,-0.5196666636149162,0.6677221243758438,0.7523035189057973,1.6653212592105715,0.8311794868054517,0.08774964758627894,1.6839739243017418,-0.7300154788168889,-2.0122222662367757,0.8611713605435614,-0.46328622972718764,-1.5516329772367563,-0.9463962953339285,0.868000807740871,5.760560237422785,2.4961305912883294,-1.0368161254891557,-3.86077572197911,-1.4230570612033866,-9.987763730106888,4.9596646688172825,0.7804189569278437,3.825819713001636
-0.6877985712029591,0.038663649388920814,-0.24120562509074817,-0.26788248642373996,0.6236307322913754,-1.0520699895999128,-1.4516057852840578,0.295429839990172,-0.3463449315705486,-0.48203331727140486,1.1874146269942736,-0.024157730595016958,0.37907449201089083,0.48547445947490603,0.1961893230622845,-0.5894411538185309,0.31841267377707977,-0.3061705816570424,-1.7373585586811133,1.5371763101343974,-3.644008048085632,4.72471099569259,6.50043398204183,-0.7512712108794963,-1.1736738870329244,-1.900521289750381,0.8639498079067711,0.24017808674331736
0.3852412171622452,-0.8921723139072181,-0.38266354385792806,-0.9084399930291644,0.45065953273823844,2.0400000646866494,-1.0632796288839002,-0.14428049114993788,1.0418700592960297,0.511240233979487,0.8464619141805704,-0.413688670890197,-0.5219021819006225,-1.9206755274554717,-1.3064225963851552,0.2261996130500089,-2.4794790011402332,1.1494962922288094,-1.995632412455926,1.0738608348755587,1.8731064734457046,-2.2232579419297536,0.7643265298212552,8.463646593584958,-2.5832998661130078,-7.15037081844865,0.20940069647351534,-12.432741584459112
0.8773496431335642,-1.190953742767572,0.5716167083568978,0.8931785482573336,0.17786327734389973,0.3377943439993145,0.01570781992055584,-0.6395234248311472,-0.15345784129054096,-0.11583565674103818,2.4274405617551538,-0.058411600560456724,0.5918418513371042,-0.23830881105209037,1.56685746752078,-0.1983523708314288,-1.8571142914735337,-1.0595021744000674,0.3899614285494403,1.0718700093454308,2.4546767147050046,8.3815400623737,4.776280080173548,-1.9361790069003602,2.689669131660709,0.48127562187392636,2.2149354069394116,-4.23279012458104
-0.5401651822462503,-1.4438323252414027,-0.16610325173211277,-0.5863282798496603,-0.25154220208451517,0.9471758091173366,0.5016683418590506,0.7313818043020843,0.147926325205405,-1.414488002769307,-1.3064331495961299,-0.17223975326601396,-1.4705858467130748,0.038315560120830004,-0.21933684195885098,-1.3109016589096274,-0.21160291300296183,0.15817562371383168,-0.5928108461495963,-3.1621255128629246,2.0176800164967563,-0.5695759984833456,-4.134870332362908,6.897604336416969,1.3593488700146399,-2.5113939829815175,-8.176444445658287,-5.015912962635239
-0.4188243819597373,1.1686320289979943,0.18824890867402228,-1.074867017715441,-1.853200229838474,2.4725778019076006,1.0055619382950016,0.7855322075529668,0.27653633871268807,-2.491683929176646,0.3697957472350598,-0.766937596685573,-0.7708581815931896,-0.22798201134156057,1.1469345056708926,1.4124709248519625,0.3926103606601825,1.0666926932745555,0.25026569171661933,-2.1557394973396704,0.8767665083122022,-6.656895509981368,0.6211732473098531,0.43929437037585983,7.28431376582305,0.27995781508521533,7.350794786512939,-2.1644705114559564
0.6548617703270093,0.21685125752228615,0.1543531444406471,-1.7411764445904745,1.791612825792716,-0.8008526993710746,0.42979110509679797,-0.6444252904871074,-0.09119137838758974,-1.507251644132318,-0.3289595005299172,-0.2849620953718474,1.1893553823178724,1.171371537956258,-0.05195932097143827,-0.9913737729036105,0.7404897649004942,-0.12201447779006,1.8666286306497473,-3.7757655684159235,-0.40666629603386506,0.5268338179348585,0.6220110058978681,-2.2782600881322352,7.376623805950104,-2.0609258595259288,-2.676710192746766,2.1465374582481305
0.21944271298614526,0.2882595551291881,-0.6895614876887527,-0.5371480588579681,-0.4475870120412615,-1.0562382523629172,1.6268648554850733,-0.17921370589747107,-2.062313536003231,-1.5219628245539905,-0.2665827973893794,0.39774142428852194,-0.1509607486463535,0.4575517714249868,-0.2605909410508825,0.7135747415502153,-0.33367597240258556,-0.26062872865538506,1.2005711118955034,-3.259306087745753,-0.3187916406064572,2.500652974982631,3.486056364854166,-6.403471474186725,6.1845465340264205,10.32424185672648,2.2696266017162623,2.1856865742129195
0.349551293909616,0.7840651670166874,0.8199574138549436,0.5240371728573312,0.10452038385719149,-1.3002517292348184,-1.5678710062858412,0.8243519992004308,0.5854896101939638,0.10161635608703526,-0.3855086249052532,0.03352586975539315,-0.7090623511560868,-0.8872861082341138,-0.3137727215603132,0.1573385922333831,0.1166987228721004,1.1574046891751626,0.12384168305655631,8.194928357702198,2.210080298409041,-0.827581924532498,0.1283324588438183,1.7935929738664915,-3.467976971740912,1.6296852928323484,0.12260674564411753,1.3417537903813492
0.17063008282872819,-1.8642331084268382,0.3181723260189393,-0.6132786182305406,-1.5403381363018893,-1.7602953359007485,0.8979429476733012,0.9971839482397414,0.5949657249513901,-0.8982849046956148,-0.5618762707316496,-0.21121256783476558,0.2877127512081207,0.6008006688266245,1.8227293738839576,0.047523270345770426,2.128164882108043,0.08209886029821452,-0.49361194416474785,0.9003860396618796,-2.9896042888257264,-0.46325449892378756,-2.3978717130968374,-2.511426889000368,0.6577341281567661,2.4530487540505925,-2.322169610346371,4.963609987175145
0.020350535589338175,-1.1866362963843893,-2.3108037140538715,-1.4758799114637575,1.0300287193454818,-0.6078656997525489,-1.61011285465104,0.5882569228316432,-0.5553661583375844,-0.27625301990096,-0.189638202613947,-0.1090893674747524,-0.9678630437967863,-0.44646339244422706,-1.6177979581423496,0.5848390165838925,-0.281950886067478,1.0808204903337044,2.0151678410882683,1.1794522045552485,-1.25665230164398,-2.011025481479867,-1.9020839450882927,0.05690205512518953,-0.9545329226526753,1.103344692534128,1.0448552055150495,-1.8633876889897363
2.7130926943393834,-0.7370228184834724,0.09939875208428955,0.5051371984211039,0.968485422817311,-0.4772940512730211,0.2731645103894928,-1.1631942860569915,0.20590125623907468,-0.20161523568193473,-0.9043598627368753,0.21038213363729857,-0.5521497092117397,0.1499681079154386,1.407267857363554,-2.5141763333653593,0.8134600253513715,1.2443938300783262,1.5419186570362893,-2.2219375555927563,3.218377302964036,-4.17655758071089,-5.879880789574303,4.2163249456297285,5.282864151529647,1.8060059487939681,-12.580416678644319,5.589454243462426
-0.7611249162242436,-1.1992808177835974,0.38885677749677594,0.033404577030069195,0.16892832800974344,2.7706654363333505,0.8344653656320373,-2.1994646724229487,0.13778852016244433,0.12982572662391173,-1.547196261030746,-0.40013143868383466,0.7221749920116389,0.9326784610180471,0.9781532218122158,1.7571848679274489,-0.5692138343749352,1.1424995999031862,-0.014597447529970926,-2.344631902430989,0.6242249876358001,-3.599129118668074,-8.23148765072533,3.567194787176555,5.5966384121580095,-8.265795060837124,-1.66012720599468,-1.1983089901702668
0.3216205576491205,-0.3617611670344996,1.650988401093248,0.6338216598475449,0.17819702817284058,0.02125004153495023,-0.22575180987624444,0.8161474717556356,-0.6077063961102338,0.4490366651073623,1.570284116889926,0.5855719438512383,0.7104263313295495,-0.1285503519255218,-0.34442103666170537,0.00891671406813258,1.4194401924249662,0.5189358192604999,0.01256896405918343,1.6503605067614853,4.227675886801288,3.1741507131866813,2.039192057240988,-0.20019002422301357,-1.8245183193742132,-0.6464055759167527,-1.8246469939642764,-1.908018836892016
-0.4308306804479247,0.28370332696340245,-0.7889747753071183,-0.7513878776897844,-1.215730234772231,-1.9417915487994823,-1.0043614773816014,-0.7896516359304898,1.6582008967434765,0.40178848965545466,1.677687294469028,1.6053352324382644,0.31594036960487926,-0.024716521017170475,-0.2169348589011257,1.8856344101940683,-1.5308815236759203,-1.2088846285042463,0.5703840369682261,6.535434819617818,-1.9211350055443306,2.5130972709217336,3.7278887984457696,-7.033242395735467,-6.203006821176866,0.3861363254620518,10.148157766923397,4.922034456153629
0.7110276119254159,-1.287825468572118,1.7007002847404893,-0.2478418676416166,-0.7286467009742037,-0.027887430173727426,0.9823089228353266,1.6695052872273173,-0.09302254704075459,-0.9777941587375016,-0.7496707199371949,0.20986815532585168,1.8695447987885896,-1.5132416795953365,-1.047621264579334,-0.05211667730280304,-1.0454687559967373,-2.098311481625825,-1.9089457419882678,5.271465779164932,3.582353068957624,3.269857375133997,5.054898031514059,1.2282464604254302,-3.5294959254606315,1.3138868466295206,-1.387653483008937,-7.991389463678783
0.8175633440461659,0.6941988647182119,0.4544310009089184,-1.1438223715253693,0.804392921277655,0.32827770144846247,1.9702564776565596,0.9936440742832263,0.3263557224342248,-0.25181393558472365,-0.2728617334710114,-1.174016504901723,-1.1069672451968375,-0.6297603153503032,-0.5823565704323115,1.0915392619440685,-1.4271182015107196,-0.43897812268809644,-0.5539733590188022,-4.328805372437263,-1.1008582986430502,2.3833292287606946,-1.2650896655849544,-0.9154331410544827,6.0098754024484276,6.3144826090624555,1.664107544051417,-8.374920333386584
1.6990880057253435,0.8332103812882716,0.6212602342130572,-0.2720496172428863,2.161588481348161,0.6380057169329907,0.7414623081167268,-1.0445851290869383,0.5280701280830155,-1.2318485476091994,-1.390321953938079,-0.37799041040264114,0.01490635713987248,-0.13560530256609502,0.31165522641262855,0.40180923994176726,1.0542132622939733,0.6887803805666013,-1.1791507872881046,-2.680859416514461,-0.9076151622367654,-4.270177193309101,-7.70581404748616,1.898662024542464,7.348667959608089,0.11149910548435199,-5.513959327978908,0.8558749506462638
1.088215171102736,-1.0317527253251357,-1.0148224010582878,0.6654128108478697,-0.40131195378067214,0.04724564867169405,0.5893025490918411,0.3721369077578392,0.12773282744187422,-1.0690246936937076,2.8793356109029005,1.3250915240065944,-1.1948109941582137,0.6452934282514998,-2.3368007867314144,0.7922988945755574,-1.2752101478420041,-0.5618333848846625,-0.297123654208483,-5.857861828637445,4.904736716374007,3.891199371374116,-0.591604391036043,-2.8744316149236853,-3.5091234130343296,2.3594710851428085,1.5415187667998644,-7.939144797892335
0.8244444500346172,-0.9923275310751706,-0.41506384030165866,-0.6006251376358016,0.7592406044778611,-0.28445256216114856,1.396765245002057,-0.800757551335956,1.0425639027301261,-1.2003265533227327,-1.548401469797825,-0.8785443797225863,-1.2415842055985384,-2.5526352653052964,0.2839447985697601,0.7516935088240682,-0.1589459689169359,-0.20753833681647113,0.7101246097252674,0.9393926489722813,0.40956028463137095,-1.018861950371792,-10.726525470918412,0.7210770992721751,3.6731012156562226,4.689511336096862,-0.35153327093467024,-2.50218437216528
0.5279895803818441,1.4899312580288295,0.9475671434087174,-0.3108076661421941,-1.9288654125257427,1.2189821899724713,-1.2452872785977227,0.08108873237114117,-2.3236743839184237,-1.3312399863450588,-0.23143569968194957,1.2125426428625838,0.19358782346068437,-2.1246599840647122,-0.13996478180649718,0.7770409383442363,-0.20502168059612444,-0.45444876857945377,0.09329671809614073,10.075161211862374,5.385305169358227,-4.77776017270763,11.615390562226407,1.951631372774739,0.5851870868012413,6.227072150488704,5.73452903710356,2.727160139928048
0.2579195747272618,0.7927445962195518,-1.35290781369468,-0.5271977443182403,0.952746534783622,0.3959159882107988,0.2233010745130072,1.0098703780084437,-0.9496845309427815,0.10895190623252732,-0.9620041432404228,0.8907705447742075,0.2782986177969646,-0.3275008195729719,-0.8992196903528697,1.0765545863694193,-1.1162677659937297,0.30712850197668307,-1.8679857383267269,-0.3027553155511454,-5.172890731455189,-1.6650885158043756,1.2209209549947686,-1.3411645482977246,0.16606709020849758,4.881238321521056,-1.6672846587906738,-0.7636035164033054
-1.22921152131632,-1.0590024049130213,-0.368066466545695,0.8022547096687395,0.5631898778657829,-0.8051933973098583,0.6842481276187425,-0.22348285570979717,0.07208978059539015,0.7640921605759432,1.0127707782747133,0.2685514081916912,0.4706702849282889,-0.5639669173404603,1.488420942155863,0.9184194178937605,-1.812546121322536,-0.9843998321813551,-1.3934049510981499,1.969079569586105,-4.873956227183931,11.361919410895812,0.42039372828174915,-4.749641929869006,-1.0450914332094885,2.428747940920797,1.5264143249950584,-2.160776190551202
0.49404100162617376,0.6943521205703629,-0.1807645297633581,0.228812458182393,-0.9401139851884327,0.9568942429967734,0.7773939579580398,0.4619184269716643,1.4170896143613336,2.438185795881728,1.3007234356852384,-0.1929147907118088,0.7374597059345809,-0.23538058371771453,0.5560002142598124,0.30763019575191985,-1.208847147616609,-0.6461684794521908,-0.4037295974087089,-2.5318087356218637,-2.683734329475244,-2.176554974326866,2.139085787383224,-1.8748346920487382,-3.1283114692545118,-1.1209435552476088,4.96343000547286,-1.5582064284791437
0.20648316370239606,-0.5422939059509109,-1.1302956682250949,0.3523403223050046,0.8841186469463257,1.1951881758499192,-0.3121843947169194,-0.0021670683924154507,0.7406144604551733,-0.27606661182857356,-0.2013171851576147,1.1558665806304027,1.3762631633104194,-1.5264841334062156,1.267986170313616,-0.22994464440479265,-0.7127617558467132,-1.1571745213404214,0.14346710790970954,3.978218197708667,-2.00551519415219,-0.6438386119988407,-3.1743912089758237,-0.5355835601169794,-1.855156606673999,-1.821957094624691,-1.7789337949588881,2.529763344406831
-0.11396824350579067,0.728564059259242,-2.8771030974244454,0.39459339942979965,-1.6530103665937599,0.8852273270618922,-0.9238649235287758,1.1456402626377122,-0.3598740292776153,2.03089421693591,-0.5621986231049313,0.49598566499158564,-0.11243475234617327,-0.48123219662846534,0.36052742245702013,0.423248161413379,0.006034633443400017,-0.07309334005917485,-0.31483190037194453,0.902836250204038,-7.077665256382813,-9.733101268174218,1.4372815366447185,-1.4734165617848176,-6.438582867926638,3.5763207220312148,4.591007295450492,6.677952890464491
0.632591165443679,0.23700814117197982,1.3428693752000878,1.1886651683919136,1.5643189091685743,-0.26741079075554747,-0.788774494666352,-1.500285764756915,-0.2607059689501083,0.7436931724298068,-0.7752974582878354,-0.4785375437783917,0.41082632711775485,1.9612474871625907,-1.234850079718414,-0.804975642376313,0.22901391131469925,1.7949490871234148,-1.429457356547173,-2.393323805087215,3.0304876093730404,-0.5401569432593132,-1.7090416015335956,4.986199001910065,0.51482124503028,-6.948152047454504,-7.572614696851747,-1.218168221449988
-0.1109971562107163,-1.7477300538166263,-0.0687887711956458,-2.1603686230547514,0.7438842412980476,-1.2618624353260366,-0.05087354118975357,1.4553239155171953,-0.35612633087415746,0.09639132633449347,-0.5930624052082358,-0.24974459421671646,-0.2269002782907881,1.5747053261315551,0.2675180792752795,-0.034347438025291416,-0.45144605950766403,1.8467709617529007,1.006983105615507,-0.9195988153059411,-2.3486339835648153,3.278101233570739,1.099053880143532,0.5358411418766812,4.715332233663855,0.3397415040812266,-6.875120208797459,-2.096178588856055
0.38816204174554475,-0.4612946616636023,2.0889650180923236,1.8220670933671106,-0.20949408869580705,1.529721750872083,-0.38309939831792894,0.07175650030120333,-1.3388646090167609,-0.31390654501133775,-0.7898553321210159,-0.4644629305882598,-1.3853617540305054,0.4335984548199145,-0.8297783082448861,-0.571377619504035,-0.7609416474887802,-0.3278595629518875,-0.9721690180049454,0.6907469947121887,8.723272404105865,2.5282873624134172,0.6484854941445276,8.061227682690527,0.6466176253107377,-0.5175286193097185,-5.969963428020223,-7.275939462086486
0.09834634742455427,-0.46759520510683433,-0.21740695255320266,-0.20963490943451357,-0.1062363776102459,0.2232915774417261,1.4582389722046376,0.19248932729833523,-0.360416174342258,0.7465952266800453,0.6657564675568763,-0.6417635949611763,-1.9336927122947547,0.5108084260932042,-1.3191070814288717,-0.2201411022895587,0.17478200413291414,-1.4618082357030047,-0.9051629154611798,-9.611577552367264,-0.24887784931033893,3.2088495233714207,-1.6196221824045607,0.7036191439160763,0.2770605046204243,3.5075736511539723,-1.0539386853841224,-6.427364820686336
-0.7722275560242017,1.2889985101255774,-0.4832072985974459,0.48891287815994483,0.9054432009256752,0.014574469727639532,-1.7490110883879924,0.24971004977133626,-0.14305855067260426,-0.9393665524878414,1.001011325189267,-0.9181874505023576,-0.5599634312485414,-0.32787130566389144,-0.2596330212527747,1.7252899217424846,-0.9780747699521568,-1.3012312489857913,-0.4271516314002029,4.425059481343821,-2.065997750678884,4.2848850440941035,3.463035527156814,-3.593921900487733,0.03524745446699548,1.4060416174144101,11.073128172821932,-2.8060888722762525
0.6011093218256482,1.514043039320451,-0.49348372683312974,0.9010485158077108,0.11631405173469903,1.6059853837980331,-0.8695007888549505,-0.6145567564815382,1.7949061249108327,1.3785406365520396,0.13570464163328183,0.9895753861554064,0.8492865657678541,1.2267369901233585,0.8020788313761579,-0.1466519978562455,-0.03675207454441117,0.026664634753184837,0.6928953987157574,-0.47791111383351326,-1.1244988943719965,-7.979525138094861,-3.8704141235678993,0.15561114176548654,-2.6743538402614173,-6.918043998128171,-0.2142741116616223,7.063894862229898
-0.7786168730592913,0.31431735998943133,-0.7093790477019132,1.7505376652034506,0.40452511914113815,0.24771450329350417,0.2935781151720584,0.2664251471539589,-1.862314400291091,-0.6657226088754671,-0.2918762145179384,0.4011634733877124,-0.7091832628815559,-0.5947563072317786,-0.7450162443553853,0.20172608950206794,-0.17706576350394926,-0.2691586526864471,-1.5204033200735134,-0.4789384383797059,0.05370331683407722,3.7314715163424124,-0.29795884356812474,-0.7464453024693578,-1.4779971469777795,5.486960838147273,-0.904639277550866,-2.101062590747365
-0.19198404608047456,2.133965521602356,-0.6545518435516968,-0.6795206285336658,-1.3134741703373816,-0.600901947521167,-0.8544480491913145,-0.7720817952277877,-1.1234940599375094,0.9760113749562617,0.71873494078384,-1.2362583554134783,-1.1370171843506502,0.7720553924829228,0.6156740992419111,1.6208868150952582,0.8056342993397637,-0.5499062259760588,0.21460858702306548,-0.7719026163501274,-5.485899133466223,-3.11511149206683,7.727290966587977,-4.901186649325353,3.0925405791910934,6.164331855697046,13.168498823390326,6.187097709015651
2.1906490939448053,-0.10280640466618239,0.6697945884146436,0.9440138202047138,-1.0134187822385123,-0.7305244515423518,1.5947067584764945,0.8787202291837928,-0.5074453049624106,-1.093232160473743,-0.14381443369276659,0.05752239351348056,-0.45815224011630057,-1.0472081974693526,1.7034757349559315,0.006258400904233004,1.596398599778776,0.37323206060422703,-0.6662504585810657,0.37894958037567544,0.5717262958185301,-2.405894465813249,-1.9493670787350637,-2.3758150630750143,4.007631072464578,11.156044042360557,-2.770388041094553,3.5061392918074374
0.38153733974252424,0.2496467143993976,-0.024425719118827856,-0.8387679729730196,0.5997041941633009,-2.281219543617206,0.6281263231382974,1.0295887630995253,0.2188767108640004,-0.45086130720727835,-0.5299525561319871,1.184834387193902,0.5661887883227453,-1.70169629782794,-1.0464810090750447,0.005050510566368818,-0.9825836481762249,1.4385176682032537,-0.2844131082813987,5.210958571700071,-0.250041157787742,2.2419770736271007,0.8687288635534968,-2.340968872671504,-1.9721155249255287,5.67997516487145,-3.196452607601164,-0.571623733007901
-0.39840712775415177,-0.02981636880748942,1.1958040670835233,0.7860602244023602,-2.0383131867265463,-0.4250496897129092,-1.8651976311740999,-0.8592123240026862,0.6830102459168704,0.981422929281963,-0.024263546805605576,0.2877855975919123,1.6613968926175433,0.13395939222527034,-0.037142940486331884,-0.037808462964420406,0.42756540772526264,0.5626778043937624,1.794116805391221,9.161426949574178,5.4384750609812045,-4.8968936821822115,3.6745836406139714,1.1983755471823958,-7.3101211208657775,-7.546432452036513,5.291726648177038,5.871186219542513
0.3675434142345892,0.3252135221581848,0.5519641862643603,-1.387980513168876,0.40873939951267346,-2.0109491044016785,1.2741522267139858,1.6305891995904984,-1.3571693877198017,0.09768877862567303,-0.4692249461012612,-2.316872499916393,0.9890367482379347,-0.36567165401550566,0.2514046591025103,-0.1813196192453266,0.9782291289215891,1.1462943514550756,0.13168283253545038,-1.537400480850633,-4.5353547211766,2.1666558871833606,6.4768987289081394,-4.2313039829625065,6.040036617841525,7.540643546644795,3.0978262421111293,-2.2566296128374463
-0.6145485286934985,-0.04828835805695309,-0.1858294025411395,-0.24450788991323177,1.1706748712415904,0.011843867882853357,0.17284447807444492,-0.2662280312183824,0.43006652953565666,-0.4080559257109355,0.7486315471352442,0.5797280834374959,-0.17195391261313908,-1.1993868694330718,2.118841336027046,1.2301554513534343,1.3786675304733502,0.11085483898312637,1.8009619514369442,2.9369177942659688,-2.2182508344083516,3.070063063769629,-6.261612140393027,-4.818653330141153,3.723198436360928,2.690173829933084,1.812505708674454,5.427293273731302
1.0160889407703624,1.1077854128454399,-0.12960231261047284,0.6298110592006444,2.4087191831892447,0.16367490716696334,-0.5996152349690865,-0.40692715531080853,1.0414983053020077,-1.4337344161413441,1.6745132880239917,-0.345145312599109,-0.9089758239806038,-0.18347962747447483,1.4314031429593848,-1.6474074627720854,-0.05937257133174026,0.29357360564772483,2.149116737867728,-1.992198869459693,1.9470911651650915,3.5339454583919836,-3.417601005656418,-0.5096123563948254,6.2219948080031084,-0.6965040625275196,-2.3279769537171164,0.491732617768177
-0.47575609653335826,0.8733101178682858,-0.8698607183133967,2.0095990179745518,1.0371923008249553,0.13083790879413132,-0.414968469204173,0.7111901462935618,-1.0988702617622883,0.2837945204427294,-1.4217743291307654,-0.830753010794474,-0.06313598534260974,-0.010181632724468348,0.5369721807716508,0.22826972899140685,0.014385322583897193,-0.31236137071988146,-0.31817542638551527,1.5649181596464161,-3.6281981439229387,0.9675479866437445,-2.4431778960456043,-2.066575152913095,-0.22915437210696465,4.24557946894593,0.7294162604221596,1.992502200062205
-2.001373133732707,0.3679798445792732,1.08179746789311,-0.21898280553643817,-0.738332588253607,0.5521522981262289,0.5792484901250884,-0.22187528689797906,1.39237292772547,0.3021041480060889,0.7345236063874638,0.34323274908393614,-0.15690707204293336,-0.3283869203806186,1.9041216963334033,-0.4983061078209123,0.139581038871879,-0.22490020146289885,-0.5483035944624548,0.4656920955486641,-1.0742816248351177,3.873260024963204,-0.24653032318313542,1.0466028032448098,-0.33909229124253104,-4.6436189008371205,-0.178308216536194,1.1333878812000022
-1.2541716795557134,-1.794622830442703,1.6921608362039016,-1.4901519702955472,-1.8949502868538213,-0.4583077105183166,-0.16278836472222827,-2.2033371702712987,-0.9760174160664632,-0.15185623766702788,-0.3536823553208716,1.1337809550478422,-0.2096372831996269,-0.0531567120890128,-0.1752227756733594,-1.1036582824188563,0.3622314635721396,0.8668165521875543,2.9428219155396196,3.4826326379969488,9.439598352899251,1.391087435414338,3.5737594285482817,5.525419204474388,0.4085445490220749,-4.785007254843353,-4.1963008315833825,2.6980740929114333
-1.3677227725985421,-1.5389718087581736,-1.3556837817489886,-0.08891260081838304,-0.024183633168430536,-0.4517506220132619,-0.11167913631615234,0.4588237168993801,1.7838101279618253,1.4163068522499072,1.0132585431963983,-1.0200887706192756,0.5418619037064026,-1.2838416422586318,-0.9640333100249715,-1.6764407525586706,-1.2932714738107665,1.1513875075867228,0.8320701147865999,-1.3085963680483024,-0.030547483577420154,1.5042437328721268,-2.343558144997515,1.9365791150322136,-7.648614267779252,-8.189811267908185,1.3879632957666652,-7.5281346579512975
0.7626149246418803,0.6993722991202276,-0.6507044515265582,-1.7693678593827344,-0.2776303932318764,0.6057627229504776,-1.3622991248576972,-1.912070539465825,-0.5352069052350891,-0.8929024652311107,1.4423715245232684,-1.6120858218231229,0.8606262379366855,0.9669901467240997,-0.3975250840972868,0.6155035734953231,-1.1933471420029675,0.7346604095462643,-0.5242925311187581,-2.515842152195639,-1.8990080244464849,-4.255396666081862,10.854223825488525,0.2708615353001564,6.070078359272882,-5.27344784284196,10.591588776340542,-3.2622531129259458
-0.13095592264766565,1.1237238733057602,-0.060690031535642855,0.18738948093437013,0.007058506482865384,-0.4134457690637227,-0.5209629947173924,0.36184271577062715,-0.13069907998087862,1.2603683404642168,0.5177886926942208,-1.2097159474728703,0.1342583095090978,-0.23939722489074441,-0.2236511463526166,-0.4746903365351648,0.6827960935706531,0.5560216642431487,-0.01834749591656801,-0.747722273141207,-2.0138789160331325,-1.7312199998483793,3.1935759101593337,-0.5751127464160577,-1.6465254779532625,-0.022528322861954816,4.50733494426196,0.0019676557155833135
-0.8437223769796361,-0.1815968376201984,-2.2740789574926854,-0.4494547306097648,-1.611611624274366,-1.5229675746245612,-0.7082625371529986,-1.9360782215735381,1.9212900911223134,1.21937000666398,-0.2121155524154042,0.9237600214101065,0.6799018259142143,-0.3496779158959257,-0.24396216764099346,1.9630193399723175,1.346674560828956,1.1247472755151848,1.5210858491481738,3.4375659226449877,-4.223115156268811,-9.24948362383245,-7.614133360006654,-5.358928655225176,-8.297538756796143,-3.4958006094216465,9.024917385858473,11.681482913000078
-0.5146935915748312,1.2945735566614855,-2.1171936917365612,-0.8569801568536413,0.5189216677011336,-1.6758707293192492,-0.28258268177796636,2.1023758464868707,-1.3770326376360793,0.8209932186877419,1.6093893691851149,-0.8235670969280965,2.3780720542719753,0.5577426809391876,0.8917111848402036,1.2967212295829271,-0.005016437194871327,0.4051665178718009,2.3582647518947137,0.6223604829034632,-9.961939728691396,2.675536348193122,9.695113243363421,-14.179589733573444,2.2727440861959876,7.182878005814356,13.365536619609811,4.880743977196259
-0.5574065501546219,-0.23127311176662052,0.26246212103185396,0.41966659667400685,0.18493173712650826,1.4629620907651903,-0.48346407389482526,0.015447682322823267,0.2482687930871576,-0.7690979015113155,0.22221391654377812,-1.8890340068184046,-0.46037303494899334,0.11429521571616856,-1.3643030978716446,0.6062726817528556,-1.0814195049883155,-0.6000156206794031,0.28599388845757295,-1.4996600349655544,3.859417483564618,1.0163868304326789,-0.729780370044094,2.60224122996117,0.13110121359795485,-5.222720723542182,6.378910943029179,-10.0312707662607
0.3828332991817646,1.1839762220113736,-0.35284244191565267,1.4835855193168015,-1.6953100158827186,0.17612307699290833,1.049488557610465,-0.014372257669528895,-1.8230724315277935,-0.3864952957757299,-0.6441297677498745,-0.7692470397709653,-0.3486929276104409,-1.3632089073080689,-1.3415156479661796,-0.6451555648535894,0.7487434755908415,-1.0754396538406337,1.4936195514916735,-1.5559633579189829,4.901982698628114,-4.470075577549603,2.2797020882311423,-1.7387361101424252,-1.7468154694382667,8.0991537814804,6.473293432605504,0.7034539758925162
-0.37525339131059043,1.0613036830892948,0.6955470511611641,2.810919810060932,-1.1115727122906567,0.5527174592616116,1.8790720823651887,0.3792643327189188,-1.4653703504233242,0.49377879847186923,-0.725606721429384,-0.4419865885429785,2.0934894703828246,0.8005693777413881,-0.6338732002754035,2.0568378265876492,-1.4653770098380825,-0.49448971567755623,0.8685715106001936,0.45855509048336385,2.971203149055518,1.8306070362278817,1.5183835236250218,-7.9178222358163115,-1.013488112582404,4.778416359610862,8.318911366386164,-1.1813663966410066
3.15460202423573,0.8557338445551742,0.9462339124313969,2.3458749638244676,0.0991506578793432,-0.07579003339080514,0.7130678911960118,0.6727221915476634,-1.3263263682522195,-0.42781895956180926,0.9050679622196246,-0.46266939840882143,-1.4872283088006675,-0.7784654692314594,1.0565261195098425,-0.5119622263194883,0.47121399183592005,-0.31061385426034305,-0.01384670536179761,-0.8699057020500951,4.2782245160491446,1.0265378728914327,0.7838633211158007,-1.069601925615187,4.912950170404356,13.208156976970335,-1.7187003208102878,-0.34154338282236973
1.1494525812619578,0.15508797744161187,0.4527195344188683,-0.49760548046540315,0.40549293085947163,-0.3139228798996053,0.10502664207844728,-1.5798563708032123,0.25204266363775124,0.32309935013556923,2.417473400862829,0.6538997169795733,1.188747385597977,0.7713399386113003,-1.3638368805554508,1.485420950605356,-0.7963112411372287,-1.8304057736009889,-0.18034201313446185,-2.296752887637373,1.1741774589315908,3.653879111314242,4.688539094189589,-5.193776655014902,-0.24129869285694053,-1.4503829719299361,7.173637252349972,-2.1501523702972407
0.3984138257220655,-0.7006122547146068,0.8305362922992472,0.15716629338123828,-1.474784107229745,0.6042365039536798,1.5308974064574363,0.9552180872406967,-1.664291660577772,0.2164052748273142,1.3349420611856155,-0.15333927533293,-0.893449854015834,-0.819914714582361,-1.5467389658814361,-1.2947011359081457,2.146372294942898,-1.25614410955417,1.7903513612664554,-6.509205649004206,7.438097345531172,0.24474910709650916,2.306096979233957,0.5829952552282347,-1.4354472133521985,5.058444013781063,0.011814286184508305,-4.387028222066391
0.8322459580140458,0.9975320831569099,-0.3224377500320217,-1.557487854689221,-0.5088079841487799,0.812691623012099,-0.8815292885159955,0.09602215704377559,1.0074536448888145,-1.5732232551047896,-0.8121131190296292,0.20074534810806172,0.07360374993723295,-1.4202379257163218,-0.2195652014024013,-0.024334181880824524,-1.1077940414648952,-1.0797461424412582,1.3007369770471255,5.597897001563233,1.9543233939736522,-6.642855293162976,2.5965199523515556,1.9879912202965864,0.7471282435011545,-0.6351437137412488,4.449669307413113,0.9289478132409383
-0.11176391684072208,-0.7151018896090541,-1.7521470566098094,-2.822346092198838,-0.07728558513830082,-0.3983636277499328,0.1468380740691069,0.3180636390217563,0.9632973354131286,-2.0555016408532865,-0.3225207786123352,0.7845675844096008,0.2745625177993136,-0.02897287417613166,0.6200952352628541,0.07804787925470441,-1.2993882219091348,0.984490541964082,-0.18470360620440296,0.1837525444862629,-4.887735481520316,-2.3628094596436457,1.076886939314838,-0.39270298358358735,3.8998944864135603,-1.2236257712474443,-1.4306073404926427,0.7538093036038843
0.0011685699000237235,0.8925372239992148,-1.5584056641540869,0.4374013757400467,0.12516146120900945,1.0220879004321808,-0.38201818567101564,-0.9367214145487499,-1.7133766701277968,1.889883748320819,-0.5993790713706658,-0.5801937367778709,0.22211946354260248,-0.5396625288506979,-0.1626607129369826,0.3795433614536667,1.0699881876495285,0.185597147666574,-0.49026993883497444,-2.9619223062605537,-4.856578090046413,-6.238915783768613,0.7641036848607137,-0.19320166492674964,-0.3966796900155017,2.338793984085484,3.6126162107625213,4.147548042393111
-0.7802639601281377,1.3957114870486063,-0.33843512269733994,1.041678970897761,-1.503231801292779,-0.7437080422703345,0.04189452044560991,-0.27879575774849275,1.981767252767097,0.3793113334366675,0.47010860729246656,0.8982039913185585,-1.6849955909775312,1.066952642191612,0.2787777263165878,0.09616030977987189,-0.983105253328729,-2.690879429558167,-0.35897891582871044,-0.21786791365495786,-1.172793303389877,1.7596191691619436,-1.360016045614069,-2.7771497468041915,-5.758366866180576,1.3779463762432578,4.0526283155131795,4.773192604913685
-1.0366988021441734,0.8690672960100563,1.56561954836169,0.5714827463870507,-0.21045476006345135,1.4566270998720967,-1.0046719792573957,0.4809700155659265,0.043501391039060956,0.7777687763160248,-1.3150087660334326,1.5924521963741582,0.320698454259276,0.04220668725274426,-1.360960924155669,0.8409978765102026,-0.36338644664466124,1.0150155635822897,-0.09509397529808263,6.483550719610368,5.3593855820001925,-2.8076424808238762,-1.2758692108309637,4.900114134006951,-5.37205407166618,-5.504932769039793,-3.9268927497369632,0.20352009140155114
-0.09593915190388662,-0.13983676884993232,-0.7357451052233348,-0.7765627271501632,-1.1880289787908778,0.9854612532218665,0.5634460387910054,-1.5695047462419474,1.4666455487162318,0.8713351819779163,1.150043492093244,-0.2595904289044272,-0.8760906099495617,-1.0281259892080599,-0.875560206683548,0.49842535172005686,1.68931643521399,0.9004147770648419,0.9556827408886867,-5.462075338568906,1.6109577932521697,-8.342332062109598,-6.815482259227848,1.626330955429722,-2.8346980664088695,-4.707660910978683,5.175810168736273,0.119759203240358
-0.36572725552487195,-0.3372763960882766,0.4165691776747294,-0.8854994129547231,1.4698006235399885,-0.05020145532081562,-0.35990125892987396,-1.312249659590536,0.5332443119999722,-1.1013091094599872,1.3156017198628565,0.5341327378117496,1.8411132221803526,-1.1735908136255833,-0.17983345896895975,-2.575117911323977,-0.2427105974368918,0.22908711271415147,0.5053256149264992,0.3388191811349579,2.9023379097305444,3.663176542772998,3.677843459176254,2.7165183536412716,0.21509209773790805,-8.530815503843511,-3.607668405206722,-2.3835723338149526
-1.856069790316163,-0.4266091278343975,-0.16430854322006538,2.8114989843793246,-1.82038478090155,0.7630363723292898,0.9470142020342703,-0.29902902951903876,-0.7292580490574523,0.9669059553494033,1.0039270328603427,-1.063085741377027,0.8407076550408715,0.26250105681054137,-0.7980772180928982,-0.6556066584336894,-0.266728818841076,-0.499838280050432,0.4176323698291417,-4.112249268492696,3.7375926087983,2.605874018058408,1.1084492215953343,-1.856582941034391,-6.714473286334451,-3.4178063629463664,6.777432270546159,-4.575156342517994
2.6243742868115048,0.16034785783833938,0.023029018603553008,0.3465643442209428,0.04832235070253987,0.42444794671486186,-1.207818792107732,-1.9543241649515162,0.48715296430078775,0.7507018376784033,-0.3165166494481275,-0.9227909695510732,-0.7002124645022177,-0.13190777835039086,-1.32732942029293,-0.6271446579666539,-1.0742748232077581,0.32097022676798764,0.09959360639847696,-0.641223888167793,4.803194055557498,-7.433497135758745,-0.04691292411193332,5.789389299101479,-0.3224636987089689,-2.5658388043486404,0.1407069309106851,-2.1176575179359696
-1.5269755808312893,1.7918342905622755,-0.42282624768089216,-0.7082432961271277,0.38276387027028835,0.564106599651729,-0.07000720325574973,-0.102566777410218,-0.4243741954463821,-1.2444473224662518,-1.1107904175047678,0.7176503757887114,-1.47523518775377,0.14777571351667132,-1.7819945141943616,-0.5866949154214695,1.9370360677137184,0.2645441194619473,0.37427744440376254,-3.9339679465826354,1.1818209556300392,-4.503601642394216,-3.5945168014223365,2.745973044402299,-0.303947709792738,-1.1149796883362404,-2.3679901140378568,2.859566315611572
1.4719749083137705,-1.58463808084835,-0.1660375965312134,-1.3713449765577181,-0.9894973158995197,0.8510833791219313,0.2956829272368674,-0.5465310913603951,0.27391971377093577,0.8584095582558366,-1.3984167003256829,-1.7479853362686975,0.9454665708068702,-0.43302659255222775,-1.0238497926321557,0.21014393151527622,2.941182813756884,-0.7306775284449994,-0.5843276957658803,-4.075680327882039,-1.2949136834857808,-12.358363508261576,-4.041302329122747,3.7104018462107096,-1.4215760176362537,-4.222891239124763,1.845344267882134,-0.2910980817367059
-1.183256967761115,0.5026926458561297,-0.3502772679706073,0.006408123705762716,-1.9517190732658907,-1.5588262607839931,-1.4661953310419977,-0.16454966899544735,2.5632278458704483,1.330214746675563,-0.7817321332250072,-1.2641037081169333,-0.7239572776151737,0.5087045652038225,-0.9860696674608188,-0.7114016683413924,-1.0641804670230117,-1.0105449730665772,-0.9923429680573592,3.1644546531720406,-2.0495415348386965,-3.1163292544845453,1.4234012127991504,2.9020970982339565,-10.185908301086709,-6.667925222749543,6.652770073794315,0.2686975671482905
0.2366324422562662,0.4653061544780002,0.6089276848571,-0.054603629853185336,1.5951470710036186,0.6618479269527425,1.6221687539593075,1.6240828577411888,1.4865864586127169,-0.6696617172749898,-0.845298110801535,1.1421106617128447,-0.4299164905048946,-0.33468020713992286,0.22892155772683456,0.00553203260578505,0.8190397399825631,0.3164872756523605,-0.6459839691723334,-2.4835551410284884,-0.44914610719527726,0.1435269550017743,-10.471400013806843,0.7028767660147598,1.4573536687161963,0.7529012631260654,-9.527591104553057,-0.44075427925266114
0.7583992681162842,-0.380522180018436,0.947352358660831,-1.2079568277446282,0.9629385146865898,0.11978184640981461,-0.6618251661458675,0.02463482712757514,-0.27527934726009456,-0.48325114704988487,-2.542555022252078,-0.3036362149176267,-0.6148601884020064,-1.0661585958578317,-0.39169005610066,0.06455618680311226,1.2841274468973551,0.5756869959245668,-0.3501265522005148,4.301637752889989,1.1999892787125972,-4.749654400024548,-4.055054016706282,6.411390504767647,2.476013852239965,0.23579768985714783,-6.632238677233047,0.7022930735323483
-1.3985944847998997,1.1594700484352658,0.6572205089293551,-0.8931360628522969,0.11413473523249389,-1.344232798495156,-0.7502859531235814,-0.4572621246525118,0.6469043555450058,0.2585929621509941,-0.5668151193007451,-0.02767499200920476,-0.1370831606470569,-1.382452320740058,1.1215625788092418,0.07469730618049063,0.16690557770244666,0.2977941435656725,-0.3917169529970237,7.092787923534169,-3.362464407754345,2.04363567261639,2.4050921149187623,0.09817964802040781,-0.455815521957915,0.43332624585176116,2.419547996786886,4.499128675639912
-1.0096760006700196,-0.657285850698137,-0.23477592867027455,0.11329452405039335,-0.13499960838413946,1.3828013677319984,0.006702136294207368,-0.4064146280718089,0.9204964024861243,-0.7783700595655817,-0.13902723279528564,0.5736419055583044,-0.3852268979226678,0.01843264575943622,-0.6844956245439779,1.1884691281085924,-0.1916871896351997,-0.14494904199666236,0.022930825466725382,-0.06896748594037412,2.404684367745939,-1.1702903254013428,-6.488875127842983,1.4280142428803373,-2.109342084876507,-5.281066117487666,0.7169338022727999,-2.4449406195827184
-0.20016493018695325,-0.7602553333412222,0.13795155721387184,-0.676422763550194,-0.13538798241145197,-0.6812675493014768,-0.024446332718013757,-1.1161053784679817,0.3883247950085759,0.15215605086831485,-0.8250425182034211,-0.019837426292034614,0.8593841337388096,0.42305635195834956,-1.30712856743095,1.4247398104842817,-1.1456180796071984,-1.0485550922684597,0.721839401459317,2.4284103452432193,1.24131163076096,1.12272357025115,-0.6197380051516109,-1.915148680356605,-2.001061189676798,-2.568558772685129,3.9835981320074327,-0.9058027154844239
-0.08028898547391262,-1.1460048738946973,1.2558224223109176,-1.0278522245211679,1.5662754643996322,-0.8334484186999493,-1.3536971297052252,0.49226354214040063,1.1129520637241692,0.9773506074334615,-0.7114702567785522,-0.48956723146155323,-0.146515366579748,1.5688512880765244,1.6282859735071669,1.415471689784803,-0.54296113114431,-1.4690830525577834,-0.5309582345268412,5.287488270636327,-4.82964653587213,7.165628767535559,-1.3688771246984333,-0.3800241280903224,2.6692882523047503,-2.693484475167932,-2.302995296906208,0.7796297235447565
-0.4348225842654779,1.4761494103749673,-0.7932569984145601,-0.6774551186807201,0.2968587451610686,0.7486366503425783,2.2320084616268834,1.8064561420675245,0.6202606247350324,-2.460469137657039,0.11048129980087672,-1.8646381318233451,-0.8876532857827706,1.3076844212900263,-0.9189644043935599,-1.1545846912243725,0.8376429839577172,-0.4819937867408523,0.25928242435283433,-13.319174579160801,-1.654890056209158,-1.8358232706185489,-2.5601036276912543,-2.061700937815002,5.7869234198474135,0.6568773604821142,2.180291310095456,-6.181391376299121
1.030388195914119,-0.5756192264068294,0.9409512291659867,-0.3642542620597225,1.204717377082446,-1.3148082259974019,-2.160358901759152,0.5598132923404756,0.7398013771581048,-0.6223716065870767,-0.4537560147902893,0.5716875834083669,0.6376547770067708,2.791833343649766,-0.25841708055411233,-0.9363900497717091,-1.1755665813833365,2.3315474760593724,0.947215025773631,4.343539816376403,3.2938328086058877,0.6503586815074189,2.046525467724355,3.4019270661879295,1.259778278456827,-6.971027219689362,-9.147025832129259,1.256573388791115
0.37575989448973907,0.4952717609331353,0.6342713135039822,-0.01911476611504745,1.157046374052693,-0.3663500511008002,0.035356339579147585,-1.306722352838629,-2.4340664643367433,0.7347117977277672,-1.3564576902612397,0.7342263951966217,0.32955863410089303,1.191232132190256,0.2753497754643214,-1.5260606836427655,-0.30082280200458017,1.1075981901946486,-0.11048576399441158,-1.7526802560480377,0.3509856430767285,1.8693157506173494,4.877694273210596,2.8663200180373383,5.668039472095795,2.244264478429388,-10.36962727304918,4.481882486679024
-1.1535546098448175,0.6377534674648055,-1.537058722882067,0.5734056966867879,-0.5361075072891773,-0.11083775470179966,-0.8585159957666648,-0.7884569343929261,1.6759640268511657,-0.23497924576008156,-0.740072368698527,-0.40106860652671766,-3.448054580267547,-0.3111954301311295,0.6459679915345995,0.11724375270310071,0.8132512146212142,0.9312805068936416,-1.4040472623640794,-1.1522584982361372,-3.2973253154399487,-4.599979786121632,-9.78886811691454,3.9340942161310246,-2.5067137658282745,-0.43001933353951727,0.016572110855172933,3.730235914323353
1.1317172841815346,1.5808054121058546,-0.48463677986066495,1.9493026127649398,0.5779238865876696,0.9302249318648956,-1.1939065152556203,-0.7054946994110903,-0.5256974525252333,0.10804191946471312,-2.0579260074307637,-0.46656701953301666,0.6054787155245723,0.6480860536826016,-0.9525657474682234,-1.1781826748713402,0.7224998658586212,0.7705275163013361,0.4634542761492718,0.022271032852174022,2.4717747954630553,-10.22398735421598,-2.9021003653264943,3.7856010400993556,-1.5221973341054644,-2.9206287598248903,-2.5681821573589296,4.867783405531137
0.14624938305163307,-1.3838804744189719,-0.6694712985711323,-0.7380900943117726,1.6602697254505425,-1.6997388528865538,-1.0890724880062614,1.4286262215553949,1.3665674173954214,0.028449285334969363,-0.2218412009862405,0.0763839104314754,0.8786061233204957,-0.7406179740729301,-1.277477787960016,-0.08637893452073915,-0.4136321198318347,-0.055164782387951077,-0.8850767511921213,4.6244037027489515,-2.8480111191793727,2.765247708226489,-2.4841840159744186,-0.17959708725919094,-5.9430136835454475,-2.8636918195059757,-2.7197183989161493,-3.92809588976796
1.877734433655739,-1.6271693292676122,0.9401737072451657,0.39782446128745336,0.05480437925523281,-1.2899548344281246,-0.08485260264877854,-0.22828741636035624,1.393878262545793,0.9367247552748618,1.243464147866949,0.08902716276863908,1.0520463479954858,-1.7179687548569385,0.877503944808754,-1.6345664894076533,0.03342149852630178,1.5853763129311675,-2.3875201903498198,3.216304265326974,0.5316027269344898,0.8128557116283849,0.7325468535455035,3.9173837664623306,-3.5818040499846084,-2.5873127669725764,-6.762659188806904,-2.733321452410269
-0.6762380982996824,-0.24987568704300864,-1.7465407569613214,-0.15466882854065173,-0.15600690584451063,0.2296697880614092,-0.9814009372397774,-0.8350343792673837,0.5959695745700794,-2.004363613250081,-0.9117890806478451,2.3691356384174838,0.13192076806332106,1.2017411195423975,0.013206822553815594,-0.5086741078511494,-0.28590250593232164,-0.5648834395516507,-0.5639114935942457,1.1149900200648644,-1.5570084948691163,-3.220608193466437,-2.9617564382177566,1.040536083698328,-2.5908052886233013,-4.730275653328296,-5.427197189273731,7.28373730689494
1.0000837702118253,0.510008418200884,1.8718076232322873,-1.0474552388716385,1.1407565416952468,1.2420034392061767,-0.6335239373816735,-0.4733302995460466,-0.32357831130931297,0.16746251875971868,0.8860824534274074,2.09275972976387,-3.021876062996581,1.8298359118255163,0.5578100868330401,0.5150031931322835,0.032963859062266274,-0.5371895977681349,-1.7642534270365902,-2.8084248249211967,1.9314964272185455,4.168785324941968,0.3849215249908637,5.894115897018846,6.326320692722014,1.6969989206486407,-11.515905435977457,0.5522660209257658
0.8938333748014603,-0.2748510020817103,0.8878114346968429,-0.39342977363267057,-1.2852386389389336,1.5691616954106253,1.1579227278652207,-0.5948069207586049,-1.8717508118554849,0.04115849367095389,-1.9464286466833443,-1.0787266683816905,-0.6873614143934321,0.028739249540560445,0.7626155314132878,0.8375624595996022,0.39016699863862564,1.0726047573225548,-0.2817194483535765,-2.25732951170356,1.7181751236007923,-6.24924487089261,0.39280866852862867,4.220309597876684,7.595450547338312,4.739476398832837,-1.9417899473758828,-0.4469778120183813
-0.605559460429637,1.200884144895875,0.3185688868261625,-0.743265470213515,-0.06302599297007506,-1.0153852210490952,0.5852294765263557,-0.9708508271836015,0.055665310445955754,0.023356792093565906,1.0754566157476562,-0.8931607291084085,-1.8041696014691224,1.1859483483614977,0.5998285703081114,2.0864679816636413,0.9913658170273021,0.3492803638887669,0.18512625673740274,-3.949786683369041,-3.338805951004462,2.8605767492427012,-1.1368859660563657,-5.224711615085281,5.966207998320147,4.472679814569523,7.4808012821343395,2.260000896777528
1.510626442588124,0.2704951271836227,0.3834026064217028,-0.26493299728208414,1.2125224369137475,1.123234142664046,-0.4665707831005954,-0.9679680566487592,-0.1399739028442145,-0.43215492730549315,-1.4733222757308477,-0.8070475524960461,-0.6361170116946586,-0.6587775144684799,0.7063740474959226,-0.18221013890161503,0.6681875809970673,1.880802533227192,0.48831619833734574,0.5924334257978564,1.6650736699142954,-6.626301923647194,-5.109943830568957,5.569545721726355,6.608345279105848,-0.6359627060028213,-4.91108102809445,1.300308331923774
1.3837682660159778,0.9464419083272132,0.8113153523211101,2.565314577537846,0.6410221192061955,0.4540889832899062,-0.3413635792375825,0.36944450062091083,-1.2396315944575056,-0.5958972502896406,0.8488954665543142,0.9297044839953148,0.2188518292209987,-1.575298377620569,-0.8876041393048407,0.9175488189900607,-0.1880133489992114,1.2088065241549144,-0.7253497905423378,5.208123800766913,5.903508731416778,0.6653253863597262,0.016188270225841166,-0.9021571929837061,-1.5991538421271798,5.803127008981304,0.019553217184426486,-2.5216613409451387
-1.1021991894821466,-1.414268725780935,1.0962480883100225,1.1750027497245332,-1.3955117857091133,-0.3269969912225593,-0.05269226742396674,-0.754989104197573,1.0099550073756272,1.8397983128602031,-0.18879696765193998,1.3131636114609884,-0.40151614669201363,0.540463990078144,1.1420301032437696,1.9501883314729802,0.39272215471683436,0.3798396013846338,0.9406543924047781,5.634517063806406,2.381150298151639,2.1073032509441116,-7.470069277304116,-0.9790223498107176,-5.069645454772248,-2.1547168826274286,-1.0066472038311132,5.555045297010375
1.0475312608461134,-1.0434985086800213,0.9571281802818334,0.11310472069870864,0.6153689015737057,-1.7943648480362582,-0.551309793507739,1.004363554009986,-0.7257563178847782,2.2738548064299584,-0.31205232817123296,-0.728328033671525,0.10364970709825709,0.585770066510518,0.9519598825373294,-0.016995084891730947,-0.6142066428973713,1.89963771979928,-0.8224491323852364,3.5072677350225594,-2.788919403022075,4.146575162442197,3.403611939254411,0.9638296092096482,1.3358098614312908,3.950220649320327,-5.721058714206017,-0.8019278281192624
1.1983285707467928,-0.840444040146203,-0.24237457028231393,-0.9478125175362763,-1.3495629505142903,0.11691390977756155,-0.0685536068435085,1.3362190913188412,0.0960869636398418,1.5377307900986628,0.8215301014244746,1.045473276161286,1.6388210340241702,-0.7567050371177964,-1.6178151123961246,0.0023891935256644316,-1.755920545025254,-0.05168958763137058,-1.3552678764161277,2.005370768395443,0.43300446374440016,-3.0950934218831043,8.321537449380173,1.2079645796046432,-6.947533749225774,-0.7322422752331085,0.48632893661224313,-5.040865203890967
0.7265036048006751,1.1633058288990556,1.605252267105327,0.27849362579981984,2.3589962712058363,-0.5563259445519294,0.15965032184614306,0.038548890941477267,1.5174212382829726,-0.8098378025668472,-1.4491783619090453,-0.7465481847128681,-1.0023528144385518,0.6145295655758123,-0.5319241217323387,0.07014043703165684,-0.7883559968095575,-1.527008629878961,-0.5908067128471208,0.466524463432099,1.1669965198294334,4.462790261517604,-5.970528543995002,1.4749590270178392,3.223231782875436,-0.12312677519904754,-3.8397766708993495,-3.1789560744757344
2.3381929960478938,-1.4317180414310209,0.1868660500150608,0.3815454149251384,-0.29816418864842653,-0.2793996128935209,0.34396679532391833,-0.08304693633710271,-0.7704180727047776,0.40288062101041466,-0.014261818197831611,-0.6091014759256487,0.38245777761660305,0.7483934766714241,-0.6336292382186984,-2.0656250716599396,0.11418457371448679,-0.4682042006094299,0.7673147693383773,-4.4006091803835385,4.147534881407558,-1.9790602429604869,2.459279771026054,2.7680084977917367,0.5725720447664021,0.5326817361255782,-5.665736943131032,-2.169674556356238
-1.0585780243484022,0.2831122834581447,0.3901331941628538,-0.2940915230576761,0.9245329280429595,0.6584438805876772,2.4412405396985446,-0.026695543262357093,-0.29989717633724605,-0.26426192854424835,1.537343705963459,-0.34123000994462244,-0.6168143773280851,-1.577966081437906,1.5672168692155277,-0.5362795143096457,0.9142434837490587,0.7376653985826842,-1.3145861512949097,-7.000652028348618,-2.9558124342139225,6.592800515325047,-2.0300746544525317,-0.8629924279868689,6.184784255535381,3.30981395935167,-2.2716932169335537,-4.174819473935618
0.3581817580191728,0.3744848050195029,-1.3352218330962666,-1.1239611804507814,-1.1539567991641186,-1.0132299540983252,-2.435374845609637,0.2802827084760626,0.5033166089336578,0.42500676880245897,0.9635278455255912,0.31813350779211363,-0.2846142585862782,-2.6820283740034343,2.3212013609336943,-0.4428253053139272,-1.6696628854215347,0.29700767732751854,-0.5368912815041501,11.697534274499635,-5.247324250845926,-1.4243436085700212,9.910034394261801,0.7267508383192762,-2.006984718731495,3.787513238215346,5.978965563436781,4.96336023813393
0.6614777382746513,0.36798099032420833,1.2229465243480193,-0.4494429597587396,-0.15711519754854272,-0.6210733124158999,-0.04970618081727236,2.33433314456477,0.3309466420010101,-0.5124060226898272,-1.357454452563741,-0.987036847766704,-0.2724910782251823,-0.8562089200830438,-0.6966249224887017,-0.10861148878440262,-1.000690762182211,-0.5823311046400417,1.3695210526733563,5.631685766389691,3.687245516797643,0.5698991609985111,2.081212990231971,0.9713597517681147,-0.08289689420624186,4.123965956392524,0.9986583338032909,-4.551168574547422
0.4155745000139392,0.3461453820882028,-1.5286477905194804,0.35784999440589843,-0.11550640884901318,0.36575477424796327,-0.639612453968887,0.6910033055741368,1.6395959791426462,-0.8260618649433846,0.5748552146345508,-0.8374254137067326,0.01916252358250863,-1.6565655335555702,-0.5867159986070525,0.6124246186670084,0.9950692962266088,1.638776347155122,-0.3769936231496305,1.4048012561803047,-1.3154238640791756,-8.462410036752855,-5.796769014150806,-0.29472630930622357,-4.070039998922121,-2.502752270026442,6.087286463434866,-1.8880338906920868
0.31374813940375434,-1.2489937783362062,0.4283061155648994,-0.002636204980416392,0.5433181760631803,-1.8319194471027989,-1.0202506930947237,-0.5135330977196491,0.0735125570103836,0.1840209667728857,-2.3071668149265743,1.5912605691928765,-1.4353755382774083,-0.32829203763916176,0.450671913605387,-0.008691494494890265,0.8006052352100391,1.891960185716297,-0.577175906841557,7.42697684816541,0.6128419778474329,-0.48453282978218554,-7.161918646436479,4.968975670208908,-1.691767147368318,2.4441491098894934,-12.710545144593537,7.058546685321667
-0.864434402081375,0.9413947088815169,-0.36911708189007336,-0.007825733852084875,0.2218470455326809,-0.5215705269400449,-0.8741406155708551,-0.16538454572264397,-0.45745067939250345,-0.3417714468409561,1.0423262989358717,-0.44743964483919285,-1.4125561900166392,-0.21554475407719056,-0.7729921936579963,0.9371683080461302,1.432796279055033,-0.20813605239487915,-0.2552734127328778,-0.49503535148116556,-1.2983389780640895,1.3313045102992422,0.32810278361285394,-1.9112059109904387,-0.9679046606157704,2.2592299109869938,6.408144518963259,0.34097653248118437
0.21556996446165347,0.19063324258853656,-0.34717066308989447,0.03016448414787421,-0.3725746420702365,-0.7373957893237689,0.542869324893866,-0.08337023804819406,0.126968148594221,-0.7772041966364736,-1.7273574499318054,-0.570271923447907,-1.4461704888121134,-0.7846006930517674,0.6331000903033607,0.4423387219714553,1.0747966999516119,-0.6837592337295715,0.27903544998088886,1.1009562120912137,-1.482560538481242,-2.441786351171488,-5.760110695429517,-0.6401151623772138,1.6688630000707247,6.596559395482009,0.3587464256717432,4.187743194467046
1.702550414734544,0.16595018536212192,0.45050895226669224,0.1360296470390751,-0.9257009557537254,0.3432093579487006,-2.291805469953358,-0.19647577136235603,0.4883946212249297,-0.198621262142358,0.2546561842995737,-0.21772575067421399,0.9096107277668077,-0.2993921951810296,-2.842675092157895,-0.8216175890386932,-0.06868952637284538,0.6143983299168424,-1.8102970286867706,3.674903283741532,5.555282332350898,-9.460861652978485,5.628171625061764,6.843588965611531,-7.758765625560845,-7.907491051186475,1.7721909871548112,-4.497139590128389
-0.14128516337490576,-0.6501184080952681,-0.35769183720929615,-0.4879668758203674,-0.5596845994987752,0.4547207107994519,0.7716225341698695,-0.8245561067731825,1.0888772215070837,-0.9710206450528346,-0.6851637789634074,-1.6800571381710458,0.24981944795397285,-0.6400162627119506,0.7665190416363883,-1.0939287130549213,0.7367074968614266,-2.0090580661852377,-0.09348948481404834,-3.336449006904939,-1.240957183294699,-2.5968326725865607,-2.5044580414533986,1.5052638047752116,1.1810342047057794,-3.471077946216295,3.100981932057973,-0.8106411077298211
1.5453905843014513,1.3894741068501881,1.2682576814987374,-0.2150585398991973,-0.6104394026382414,-0.7031099499079292,0.21516863963709695,2.2514012245814294,1.2635999649315894,-0.15162220942901508,-0.14661694262628192,-1.246175960371068,-1.30715940602832,0.6907949003987973,-0.2719360721742618,0.6322071210485813,0.12807182814409415,-0.2816477669942541,-0.03407633071366118,0.16557748321628302,0.7517971939311323,-2.586827083730819,0.38162305803827395,-0.8620912032588602,1.3996505767662042,4.914499061063312,3.1590683010626464,-2.492817318929102
1.2509802615161494,0.8305162237187419,0.4035912772791072,0.6787010508823641,1.3093332983227945,0.8994294561279089,2.2935399076172267,-2.205678245672068,0.10920631072153147,0.14700449496300297,-0.3429620294670459,-0.7315442595613202,-0.5387424957852901,0.2420758376876621,1.1221920903551825,1.0859983288545532,-0.4246284826227794,-0.15691092889206115,1.4264829799964893,-6.731204589396926,0.689431433800979,0.6093013331397745,-8.203990246276192,-3.176789500489018,9.770971869940357,4.399902903637539,0.48382767673678606,0.7719117743717208
-0.6552581372425957,-2.661975764383335,-2.4753497066744146,0.31124951909967635,-0.16533072118936856,1.547671467625936,-1.5612296199773903,-0.29785443503981135,0.8899499780267858,1.0754012011247802,0.7966574627471044,0.6114168660590747,1.0073214995976527,-0.294209175270182,1.1302104185324464,0.2664301255320185,-0.48188572293237547,0.1514879884012424,0.18916173466582253,1.6937739539850016,-3.7741104227932563,-2.546372265918549,-4.440430506399052,1.2198333588853405,-5.9848628954259455,-8.542692042421175,0.312169163889939,0.7683245212233403
-0.7816004708882534,-1.5236198006168413,-0.2906564678414727,-2.005100110972024,-0.16799154540061964,0.30374981441560023,0.2384569596346356,1.3506586636770421,-0.6735688349421232,-0.9803496938999655,1.2165676716674252,1.263086340817488,0.3348011665002442,1.5654188265618263,-2.7501482353903173,-0.8408224165211572,1.5080458274223243,0.8386593095662975,1.3843326154872984,-6.883527364436137,4.333726524779407,-0.43455780636683505,1.5423673093648747,1.3559519644160412,-1.8513311760798083,-5.975158309908262,-5.211544417623109,-4.662105833427743
0.21526461054002216,-0.039434343126241264,0.729330754778583,-0.09407588090923279,-1.0027439016239792,-0.6439491965166114,-0.48642341123619764,-0.8748972094713828,-0.24858466838680995,0.02485816783790262,-0.1737866546128841,1.0952942209644942,-0.561270295024155,0.6571422899186785,0.9733750407596118,-0.8801864776406271,0.40563455289767436,-0.9272832957207725,-0.40924963160509764,1.9975194671414913,0.9962878059230619,0.6495061061141638,3.4419355944741397,1.8040285512503726,0.015420448425429112,1.0550346343395998,-4.035751946484845,6.021028197994002
1.31370535554076,0.4383462831767314,0.21848584335038607,-0.9589546095870604,0.022686682869293005,0.8658692905547339,0.2355046224964398,-0.30782310362240284,0.36595264328634125,-1.4697194391042647,0.4230429932876124,-0.6783488747272334,0.28704053054586703,0.27448749649670656,-0.8268749374775441,1.7785995248458009,0.6847338765748517,-0.690669032961589,-0.5090320249797228,-2.1354290551447934,0.4798063262915073,-4.796560244411525,-0.4893533032678517,-1.7137070187062937,3.7591702861914973,-0.133324819907796,6.410842136649961,-2.5440431097363585
-0.8638688752930492,0.6395288785954052,0.30707336716384587,0.36663075887933666,1.5974667549206751,-0.9770198282129823,-0.03687863816235961,0.8626040839227161,-1.44611615372615,0.5715543284590049,0.004744365580731513,-0.005210317962125069,0.08005087428849612,-1.3072308846596927,0.6189883840264407,-1.949672318893102,-0.2354535973488835,-0.7833398104411768,0.17104945220732448,1.949659501619087,-1.7819389248369482,8.893206256079111,5.091457395629994,-0.5642228532274287,0.6781379134903298,5.008455423138692,-4.1087540575266495,-0.18145977509006883
0.8103229878200371,-1.5025893765970115,0.48018374490472227,0.5931516395386885,-1.1995931240109767,-0.41082720497822145,-0.6401686822406547,0.8540804156263573,0.23249433870132907,-0.8631881367718445,0.5366532821091402,-0.10151180504880802,1.1664649153290716,1.5167782423296214,-0.7971731179799414,0.274599219147951,1.070976717680065,-0.220843164283582,0.9290514360458755,1.366207705591223,4.4293784316306235,-2.390333644476971,0.2695780597143577,-1.4724377306587368,-3.5009445434563102,-3.7345658695224695,1.6709270786770025,-0.4954689240981821
-1.9943341710401328,-0.014352476414891914,-0.06202791205170964,1.3644684330252124,-1.750566462189899,0.7498412270901466,0.9695152333647841,2.0904423725780528,0.7700877276095153,-0.43257337632866444,0.4166550120068207,-0.17774876290934385,1.2942831778566624,-1.2495425844224282,-0.25197714293664963,-0.5539869266220608,-0.3438012760421174,-0.19170018337395162,0.6553098532594163,1.809164013850975,2.8615475218385984,0.6133200373713936,0.0669849805248114,-1.7512144882806704,-7.411642070305894,-2.6777839329648216,5.243477946290304,-4.189976981977735
1.4476266068627068,-0.49405038762871656,-1.109755379709102,-0.7186561819913609,1.230059558545177,0.0542639015457569,-0.4459693992686924,-0.8020501129945282,0.2830037435734972,-0.2008214648777217,-1.9853913876565046,0.403025295541776,0.3394251465117882,-0.8236681995402269,-1.396215649594809,0.49216863951773293,-0.39616465140079454,-0.6805179653271527,-0.19298549363621598,1.699055592135976,-0.882613691459198,-5.588747599559025,-5.334634870042346,1.960527162700171,-1.266647182684795,0.07699514212278182,-2.772172866955673,0.8935004924395118
-1.3646435566722757,1.2523053648486577,-0.21629437355420317,-0.7106532229228378,-0.13039625485386447,-0.7346752771654644,-0.8899598182221302,1.7191123717582357,-0.4829379282130168,-0.7391063189657436,0.40508135729651,-0.5843609313860776,0.20345699169446024,-1.8715282294103144,-0.16770893696907244,0.6646597032145066,-2.4064086158746507,-0.39244802039371873,0.7347402198614069,8.389627642683152,-1.0740361024350709,5.495809607129637,9.579059420813204,-3.3893408458893495,-0.7925731467769448,4.8447893421312935,10.030949911983509,-4.401498545960335
0.6709093845072477,0.7185960556097764,-0.46318633263954356,-0.8295954320196529,-0.06456380505722771,0.2618060880869358,-1.1942614775683345,-0.587408969011111,-0.3988802234165673,1.0331388505058234,1.3466368335600867,-0.3500512552322252,0.1766871039496389,-0.4276439324729327,-0.7831232698956946,0.21504698589847632,1.2941504332355231,-1.2014437376361342,0.1840973878633881,-0.8865919493053209,-1.4734634546131795,-3.9013776529738884,4.9399704472000145,-0.7951608739959535,-1.6581948922218133,-0.5945667684995313,7.046940563046028,1.651527468199645
0.8453285860635147,1.5707754116523585,1.8251143156660206,-1.3261179012410276,1.0890655062381127,0.6240147790627903,-1.6405659209249237,-0.522686858005667,1.5708369233212898,-1.036771039111773,-0.7499874130419344,0.8894879694652059,-1.2281737028008968,0.3602190638507128,0.8042409640599087,1.4381149518957546,0.5378365881334838,1.4614494869544399,-0.15179448603701337,6.473485100456851,1.9160275180064374,-4.590430882241018,-3.889253147780962,4.726065363777137,5.1932816783781375,-3.3550196653032036,-3.383537528623263,4.391204460480279
-1.2648226770077533,1.3559097755588883,0.3838751747725273,0.4195120811613364,0.6583055093089311,0.36178300083105713,0.4377520081139512,-0.5104749646708224,-2.044398758585162,-0.9090639879876781,-0.9601414445178817,0.5673971367056231,-0.30178446990438557,-0.5712269618628465,-0.8992268530063333,0.7246686198331844,0.3719261080349205,0.38016282726559736,-0.0734136496059399,0.8385919223457389,1.642537517456938,1.930229353789939,0.737241514025142,-0.8214139830698152,2.55754305098593,4.140830677415567,0.09217800907195825,0.8152796361087885
-1.1065810392843882,0.8141088302290039,0.08190048356222163,-0.25655059371746214,-0.1623135608887,-0.5522853830290938,0.21853899990358247,-0.5626228656260326,-0.12935300466256044,0.9179534311542699,-0.40807441987127324,0.8460210602711076,-0.5429004317838457,-0.8248023259807186,0.3786445379635708,-0.38618286371809435,0.8051490798397486,-0.4945038684432714,-0.26587737455738686,1.120952059858549,-2.0913449244523776,0.8278194605271278,-0.18540189071543448,0.011608065711213353,-1.827036350550451,2.318875158453755,-1.2810363265400004,5.278569948726429
1.578013640956188,0.9637863066980726,-0.4873878671099812,0.5658452388503924,0.44653546781998854,0.13990379491453447,-1.4978596741655166,0.39720319093171746,0.6124295527332041,-0.2294985619653253,-0.07310199418530539,1.6533211175177729,1.6338970955445649,0.540692844335792,-0.4656883963980972,0.7172052915133751,-2.214865027201174,-0.5765649798435634,-2.2159486974043325,5.971785653089251,-2.102587765737371,-2.6685970529489276,4.921480731251872,-1.3122592139785143,-3.6501984046035356,-1.1071410308423526,-0.25365586541804475,1.7677552528995504
-0.19306428320613403,-0.2885757462806759,0.4554522618106791,-0.2954502312313614,-0.43843463534604943,-0.9451600535358751,0.13301696963747567,0.5052189690250496,0.29297569916482624,-0.24278561855446132,1.1646652977120309,-0.011848625850466185,0.954923630097672,0.547140819404745,-2.150235326293748,-1.494292196108638,-0.17656694886667113,0.06672853081086126,0.10816920824253162,-2.6502171060671347,3.9267056979942985,1.6210194222334418,5.001218304652468,0.49734303981773675,-4.689577422135494,-4.586755418908052,0.041997113981690024,-5.2029946838865655
0.9574281596953291,-1.1130586273135512,-0.24684315286625727,-0.4598972096319375,-0.45312480064601546,-0.4484847102942805,1.198664934067171,-1.2238420851292497,0.9958816678440587,-0.2806454092721917,0.6326675358587002,-1.1531191281601079,0.9874020895642752,-0.014576860107150029,0.6101932889203971,1.1975811838299688,-0.6579168433033358,0.8060894038520244,-1.241185698318153,-2.604738331829502,-2.5217611798119743,-0.9176322154545862,-1.459641935067516,-2.4918701553642015,3.0854560594377816,-1.2618151476914785,4.601248724270309,-3.2147261979720736
-0.01587444269391748,0.324751663187465,-0.17314236839191272,-0.3236362911914698,0.8823559180215164,1.7360187935515572,-3.909805411460217,0.9362756928860869,-0.7915920429233942,-0.5437141763572674,1.8228842638446803,-0.2563665671102815,1.406978616083557,-0.6798147663777393,-1.499878490206085,0.7604680708853874,0.6188565067077979,0.4573432092517117,-0.5419037306321481,7.210588982829072,1.6678500864854453,-3.7235510242909773,8.60418564516946,2.906685725925834,-4.110528124767622,-8.601624110648705,7.6537790578064575,-4.85063667834035
-0.24691224570532405,-0.4478324639574216,0.3098770843308588,1.5016360285706118,-0.4718428033313019,1.2425620595418767,0.14765080729051958,1.0749693279054746,-0.9357996438199159,-0.5815998678705242,-0.5208977289645355,0.9681583626314748,-0.6507431130318313,-0.9766624252208231,-0.7479977438329661,0.8261251153463571,0.5638150523600937,0.46967756188290927,-1.6788129373904426,2.334269000765393,3.241739035709979,-0.8762691220558858,-3.7090973591008645,2.6746563358018247,-3.608700130403951,2.3537733237875575,-3.559645342543948,-2.9866420981083732
0.7420516299037749,0.7416553511337695,-0.5171143179741635,-1.0983978122548754,-0.3811758831525294,0.12237525385252214,0.44555900673529064,0.2047318743535968,0.016743939251580693,1.1633131156881942,0.2751592591467384,-1.4191340403181838,0.8132765988192612,1.5429727804809856,0.387029690897778,-0.20802125549440578,-1.1670729052041595,-0.5403840665690661,1.0597488399993633,-5.245617969595042,-3.7899625687228413,-2.21696340560668,6.410211417232474,-2.886882619395925,4.298508490032084,0.11850361419750031,5.368852513147351,-0.36985024474420847
-0.957784344421933,1.2784869528309277,-0.1574488528608991,-1.1824413550882948,-0.34893352821942136,-0.6111312379969774,0.6044677466229016,-0.8909616240425337,0.6841700038231486,2.2575582684360875,0.4965097013656243,1.3536977172248472,0.061070689785079686,-0.5680629362955927,0.15631801110035498,-1.4742852259117172,-0.664252144366861,-0.042723981352255844,0.5382171755769983,-1.805912668090304,-2.435562887777453,0.5551782078986848,3.6061347287287613,0.13835065813099068,-2.829379991374369,-0.9195655467095751,-1.766629511479872,4.834869090529333
-0.3400384980909238,-0.11703495714227043,1.1893390703029598,0.6298505882165273,-0.6956564092046078,0.44810373889174504,-0.6443484434765799,-0.3988219130200881,-0.6131540775001003,-0.40574997547081837,-1.539999410695355,0.4020886487440571,0.6904836898937392,-0.3708530057200035,-0.5768721318852912,-0.365115995047012,-1.096532914341396,-1.3505599771930952,-0.8979472088062509,6.100919434230039,4.066093449133932,0.7456978572329884,3.8632026140516826,4.112321369724662,-3.002426220162047,-2.1183505976387784,-1.5264009973678792,-1.084437072326479
-1.0430209212026371,-0.0934623616890537,0.5199212146228378,-0.1168977531519124,-1.0377186025446503,-0.235178248646023,0.1346312086898714,-0.2899386806390814,0.00037112507741827745,-0.47145370365744554,0.2567731780815461,0.965212813534711,1.2314824669135545,-0.2140941293258418,-1.2481770646594939,1.5286580503685174,0.3784505349417433,-0.7394538696408494,-0.7195463699210568,3.2175804291032306,1.3742429276113581,0.5081518561935903,1.5383837083499754,-3.0226309109144274,-4.804992753881648,-2.1271738583224953,5.335750541302829,0.09417883196596051
0.1032902504426235,-0.7530120892272735,0.17247076782924292,-0.29485387752647824,-0.18809086459424346,-0.49902111183962183,0.8751824714762768,-0.5976788985081758,-0.3613937109058101,-1.0600931168273051,-0.03993988250064493,-1.9230976729083054,0.05402780246667325,2.2027058614145116,0.6578044848462375,-0.7428865470951598,-0.8484314897435089,0.4580525736884169,-1.3497489730337748,-6.8097433233600215,-2.2565616401169373,3.141636604361073,3.3016712055478417,0.7467336012655506,6.928822556029031,-1.8807441472135948,-0.5933301510602227,-4.573360763395453
2.169004343182528,0.6867454430176572,-1.1099937546538803,-1.3260839935852395,0.9814046479467337,1.5246297451426345,-0.3614559704684159,0.153362757178729,0.9214724527010626,-1.9573347619544714,-1.0518642715624733,-0.41322190318540586,0.07493807672124614,-0.23795932403181563,1.6795500835036596,-0.8033548058505156,-1.1839265831079762,0.797879576847306,0.32447248758721964,-0.3382845755518837,-2.347689369970106,-8.28890484903974,-0.7930655441135319,3.315145885741434,8.899261454820554,-0.529707260087487,-3.3774621867613854,1.3583272104944664
0.8346893806060173,-0.7600522605476764,0.22752223749518072,0.5775253330715607,1.228080926032381,-0.15954333052368017,-1.6172432090072406,-0.09047837030231941,0.3079784877854103,0.8148271850907741,-0.8371306490825038,-0.8753663082055535,0.7511806891911293,0.20738533275402682,0.6050335561564115,0.11596319163840431,-1.4985197525797946,0.9837020189446436,-1.0146113504368306,5.294409819626381,-1.408539919888715,0.48789040029050235,0.35124848552394716,3.1169884705783564,0.1737597998007525,-3.6203900025896183,-2.7679153828838046,-1.940804515848408
-0.4089279269537433,-1.394048511990747,-0.5069923252882945,-0.28909331321856896,0.5056315344505165,-3.473296050659487,-0.5417655057686922,-0.10813239228189134,0.37717859000033493,-0.5358534403129571,0.1282761196663651,-1.4461111358446124,0.44739254516305615,0.9674557138521964,0.13639560839316406,1.2027161405509725,1.7048793480868938,1.927824946897522,0.40652900435820366,1.822507932646621,-4.2087581718035665,2.9471790283010373,-3.3730769301129815,-6.099024872095799,0.1749317703187992,0.5846785526178178,3.9820388667712305,2.66766222481375
0.15579387291019292,1.4475151381079592,0.6240876143314802,1.8354493958124156,-0.8523614905977883,0.9650010955595022,1.240434984169678,0.08501179377636893,-0.20545164748168998,-0.3030154699287695,0.535247214584214,0.19950902592552536,-0.968775059444414,-1.6486230124409897,-0.3066091681554144,-0.32714606924389433,0.6012151234366311,-0.43193646029733196,1.1825109173130033,-0.9840798154225319,6.193089372168842,-1.3831963319064535,-2.783311889173032,-0.5820471456552481,-1.1994637337043859,5.219242216345502,2.7372935827210623,-0.4229797193923358
-0.9321256798555491,0.03473350124878238,1.2485339687527501,-1.2312709393485886,1.3844000804554786,0.676963124489871,1.554985634592968,0.736878080284943,0.783725097686915,0.2974441660801397,-1.455210370422614,-1.631789482614456,-0.9777263494941876,-0.8168841309183393,-0.2742475636032003,-0.8234695762121249,1.1559274462168319,-0.5426262479423188,-0.5556138652144781,-5.1425234736157215,-1.0324724030565178,1.7068673448586067,-6.442137172295677,4.70588056469181,3.128948695215379,-2.1275655630384542,-4.928694045788992,-6.2613456093518485
0.5444915846551746,-0.057359244645543074,0.7882130736782013,0.8460122940253847,-0.5470146790093116,1.8063456265616529,0.09528223494004118,0.3419004338601334,-0.33535938988863206,0.3594459122518294,-1.404936006636268,1.0685944063731552,-0.8753379783183974,-0.005910139630782342,-0.7689452636974293,1.306087474830288,-0.5436850212512121,0.03756406445864834,-0.08160977139931949,2.2889914079968348,4.822839390916177,-3.8969994482791264,-4.650014806670641,3.9889839896725645,-1.4456404889351706,1.1854357135909876,-3.9681255748592177,-0.8861623324840857
0.7004327690932577,-0.5682158885573098,0.5305430923037193,-0.2701805601242993,0.5784902783812014,-0.5025921600077061,-0.005279685054807406,-0.11097433543459821,0.38805126391623374,-0.8941841491395023,0.5261153962510408,-1.8353028028880076,-1.030115904377998,-0.3140401380869221,-0.7209450727253087,0.4054739478094715,2.1074034290592096,0.4546858377371712,0.46829609580775267,-2.7371402283152997,2.2128893441040227,-1.2150837367852356,-4.974255362370149,0.5057746727837202,2.4533755504020833,-0.23912988631871845,2.875555367456688,-4.05975110953648
-0.7903501263833516,0.9225467917724957,-1.2179824202771778,-0.13858797840744663,-0.57111552932686,-1.5832652175061657,1.4403939796061322,-0.1987999196382934,-0.36658249727827463,-1.5428288314985472,-0.8521284672437084,0.8906507831494977,-0.2162844142262396,1.5631567705719291,-0.94689971310371,3.469662583702663,-0.6668380222804506,0.4975731282693468,-1.9466853759252467,-1.4136948195218473,-5.706666007739255,0.8566940706961496,-2.255375797963998,-8.903437686224951,1.5533841957619183,7.2897217898164355,5.645087939296564,3.0365128546696334
-0.42117650486184216,0.43557521588194664,1.2287804307004653,-0.7836199344414777,1.1312753999989975,0.7716957021986609,0.14549284317414302,-0.8910723360608964,-1.288308356156187,1.7463543615789234,0.28596071636723164,-0.10080434876222172,1.023322810404075,0.9021778957114758,-0.6598167427552499,-1.1781682622756728,0.4183575382119857,-0.7602545279939841,2.0328366482205205,-4.180080907471638,2.754363502492718,2.899112542850199,4.684729311933073,1.1188402028809747,2.6306541806582406,-4.005810988254448,-2.1006145698187155,-0.2581753307637956
-1.3175455833003475,0.9968848496029,1.8559564828268396,0.5590603662569729,-1.5682814094489659,-2.3015330825158116,-0.3510861263883982,1.2214654355308199,1.0259927277744023,0.4785291054573972,1.0954307262514937,-0.2765445998432783,-1.3860212687769315,1.2726187276482641,0.3118567815926182,-0.5276310182861954,1.0645548981338597,0.9219843373740196,0.37839846406177063,2.1922238034534223,2.090236775888911,4.296217897999553,2.8344714339763635,-1.1241957021147124,-3.6235983468323947,0.4552711891541365,1.62122497909043,2.006681926343246
1.001357123172553,1.5288748972542745,1.7340148586197326,1.3041106988697175,1.2453280190610614,-0.9738205631511824,-0.4318533137017757,0.5262113511424598,0.3001540688166096,1.3426661512632172,0.10442029391867534,-0.06849062518065313,-0.5697163820554374,0.3419944471476473,0.04372636686111716,0.6170356550597557,0.9315574568726914,0.4844634074372365,-0.7639256017532043,2.510689226368408,0.3785979681233759,1.9824079861418882,-1.926645071372906,-1.0223156229949966,-0.5426716708405115,3.5207800899727384,-2.143391545662671,2.134128324072566
0.2921883607464777,-0.527758030234073,0.8420100399743238,0.6632535152018757,0.25977965546436343,-2.5382089965394448,0.826279592104981,0.5625576111662193,1.1288095201394235,0.6300497162231143,-0.31690443724998896,-0.722609301204596,1.3105080638546782,0.9944139939675103,0.7463401200567104,0.4357520704646632,-1.6399299096788624,-0.9367903847107435,0.3220806973356074,2.869650537048514,-2.2410893758025368,7.89137740907446,0.5397725045344722,-6.481823399150852,-0.7296790383988173,2.090872120083006,1.6905483199651172,-0.16717786855596806
-1.8167165810601853,-0.17707148209798027,-1.8700721174366857,-2.0805498753852953,0.9077968121603734,-0.0746016587565235,0.41911550676894965,0.25483695811876,0.7802258838001129,0.7376191970518701,-0.1465407211246969,1.4537692504710729,0.47515655246788296,-0.5060886465554272,0.5461501443556829,1.6009041239209658,1.4935287060046458,-1.6032307093170848,0.7570079793722,-0.7479213791138982,-8.930253847992475,0.4452731474879831,-5.843547040950336,-6.182167506833231,-1.970262488808853,0.15692671384049506,2.294765031865535,7.057272803538731
0.7937485649149346,2.2674919952313086,-0.14109823338057914,0.058193490933459074,-0.5932911362155584,1.218383705077225,0.40805086814179137,-0.1712827870665141,-0.4382082946258821,-1.7682949014634362,0.3731886633927675,-0.5824267335645976,0.049195283050045856,-0.5977521532210021,1.7695077660929852,-2.2941118753926992,1.3558952581316344,-0.13566331386746033,0.07292531973768425,-3.5612080813727536,-0.45297175510144944,-6.3344977485897065,5.059559257734774,1.003383837335779,6.33550997912785,2.09944245640703,1.2059954977907277,4.6254072011953795
-1.3091279326297747,-1.1405154272871374,-0.9340167520720722,1.099309705376382,0.05930768007725795,0.8449730860817252,-0.48271571775941996,-1.1964702936818885,1.4786628793413008,0.9671886131401919,0.14776628546266898,0.3007129465430345,1.0380734963329967,-1.7252238996653138,-0.3091515153076002,0.3064275291787401,0.6677034629891627,-0.5663001406892849,-0.6798660576855778,2.3852888908919767,-0.681756257298712,-1.8129568979901451,-7.943906638308635,1.1549070517932611,-9.014675030079486,-8.356786023792695,2.5863861721080657,0.10337446149072832
-1.5258624997616845,-0.5682207404599338,0.4440384821048476,-0.9099291419310633,-0.11745265915948738,0.9221766680250619,1.0504283369583964,0.6202848981600848,-0.88217848157206,0.46499358161662313,1.012507575212017,0.3761416873679626,-1.0089757654571538,0.7493829649948972,1.3705963120340143,1.3568472030906502,0.7935293593108909,-1.487130914220389,-1.0459634967033236,-4.081725845519409,-4.330770872745517,7.252640923022733,0.8377429810560877,-2.308259055525918,3.949297113303242,3.0883969318627313,0.08705417070887014,-1.0522905788459527
0.5477515147993839,-0.6171711849364641,0.5110639135797892,-1.1376234444699502,-1.1579604109188255,-1.438661612964097,-2.1022105112526868,0.0049279012264157535,0.2744660695425352,-0.908316641038149,0.401850377178067,1.36080129684738,0.4863381187623474,-0.6646576167567236,-0.8870673858163152,0.820037857306794,-0.781092567586094,-0.1276253447333412,-1.3439228401172398,10.720560916791449,1.8415345564657555,-0.4721081300366658,7.807774558416922,1.2326878602376496,-5.087823173663978,-0.8782073998285512,2.419730419176647,0.7919962940998598
0.5906077328690548,0.3172097536864301,0.24801333931490993,-2.1218011189121335,2.4439063730831125,0.8410022395782963,-0.12206379989514748,0.4454400280056245,-0.4246918602845518,-0.4408538875612785,0.2642807429581457,0.21864819341446215,-0.16878544149565797,0.3125243522305312,-0.11664760540807884,-1.175082066462158,-1.4828750454343271,0.4375256965473493,-0.866968658132293,-3.390336605334319,-2.0139538641254386,4.02724157053031,4.612955452394832,4.118039252950197,7.343838415095427,-1.567510240727532,-8.33052183567145,-5.705549064740126
-0.4318666217305452,-0.9049670351883873,-0.13149478636715922,1.0480782069486623,-0.8318124898821454,-0.26494315395245127,0.8580209043236017,0.6138111677087211,2.103107194102428,0.8858814814154397,-0.48697078637204416,-0.9418936858842691,-0.21543867697273983,0.9543673672491505,0.10762392860567667,0.6607756365617077,-0.9105962768940564,1.3709206315179163,0.42303533386994674,-1.5175863534255754,0.3300559656257963,-1.251785824651417,-8.327231056931621,-0.3006380612921883,-3.4359313811482286,-3.8652917907226136,0.2858152664448653,-2.889881240031212
-0.2934081560770824,1.018901292986136,-0.16917030014437998,0.4646670612477556,0.9869182841170956,-0.08449946164214849,1.477172038927284,-1.5185912982961713,-0.977669922551028,0.16178454443518886,-0.9876139764586236,0.5572643710170628,-0.07072798034933288,-1.2373218335879992,0.24030328567870007,0.6751464420107374,1.813633303245248,-2.018773523160682,1.103836190597334,-1.5334011923634312,-1.4042588016870294,1.0445864640639022,-5.957438371866303,-4.7298251430923575,2.069513278909879,6.918774450713979,1.445624032431266,7.104769327218605
-0.5851485991519377,1.6179900796910796,0.8379380687174423,2.17232675227493,-0.15941920022692965,1.2659890554301896,-0.020511671870258735,0.7093356926127536,-0.17391816956922465,-0.2363390580559415,-0.09252034117750674,0.6719610270964171,0.9582643365612487,0.9546119070016863,1.1186677784076737,0.28346553630600546,0.24111537242001496,-0.7184928735669817,0.12138446316903527,2.1215036577596154,1.099845087253529,0.2670353268399155,0.17170168201471953,-2.579654298805953,-0.6180364111768802,-0.684540383707096,0.803328361277502,4.160137209175345
-0.5669613215162769,0.9675982098201437,-1.3227227888499424,-0.5303566223600298,-0.2981394904230796,-0.5406565505863739,1.3011075186229502,1.2514859328196273,0.0982499790629959,-0.35705081467136734,0.9130461638421766,-0.057157523806033575,0.1415302470948987,1.0395483720774719,0.08600279768997153,1.0078785669086572,-0.27156429562338386,-0.9031317009921427,-0.5831513112643544,-5.471769996647413,-6.5733364364752145,2.051060627961366,2.0555994000286932,-7.746812465952639,1.3847753817089588,4.934156745320477,5.998932874506413,0.3467454325152832
0.8704135110672293,2.3040560184880032,-1.9596657164841162,-0.5445284264314376,-0.04526621485495649,0.29295172664810415,-0.12559596387997307,2.1074518363029946,-0.9858914540940588,-0.08163926308156579,-0.6509656679605051,0.12550233928989554,-2.6307493508602167,1.4533601381660013,0.2556947532929247,-0.19156720907847818,0.42899526468306143,0.8024807040561275,1.093487977544543,-5.805522355146725,-4.531480037470001,-6.879588304452673,0.48307101727554197,-1.4528120779075004,5.069852046984957,10.309856866831606,-1.6651557748831203,5.788696894545278
-0.2053641041363183,-0.13097140556842332,-1.7765177432028227,-2.0223526457170458,1.4347257923630967,-0.09993179104136708,-1.0128322742218656,0.4201663839799612,-0.17865727504031192,0.6581385393811751,-0.2427380842797251,0.8298236491701715,-0.6645257868417657,-0.19638247617583726,0.3995406102541092,0.1963886423795415,0.5006128618640276,-0.5663610729993163,-0.7077172662623397,-0.44002790531294345,-8.098262693096842,-0.4353388670940498,-0.23710934213207024,0.06116085546359,0.8385615478755235,1.475892168310855,-3.01222712545201,3.9444752265590934
0.35944670764976316,0.028396899384509903,-0.3379362062547968,0.31161559025047786,-0.4875457098021596,-1.1327866073734045,-1.7782310494644091,0.2406196847308523,0.20406454936873572,-0.12360436394618876,-0.7799393272314694,1.5934473548239336,0.4218595724072973,0.5242680634578357,-1.273197424558395,-0.3922552896716875,1.012607362897007,-0.15762393589741902,-0.6472713095454272,5.3465980189133555,0.8494355859257829,-4.813066873465437,0.5421569790237029,1.2326039863830123,-7.706688781988118,-2.0484952827828597,-3.0503498656545234,6.348479972566986
-1.452123289797699,0.7202655247722889,0.021929408847794787,0.5217589656586519,0.38486424671046754,0.13188944503085226,1.8708564815122752,-1.1319261281564563,0.14453678758139843,0.5868422832693295,-0.2757824291551258,1.4550728571254643,-0.4960467091623484,-0.16909268315201595,-1.1049810490622487,-1.465213418200027,-0.04986572798290548,-0.11279844851102551,-0.01618539107768032,-6.1931934640300765,1.8479907686512018,2.8379181444884893,-4.555813327660165,1.2386960355577685,-2.640450209221333,-1.3658647053008846,-6.6304137835135535,0.5111437922874533
-0.5027261395536712,0.6951335932656082,0.6012875148084998,1.0524781394900995,0.9188431685862981,0.19531373953777725,-0.7120908267092821,-0.6411353092264801,0.2719323746471962,-0.40433719625598696,-1.1209458986710865,-0.20074485094280564,0.9392107219308493,-0.7515623460915316,0.14959859959703453,0.5527964320229578,-0.22844649631260144,-0.5843964680245992,1.1343323549165363,6.396552180283499,2.200989140722856,0.6818099307302836,-3.0444408111090535,-0.818895608496539,-0.9240788223895011,-2.2511273487302144,2.687468209176893,2.3171055302039756
-0.3117231764491774,0.02211571787772835,-0.1870554330767336,0.9590630520283101,0.2197757824758559,1.2784634284654781,-0.42708993587111643,-0.6169610936329973,1.6099645983547248,-0.5166312349001706,-0.49790304325116624,0.06857652553335877,0.33843810928634194,-0.7997247199025204,1.5582177851547476,-0.15481063586099558,0.4314329759759452,-0.22284775972718288,0.16918603416751554,2.878379414107038,-0.15272279201336963,-3.248744038165576,-6.968738322025435,1.620227787277268,-1.261399356980152,-5.247216367171806,-0.25365542446675005,3.146869664631212
1.5441898135668655,-1.285532652423093,-0.15190069637369066,-2.679800115411438,-0.21168693390118257,-0.9414470439919157,-0.698736717909317,0.12523002801034713,-1.3534123360111705,0.15214057418155835,0.35247174057423164,-0.3035432902684844,-0.9302000732408588,0.4112787733269472,0.9968152186355259,-0.0606411900385712,-0.18533057535018932,0.20601674444122736,0.2006793121309598,0.1136794357171674,-3.178588648180367,0.6187307184674956,8.175790641092426,1.4634038708109414,7.008112658542769,5.7778455604371315,-2.3124478011776617,0.9396428506561155
0.6018707508708273,-1.5634837905898977,-0.11317943989649944,0.1418333446281103,-1.5683450936631467,-1.5283841037566985,-1.4167501312590345,2.3764978036052624,-0.13554613151128836,-0.7328233843453529,-0.12709886872846507,0.27163023364674055,1.0308728635257949,1.3024527032171944,-0.01574884545947931,0.22463573872548084,0.31208223800852725,-1.2311124932437492,0.5967392805053774,6.513548184294478,0.36181577490425587,0.21203739080462128,5.204573649621286,-3.252093693300562,-5.4800191504572675,1.3414212274228792,1.8470104178793656,2.4639641479628493
-0.2314018867416055,-1.5035613857030017,2.0968573178267715,0.6062566802894622,0.9263242699064191,-0.5150315116277175,-1.4908417551207027,-0.17591413688011073,-1.0759025533448623,-1.323334127427374,-1.3539496053221476,0.06846091118914029,0.9226207139249005,0.4158205833384336,-0.2769973027105562,0.8339420640181269,-1.059464068793175,0.5924121848345724,0.28067576534558325,10.323253933611868,6.153385878237249,6.431454354989795,1.4490643158557392,2.9521736021581697,1.375305187872126,-2.9337402275128976,-3.833065462162068,-3.1764188543757266
0.7584083641549263,-0.24345839801826377,0.028083142308742665,-1.7001584984531721,0.49547841903629886,1.2339766848574745,-0.7372006882089895,-0.3244647910703269,-0.24794071616303082,-2.066865260797034,-0.891487832299907,-1.4257371963362224,1.402515129467212,-1.833412634907134,-2.1023368647348106,1.2838414619121292,-1.2482876740926145,1.1969141710500943,1.2507061849337806,4.808012209511116,5.035711208129251,-6.269696092512035,1.9832225116145095,2.714117974350384,3.2557127906153194,-4.216647776938539,7.486407185290532,-8.722166633332309
-0.01267012672189388,0.08324125813085079,0.3535506368423956,0.3377204677189145,-0.37668662469568587,-0.5686604493159587,1.3576395205517948,-1.3037364055550487,-1.6614083162851494,-0.4767603098353167,0.2123552249749386,0.1163818619744161,-0.8743293957624952,-1.1220683816014292,1.3538638163080148,-0.09674643520635097,0.6985133187701967,-0.4202022040288851,-1.2302702254238778,-1.449672457544927,-1.3137259639210532,4.365950892523404,2.054838078569378,-1.345691022058399,4.929252349338887,8.70074937627531,-0.5771360178942325,2.1738680649986932
-0.11886603211417424,0.23769560553276123,0.256308832557222,-0.42466722872729323,0.37586122427074903,-0.405459226391404,0.6000195588689523,1.0734496665451057,0.9250416406432195,-0.7788345007087502,-0.4796185815792635,-0.6655948795090243,0.332658820211093,0.6587559282430203,0.3419034166859714,0.3214831884104791,-0.6721734576574324,-3.0354223125400908,1.9361389473556254,0.319418135656547,-0.6183298006476796,4.22351623152264,-0.6973006573508144,-4.996517820738673,1.6781919643679346,1.5042250821216,4.6126006561945525,-0.2869866250532636
-0.08160895968348425,0.5390036117528967,-0.7025794389070578,-1.3121573637661843,1.2702656934506142,0.37672995098018697,-1.0589534615733576,-0.9777102788097701,-0.19832807886338022,-0.15904631933829813,-1.065970879496959,1.299101712328996,1.4407338019011393,-0.8892142133004055,1.121892828332422,-0.5388516123875016,-1.2097828242137603,0.14180804133465807,-0.2096209744320667,5.414721688976379,-3.8927640030335615,-1.3089561899854751,3.4191466336184235,1.5090395945843007,2.3466561451873296,-2.1085666411228514,-3.5852991358411694,5.472320400333631
-0.3157253001034475,-0.3815665039406967,-0.4380167269567663,-0.7994502197496687,0.8811283873062792,1.6277831336085906,1.6631843484251638,0.1336482024275529,-0.06965339562036343,0.10739930253187335,0.7341735524746401,1.4855302104326293,-0.6376246216548401,-0.24142855017871204,0.8179931141944572,0.06973567908380571,2.028088059577012,-0.2392585071456175,-1.188600547123125,-7.845302503034698,-3.375805885250814,0.23706861512314534,-6.580923279733839,0.19128504158363122,2.8562427071398626,0.869464178581758,-7.387311996870026,1.3668283196536795
-0.6359846430858096,-0.5506822855812311,-0.34594272047365293,-1.6317310153347329,-1.256036591948282,-0.5625329222140144,0.5342687600902195,0.28638886259520213,-0.16430294966398515,-0.5838655162738656,-0.06830812757621632,0.29815219035725704,-1.1532416132611076,-1.0089339517321614,-0.9580970330919039,-0.9670144270564017,1.5108760624044035,-0.5401904553010222,-0.07581034829217123,-2.363578899033658,0.6905702704640759,-1.7838208211843116,0.8244775963960472,2.250329108754037,-2.2361283775129643,1.7367532463145952,-1.1255709384992985,-0.08623740452938332
1.1068250533342654,0.3818727004415551,-1.7158620345378939,-0.8716065718052574,-0.3861033511159284,0.36127609311019415,-0.16059468227937307,0.09740861479052183,1.2455693886530443,-0.19018483658687949,-0.8806212971960492,1.8100296626980088,-1.634234594367285,0.882673304995392,-0.5417376637335616,1.5956631458728967,0.19272253610442314,0.8042282009243686,0.4049508493217845,-1.4846077871110042,-1.8247292383756506,-9.244637217790316,-8.452040360155873,-0.4048068760968042,-0.9153480509487,2.2435128785131075,-2.934923748119775,6.411977586818828
-0.692484832396393,-0.902744493072336,0.4834206117985009,-1.0822157295120187,-1.016656706123372,0.2909151946272784,-1.236845152377378,0.27260768755708054,0.263639039271354,0.07113442945844599,-0.8081455783599429,0.21125677792634578,-0.4541239072578637,-0.20532463600045905,0.4306299356208817,-1.7888487837871385,0.5675923159195361,-0.48337982478528196,0.07285711886234825,3.000452149713746,1.5853569159509373,-2.27995291039651,2.772746644133407,6.944576038579921,-2.448514573012876,-4.98708978324425,-4.829428258861217,1.678635661636539
1.6628501414603256,-0.5223869127475392,-0.4086972191420979,-0.9413231624542768,0.5668766176897777,0.7098827820745681,1.8284884688306844,0.5464895575034495,0.2341021363714581,-0.6536027886819943,0.28566298415703917,-0.11216912512412017,-0.2466911089833499,-0.23676497124998688,0.8971303152178516,0.5810081377062796,0.9906111742620376,0.058992580641983636,0.08260680372785813,-6.124280407753232,-2.2836262485374528,-2.520325965861835,-5.111135237865829,-2.0567340368732463,6.434468089022764,4.738535190702741,-2.5158337871942975,-0.8807113161252839
0.11562425743066353,0.7742295870963716,-0.7372779097116233,-0.3575088539318016,0.12158660517917017,-0.2915909107377548,-1.687253632824169,-0.9397547772679847,0.05901548649175879,0.9648033162802129,-1.758978982231059,0.7556771159614903,0.7302603847000393,-0.5479788010015549,0.6881370757153077,0.868542763933386,0.6683690524591394,-2.409841741412366,0.8991831475645942,7.8252019309617165,-4.326537563399956,-4.528066010486118,-0.1950191902361073,-1.8035581205044409,-3.174671633451465,1.180376736570601,3.899812975888089,11.15334428554599
-0.07422456989823835,0.6096462883047958,-1.1626929924440712,-0.4322676797806581,0.5528326934897678,-0.36006302522525707,1.4837479063584456,-0.23587756609575214,-0.24575843735528674,1.3973768357506493,0.8191787107355827,1.4973645505803035,-0.7260272960514662,-0.681551589584457,0.4397988045956331,-1.1064533127770375,0.8214643008785157,-0.027713826678467432,1.4857811885732533,-6.050781693391017,-2.322555681239926,1.1690999047590287,-2.690075236209001,-2.940929296701285,0.5677846679851927,5.571911296049974,-4.480667143385144,5.702567480445339
0.13892099662817237,0.39491546008170914,0.5527030430616149,0.0051094779539765794,-0.3520251622843183,-2.4168599535639856,-0.2538644894681885,0.7385191366380983,-0.06145751526826918,0.943898124248042,-0.8583408245224899,-1.3363541761283455,-0.4427714406485992,-0.009560948312128711,2.520288457466399,1.0629758038939774,0.07947145527294036,-1.0666477799227685,-1.3439151196868808,6.19649477130481,-8.042400908728045,4.573349383931762,3.717828122764851,-4.685929325169947,2.343595582535788,9.12845170114041,4.250106142003021,5.311451148113004
-0.37840765431779894,-0.41040010728515114,-1.2092292690595015,1.5911091556867794,0.28913735287655423,0.9453872206842426,1.46520769848631,-1.1346151115359466,0.5006096698178656,0.6522505434066652,0.24310479546506683,-1.0282025152505736,0.9135346343957604,0.5473350227106121,1.5145585203465586,-0.5035355904668563,-0.5465649485516034,-1.0147630919587753,-0.852104554838612,-6.979829180973902,-4.872320663653571,1.7523792161482463,-4.300246038957431,-2.8041878598293666,1.2005253507428342,-2.4232596500600327,1.2930118720351522,-0.421757313444983
-1.0485104600254271,-0.21022322492768983,0.5525278446828938,-0.4428478618447544,0.6021142681330804,0.012013014151909591,-1.7604625397811875,-2.456044232877908,0.7105977920533804,0.14984247805219805,2.337106830536525,-0.9773857957174866,-0.564807964995824,-0.5945809313012927,-0.6251311654853035,-1.2997625651480464,0.44342089804061124,-0.016291266649659113,-0.9111390089662594,-0.9608399725925945,2.372824844681143,3.486300193482655,3.3526066846277334,5.232079381510135,-1.901593023753123,-10.296169274804319,3.5012395224680057,-4.735041971390502
1.071994892121791,-0.8313868731546542,0.2848789355360351,-0.2745485493921628,-0.8463476753382849,0.38102776470254807,1.8801819498040135,0.1025991149348287,-0.33466713605338133,2.1975171261546746,0.6048115512741562,-0.09188665361112373,0.3925381372601949,0.8214947625069908,-0.4437509443084936,-1.4546132384060049,1.813233912635085,-0.1559682220002485,1.8490015601538994,-9.653550053164704,2.4808031150010703,-3.544784287049831,-1.6472847782885731,-0.03574382035622958,-0.2719630491760525,0.09789579099344822,-4.237119355156281,0.8752988464087699
0.3318224155273049,1.5864560802537253,-0.13471747135767329,-0.9403362240727532,0.7694198600735779,-0.5692271652654263,0.559867985205017,1.5293268260566175,1.5731190444027636,-1.5451228501936427,2.0868902672333487,-0.1786543229117241,0.18441475608116498,3.243694432311738,0.08547568127443265,-0.39690984834318915,-0.4852468966007353,0.4355967296442313,-0.3161594701427016,-8.372107796389335,-3.4042436056685204,2.4697588787784284,3.4030287099250534,-5.121971890704885,5.16511040011323,-2.871195959968765,0.8422625727430759,-1.9436213220072818
0.20485111407193596,-2.8989455632431693,0.06878788239917011,-0.10781212979419107,1.2337970332754293,1.0306905606680377,-0.5437431333788723,0.7012175103301258,1.3588392211195095,-1.173252905751939,-2.1505126546221334,-1.0388302740153568,-0.24262706700776243,1.378235919464977,-0.07336963616349275,-1.7965221633934245,0.4452378863108295,-1.2186634463110646,-0.09720030768187063,-2.765874447687966,1.7383808695090681,-0.5394155467274532,-9.695343539248402,8.234328328472714,-0.1661935265475134,-10.176065424346914,-11.798650394072862,-5.128999996875941
0.5556288958786163,0.32407009595602015,-0.09646219669369094,-0.40407402494721434,-1.1230748731749547,-1.2251463401476124,1.2890495855457698,-0.985752277939744,0.9040162176561484,-0.36285494498066184,0.9191039612001876,-1.0027500341902693,0.4699941461124825,-0.06984499272832946,-0.3973329413691458,-0.6795097089023939,-0.9250171933605006,-0.6436879758093197,0.9542439000857412,-3.617484439111798,1.3078779447918467,0.18435213132572476,3.285597284246346,-3.186222721459114,0.7773587477372943,0.6795753493669275,6.751337816854793,-1.7080072990274808
1.5821378404581627,0.14842159115100584,-0.08354083811319074,-1.1127809897669756,0.27060895998490636,-3.5752557164605374,-0.3818168293783823,0.34580275494196083,1.8607451091754366,0.31967037575116936,0.1975964640220461,-0.24678374567248945,0.49482619041807135,-0.612459825928541,-0.9356941445152804,-0.8226405775156777,0.8695807065630746,-2.1285896847002177,1.446497327876173,3.252950468871423,-1.378547457955918,0.03922028877624492,0.7395652971659941,-5.274430776185514,-4.723604982910511,3.1717223580023806,3.682949507461721,4.454155728349298
0.053407035114232615,1.539216309011323,0.041937841430778076,-0.6594348669632183,-0.09812903844703899,0.4063404236180244,0.3417042742242567,0.1160456756956586,-0.9053927835513026,0.5083309564381984,0.8227800713604412,-0.12600584090985972,-1.5723966084281302,0.2501628609545975,-0.45054501543252795,-1.6967354623521866,-0.49826341963684123,-2.5809292382343783,0.20775397811826177,-5.996601913445392,-0.08466336500455861,2.898101111011929,7.577351958780859,1.0215053042191409,2.02801115630218,4.2042680793152885,0.525694459669593,-1.3069681458583222
-1.2345348204944813,-0.17194879032169014,0.11614088210545265,-1.3895241380786554,-0.7830939459972854,0.2906703405984797,0.665237459161511,1.4184607857739377,0.5843605305412262,-0.6034184966587033,0.03630497862511793,2.100631318477815,-1.1671414035858494,0.047669953383542844,-0.6976595719178457,-2.550708645252692,0.4600502627621112,-0.8453246809484657,0.21293306199167247,-3.2486298036283365,2.6897996066793257,1.0705918181615248,0.525469142987844,4.839753326516281,-3.550620497793479,-2.316366619383078,-10.164538897022881,0.16438650215854633
-0.7719821188001303,-0.5962186525511066,0.43312594912911545,0.6590555395588112,-0.8499154323092846,1.103621655782473,-2.1012443570240382,0.8997207285021224,2.0652449884070547,0.5665899263849606,-1.3445194811613317,0.40279660371303627,1.2358922161389705,1.3314827543231158,-1.3901064005061816,0.03891677352501565,-0.7342665585283032,1.1789143380383074,-0.8884152902320623,5.779923330352146,2.9548183101352214,-7.248827194809987,-2.9560583851945883,6.782715650396174,-9.771660562742913,-14.62231431089737,-2.7107941107504963,-1.7998577287106374
-0.9070846931061748,0.719363997269353,-1.6955673824846038,0.5644464283803179,0.5624937928113363,1.2202534506780827,-2.1429335676671575,0.37310406812985303,-1.27504269430107,-0.17980145520101726,-1.9406797894207664,0.15705422726238855,-0.5480522339788468,-0.7047514047067612,-0.7278422043704734,-0.5790900249770843,1.6687816374279871,1.1037357694716283,1.8741287263536552,3.4413052721519843,0.5310992995592285,-8.726377115315861,-4.033489811953765,3.563729326926515,-2.973786923372065,-1.3806396522227509,-1.4418085193008223,5.7671034905104195
0.0671336553568896,1.4732636896552054,-0.5261532918035988,-1.472879663805935,1.8416031073755874,-1.4639552356401218,0.13775039157053226,1.336915904968134,-2.4017049359155846,0.15599884729142907,0.8119517553172937,-0.5975817964077142,0.23622487731568134,-0.40347443034544983,1.545735840835164,2.5826582257662287,1.737666597404624,-0.6391395136604848,0.6356730457103466,1.243092080017924,-10.07690236417016,5.890011932204863,6.011883976657334,-11.568612450276168,8.896680831323327,14.325866995922247,8.436022213592736,5.497033225612745
0.7885157405498828,-1.9285237321933881,-1.2669265818878603,0.509018253890153,-1.5178188204504781,0.35197227514063995,0.24037972613655306,-0.7168735964501953,1.9386268738420789,0.301785941791605,0.7954961132745958,-0.6276212508774511,-1.0555173997459386,-0.2574249265993388,1.207719739234176,0.21631962611632366,0.09143814876950415,1.2994167575478226,-0.5623894244169105,-2.742349729476264,-0.8097835396988865,-5.139733617149297,-7.536052859149449,1.8462061934638059,-2.2271966946411177,-2.8583187063132707,0.38562331122803567,-0.598865439750098
1.080690953079638,-0.04680628802709887,-1.4783019423906352,-0.8135873696328083,-0.24184559144930146,0.6420487896800413,1.3730899947998776,-0.12458291271687821,-0.5841742770414302,0.9780724672118959,0.5312011512213974,-0.11080812250864905,-0.7298531329936215,1.0700923708591328,1.3870285010575854,-1.129126838020821,-0.46054537372811793,-1.2151254411040562,1.7171556408362543,-9.5834291327689,-3.7081847570550157,-0.9564242010212075,1.4650125211171627,-2.193805408166374,5.942093337607256,5.266226922466254,-1.5490087885886468,3.1576646050401433
0.910952001420152,0.29501814409216504,-0.4516504560800069,-1.4190652142457996,1.6290675438223714,-2.4567714958785554,0.24539840477904767,0.3839570586963281,1.2250177310404273,0.0809620277248173,0.8809012584482603,-0.05851700558331368,-0.8606706586729962,-0.7232214810527036,0.6362263035771275,0.06388016441716214,0.5799655553138366,-0.008502510518577516,-0.5411789293553245,-0.37047349245576455,-5.9375258717551995,3.9147200830028566,-1.789641942912646,-4.1694436558704515,2.2577676357432037,5.766674216092765,-0.9808754273398046,1.99301859380601
-1.3044145155688462,0.5452041171967926,0.9178860962942975,-0.1748427640612386,1.171433973115976,1.040275336789098,0.8424995416955698,1.583639209946627,0.7344403049289016,-0.7921251000174323,0.0004937175829194524,-1.2536306931756502,-0.1691728935755292,-1.911196779777336,-1.185289217759924,-0.5545900980966837,0.41252899495165263,0.017145308483158622,-0.3425598067677364,-1.4157709702801498,2.2200205357808205,2.610845318148241,-3.2591545282749577,2.8038388554122595,-0.7130949497544004,-3.087042362058654,0.8350640976702748,-10.132924472814466
0.9592136767092184,-0.3574024579349168,-1.4760385332877028,1.5769638493648916,0.216958062203839,-0.26600425648384546,1.3527902944473666,0.48617716024245755,-0.2550532305234874,-0.5952477284738579,-1.2599518870377415,-0.8301452667739336,0.13938369238371265,1.4866296387985896,1.6223947762709108,-0.09134920159549256,-0.6424997247682842,1.2936748972791858,0.08381453234063996,-4.706377400202482,-4.142679374006637,-1.6299848558283836,-5.570902612068608,-3.534244910235487,5.05191864301465,4.9236683021798,-3.49384671937262,2.668714272094056
-0.6163724946784784,-1.0597828742147557,-0.3995270265426742,-2.2724897363533034,-0.03920440429919388,-0.6858414870554126,-1.08022353931001,-0.450873069754986,0.021073474829755096,0.6061453832511747,0.5623471010691776,0.2067378494564305,0.10967558889171564,1.6075635616197352,0.4600430055607495,-0.4633030801510339,0.4188931743796726,-1.3619054070972578,0.19139108953401363,-1.4597402689908274,-4.409657633812732,2.2251408637485217,5.089938660934629,0.09581124163195381,0.7114468319182431,-4.0780646628199735,-0.4066806120305081,3.029221607081346
0.7745209573766405,-1.1506108546085927,0.28499341842425824,-0.9349855759015734,0.15598077420563977,-0.23063807202892417,0.8334432758015308,-0.24721671202239187,-2.162030345033072,1.27348309093357,0.6116109711434465,-0.028983058903981174,0.026363688946749484,-0.19354594605314263,0.47912351507701695,0.6447261700722167,0.9496368653973642,-0.3829427904383705,-2.101139880506437,-3.3097069032187005,-4.256010486759867,3.544595922135444,4.9739393311237725,-0.8714301741216941,3.719289512576232,6.461133050896024,-2.3699391015910356,-0.9429479811313098
0.3851868875311352,-0.882852045638978,-2.2147491066646374,0.41206539407266907,0.7674202029762507,1.9065081342464438,-1.500661850033654,-1.0838605709061422,-0.21025119565278041,-0.10073138206326998,-0.34284393963992493,0.7547901695157024,-1.5851663716620839,-0.591431345791108,1.0648896686916554,-0.18677176300365425,1.7282985659608359,-1.0092495568607263,1.0022999628180143,-1.1548846051104444,-1.523407061215543,-5.947803835198358,-8.789181710224488,3.0872266739166823,0.006025314467098836,-0.6733328555729419,-3.324259974976134,6.514844178076128
0.6051173605317046,-0.8879521058858973,0.12006909936726436,0.7833953648074407,0.8461582122507892,0.2690070344695935,-1.3167076159539837,-1.508093719763536,1.2262717103388032,-0.5008921609892597,0.3148119332737991,0.2454387254972124,-0.15009289777007692,1.1196736831091174,0.27582832628303744,0.004168269641947168,1.000561225339919,-0.9521790468187655,0.5623762075769376,0.3149533738246759,2.2318962997914675,-0.6529915621931527,-6.8019376781337115,1.226995454957821,-1.0890718608028787,-6.902226757508057,-1.9162416407810583,3.0883057660151167
2.258565821773813,-0.7670962398342099,1.0239737432525788,-0.10594170692889213,1.1400294294309605,-0.664003513597366,-1.096398236905316,-0.28676822554765075,-0.7402427422551093,1.0735091882130472,-0.10007995064970927,-1.415012739632039,-1.3921495076015622,-1.5658800550334,1.2493515475352521,-1.2744339071835418,0.18276169594261418,-0.5014184554425284,-0.8984437679040724,3.1008047837597617,0.16859638879772545,2.325951875959557,3.144983114085232,5.441348802953209,3.824783310474225,5.584997897720216,-4.590656613766489,-2.016312151299596
0.11408687190594102,0.027485804583920595,-0.012655007129009981,1.7677091086149028,1.08140932387456,-0.3190904387288843,-0.7351816506014807,-0.5154551251574778,-1.203636535193923,0.14441744908539234,-1.7449113564001462,-0.6585904458600949,-1.395870772613931,-0.67863766247386,-0.31872865523119487,-1.1792272226747174,-0.07342141266546828,1.368412368229135,1.8085675898198368,2.376368531229812,4.715437906637476,0.18117024864096146,-4.968156864164305,4.107955605805401,0.508779117397302,2.9876596718595687,-5.582994995329813,0.7526303088497446
-0.5271157236140359,-0.7359732459094613,0.7598874758711633,-1.035944188618928,-0.8421364961800867,0.5517552768611037,0.0562114529102487,0.8591510219930398,0.25721645784303226,1.2787344279251505,-0.06593077383330725,0.9842336229504287,1.0507949211391823,1.1862042447258778,-0.08416033978595405,0.2548219810815925,-0.7100585003952288,1.106661084656047,0.4104592434510148,0.8047238457666636,0.8404394293083607,-0.7110041059335326,2.8349433699320836,1.6694726611656197,-1.739902789800603,-5.005983340557894,-3.754490616981529,-0.5945564030962793
0.005833193017082917,-0.4614325651710382,2.3130191693255764,1.191197207203901,-0.15640735701562095,1.329785167574002,0.793943130084794,0.9347775395766659,-0.3040204187281011,0.1566785334362128,-0.14971955757860805,-2.2456166689366577,1.007601790018537,0.18712133048904264,0.6008334784201651,-0.8660997611453344,-0.2303618331211867,-1.7313566431087386,1.3150959418029506,-0.6883973034501389,5.51724867226433,4.20530722756757,2.242688079836855,1.390972916764365,2.5219561322086532,-2.863102219861907,2.14183328540979,-7.480412561675582
0.09354197158075074,-0.7319875425249481,0.5424074471197542,-1.0936500343682711,1.6649338883201275,-0.6168831371805503,-1.1628956703862865,0.36678083682016854,-0.09948037481465685,-0.3022373743779098,-0.3828901782410513,1.2022152238533168,-0.20277482477228018,0.288422960317894,-1.235662989746402,-0.1198134279037858,0.8645950250059851,0.5849987965548753,0.5127945330208352,2.6724342380502497,2.1390095693925106,1.5838118035414905,-2.27248956513967,2.8090573266060743,-0.7552240210998905,-2.4140535783474317,-7.565449822493376,0.1437147265078521
0.010507151927713213,0.4890560657226563,0.5094169867410199,1.5859041388314339,0.49235731820865686,-0.4066428200808501,1.2967375424521508,-0.5219486281341533,-0.47446372029524814,-0.16743725176129207,0.26510473265401296,0.5700517566564558,-0.28146829633955217,-1.90628260831645,0.1773439370276191,1.1599611219321118,-2.0653967038696694,-1.350854288576196,0.4583507758264729,3.951607375472704,2.7641449887611684,8.335205513997332,-1.1468882328530392,-4.860635249849889,0.3040359409634159,8.806196654134107,3.3665677628971182,-2.438303703887916
-0.33658091189095957,-0.10119450009239046,-1.1565047819915633,-2.547546797114047,-0.9522699378660896,-0.7627061214521522,-1.060554406743407,1.7965346502628017,0.878936980548918,0.8331832450485268,-0.9838525227119728,0.4715944703030315,0.9082088370209591,-0.580018542442272,-0.3327263401985159,1.7432265344528373,-0.5807413599354225,-0.25884499177611964,1.2262500542684909,7.284537076567862,-5.21712630302142,-5.412308673474639,3.225522792627846,-3.3116130679678375,-4.116466197873459,0.7559346917270365,6.329442512532405,3.4842255424980166
-0.22074522179943995,-1.3666553504092185,-0.33144819302300793,0.2577432051702342,-1.591723501740783,-0.030959826149949285,-1.1767233903115324,0.37933032275306566,-2.2976676914040355,-0.41526285474909536,-0.4948530842794906,-0.21410284007914515,0.08678454612280362,-0.3785914564843418,1.8934158100395766,-0.007893634389459666,1.015184124649376,0.359999822222648,0.9578068617530631,5.980381000233993,-0.01445854259859812,-0.9676831155316512,5.288887512076804,0.09836939835469999,1.5887450783472394,4.509676381948765,1.187227439678356,5.245885510726995
-0.007912853229730128,-0.6761704218653152,-2.6240888103401163,-0.6221460909722077,0.6675283292398925,-0.3511877070143437,0.12006237883918666,1.5427602801344893,-0.721511939642516,0.7306762257795656,1.4533970665940734,0.5662755415716877,-0.9842104803908313,0.738892490320415,-0.4770680555887382,-1.1018566066406332,-3.097462002726768,1.063541121632211,-1.6759031835860663,-6.479808733430525,-6.019402519166716,5.394465089276133,5.803026430420444,-0.034480342590607865,-0.1498434313194816,3.677112741391966,-5.025766582110152,-6.777634866998892
0.04210985716381286,-0.15150567897207368,-0.826737677464059,0.5663492297566408,-0.04414110251327283,0.006321309834753088,-0.02131639302478686,1.1770671768448826,1.87557601901856,1.1603921673553443,0.3438947849279946,0.7925683250641151,1.6758763639783316,-0.35256153548195585,0.44258730711035127,1.18924460688473,-0.6105900005223446,-0.9311518278478154,0.04292916620048283,3.7463632441473314,-3.9319802115764886,-1.0521380545829624,-3.5068478855025003,-5.144869575493942,-6.602243509457871,-2.0948036794557208,3.7192142443683918,2.0641163466526473
-2.1596234343221488,-1.3769050292715874,-1.6950626959080215,-0.7829384118400065,-0.19195504885604323,1.0312408077458104,-0.6638421549925807,1.4108097222865255,-1.2602386292424161,0.41213130917220486,0.3641187726565215,-0.9208175780948941,0.6964776546561702,3.058072221532669,-0.39753940244673613,0.5379033496808558,0.10659637355455766,1.9218488609241617,-0.3383141026842315,-6.745173462158763,-5.536095934926299,-0.04231186979392106,2.8083206173815705,-0.40235304218252055,0.6209102572053955,-7.344182432646594,0.614469297316469,-3.8009114442657834
0.459366240170344,-0.9334800294843151,-0.7554200445194679,0.31864630022356766,-0.3209320521179736,-0.8613539863826877,-0.7742211742504286,0.5625814159891868,0.48992457528722944,-0.40553239899151977,0.6883693688184258,-0.22694576332263156,1.3582777240768817,-0.13914343393503523,0.22959843984416298,-2.6527069223513196,-0.8700806121180182,0.10971861827828186,-0.05558812719231639,1.3231911918998174,0.33990725498611735,0.540899847186513,5.460028083089842,1.4502435652690118,-3.6653916443855246,-4.012342143438932,-2.1414034067333265,-1.037838459014817
-0.44022203822694816,0.5039766582632279,-0.19110230940050155,-0.46526693404296493,0.6646550407130764,0.00035100927317050754,-0.4452248207004406,1.157786441364602,0.6402719425598749,1.344244051945194,-2.247080104526764,1.6261303387863437,-0.25539653478401125,0.41840646467166764,-0.49573473050922834,-0.45204713159007487,-0.39303086199730064,-0.6505719156030569,0.1997815203804682,2.681889365320514,-2.061207730777749,-1.9601092251772774,-3.6421033029582373,2.5792366832077307,-4.443679773497721,-0.7654674181794958,-8.39220997015192,4.809316703627357
0.10219846792189746,-1.1027326372740758,-1.2643898472384842,-1.1323061953399653,-0.6772754796552088,-0.04542431483915364,0.32527403602160154,0.031471469536228716,-0.8615939623193879,1.0497531882257516,-1.578570421442858,0.20648656273434188,-0.5778064439457123,-0.22481733792933248,0.2739341461730067,0.4556631602077908,1.2700221733359944,0.6985237859029572,0.18637348369424195,-1.3927082693417134,-3.9728860469616287,-5.762793211131304,-3.3732495561651845,0.9773535033086801,0.3897867806616006,3.5758855539738854,-3.1056594363310057,4.526925428138817
0.02163872895803743,0.16913389822141536,1.3176074303918153,1.3430279103750313,-0.08183913002922309,-1.5663193290047146,-1.8503012070672036,0.2400816117046036,-0.22342034556281556,1.1484269645062848,0.08029388180108675,-0.3296759002857556,0.06587969145538734,-0.5044548459260898,0.030384274336676193,2.3272970459806057,0.46394844059787466,1.5791982357924703,1.4296421940089243,11.673479222494466,2.932792135246877,1.5415626597914436,-0.4076078067993253,-3.0601852192805343,-3.2637684740100674,2.674421542100011,6.138129447086566,2.879698231350254
-0.31263184528507626,1.7085186812430913,2.328181513619189,0.6077912303799519,-0.9095987598430768,0.7012871012462298,0.8762390642285294,1.8735679503927034,0.384629288693572,0.40408841335946116,-0.7518508262939205,-0.021080799549821855,-1.208009238195288,-0.7241738134299385,1.0103173512747352,0.12526998769900996,-0.3097621072080444,-0.384148032334799,-0.9897769693018333,3.3107319855740815,2.045493816355421,1.4786337068425497,1.2631070177097938,2.285201200339406,0.572479747154321,4.88291436973664,-1.6643308378295956,-1.5697374247237292
0.7046819295739181,1.4822390599281428,-1.1563492438790262,1.0147539839674675,0.21749002958625605,1.934929276193762,0.19373920358446553,1.5673153396365587,-0.358168652335916,-0.31339557982880284,-1.2867960494040496,0.39554038845617856,-1.3706354256360553,1.5956940047199117,-1.6482223751260616,0.06853430042571876,-0.6869902298965174,-1.0491495642428514,0.1006129518582895,-5.922687819006881,0.926598652367548,-5.910084524807483,-3.4835809311162476,1.2089048554035302,-0.6645261280968486,2.554769321981182,-2.672212005226782,-1.3022170762531668
1.904399986805274,0.4135938245139165,-0.38672245174975706,-2.1044781994899093,-0.506119600057125,-1.6386511121158402,1.8947847104331546,0.2621352097258094,2.0656528397236884,0.9144043089907307,-1.4508293228162072,-1.0849876540842018,-0.7296227945639889,0.24352694051646337,-1.5897339938819401,0.4460329943737552,0.3392028683272193,-1.1813217898688277,-1.3999061964057353,-6.787629517584245,-5.129661574745276,-6.921764539870583,-4.248367485319917,-0.9998751239671734,-0.6394431941025243,3.989625167112413,0.8257968865958699,-0.9315172847856217
0.06315430434933009,-0.9298348760340378,0.7437170960624282,0.7971567974587211,0.5691570046377239,0.9175277049094612,0.1966939071170826,0.5288346725430974,-0.677600852701027,0.10765811371619226,0.08013405467213731,1.3077374816193341,0.5900747396760155,1.7479872180519476,-1.0665319581423793,-1.0416433223275807,0.7207106158458917,-2.543325863126826,0.5172006013083172,-3.819120834404894,4.193494762869737,3.510540852280775,-0.7583796063608147,0.9021193636593956,-2.750227092544979,-3.128569744556125,-7.392329243542053,-0.6398454912277615
1.799334953720381,0.1275209102156517,0.5845249528539893,1.265680622546817,0.12676539228297526,-1.328874927501843,3.143136401882239,0.6107916983545437,-0.2400481805349429,0.8724669950002687,1.7823212922020824,0.11303770635877237,0.2245279003909621,0.12768169692077158,0.6052070206346554,-1.9020839388722044,0.6228854571091323,-0.40087513365229577,-1.1959404774248614,-9.663211968728717,-0.8541987345686606,5.5255077210940735,0.7246304216460551,-4.621875057300647,1.8061708521886153,8.617631526293325,-5.755026065127065,-1.401386142082886
0.5956543799272036,-0.85844800929053,-0.4926077781696151,-0.19521733545519118,-0.20757530683568148,-0.5635743810308876,-1.2397524433723994,-1.6963482748459704,-0.4736890573236731,0.67837842478639,-0.10669534499110017,0.4067225292165639,-0.5698077306059702,1.364228599117572,-0.4871453966754824,-2.1192772223626113,-0.9553277856866993,0.7974732719733799,0.1561040889472131,-1.827030139601473,2.312640752340828,-1.4275235562314867,3.63122956425188,5.707594023473124,-0.7072785730603767,-4.170135369075731,-6.803707834583881,1.856714824878267
1.1744189868003554,0.6408427643676978,-0.17813618666260078,-1.196163972488781,-0.11019576013858334,-0.39008607790533667,-1.159380829889449,0.33661551023011205,-0.4068250115882485,0.8882626100818717,1.6271383399536063,-0.9047961461357448,0.4744697508958205,-0.4319154835618946,-1.6391567033976773,0.03705426244814233,-1.5313447126587036,-0.04719004028314264,0.5019129622032948,0.7763923100692978,0.9114838839609463,-0.8503531624001766,10.816449893715719,-0.3735792139110281,-0.8282796455242828,0.5348102964345819,7.78132236254941,-5.643894826204117
2.1596368048294963,-0.16424207906111654,0.19341684723022323,-0.6978337142326814,1.9023813307872368,1.1819718553140517,-1.6572821144223717,-1.5824124879490433,1.2865093609753657,-0.7727763821267595,-0.4616001966516477,-0.601538188534375,-1.1936626181167354,0.46526655230964026,-0.6143024782653561,0.06023498028506938,-1.2701069153683573,-1.9027881329500813,1.165565959489212,0.22540590841821428,3.886738004623322,-2.1240781153971757,-4.150976890860024,5.177175328875957,3.995016015456381,-4.67633297042911,-1.133938954203411,-2.6696258368895713
0.7180046863592389,0.18058182248501933,-0.7063678662225454,1.0328115153967496,1.128407753087135,-1.63758279393604,-0.7780165621640255,0.7847307221143098,0.25097250665334464,1.4117559363524987,-1.2923135644690473,0.5432663333756932,0.05415211245857108,-0.738687107975984,-0.7238409493760384,-0.013106233407280246,-1.018804476648392,-0.19055385773901756,-0.19072373123238928,5.489996711269158,-2.142730106089253,0.9387052237765762,-2.41062019282362,-1.3700027308144844,-5.774510345940918,4.500095113386845,-3.189075488468662,2.1832567454409064
1.3809420425651007,1.32861602120912,1.1314929190140448,0.6524905936127958,-0.549110119209335,0.407674438894805,-0.4526259182734189,0.21893785245604774,-0.18601713036265943,-0.13190312940812182,-0.6455312656382989,0.5375241621727597,-0.3430718886799817,2.2138952413602846,0.8397405659012697,0.3320435308078084,0.9799386411429806,2.2247672916970767,0.054328012616087336,0.24735321729792642,1.9534758442680558,-7.008120241677249,-0.4413830345363317,1.5571015312508385,3.870146820180622,0.4612581109917686,-4.682431491670935,6.498861319502656
0.48098837864583543,0.30238439548370033,0.14473440427391693,0.432216271495313,0.027093728513346814,0.2834008031509242,-1.1440570605321818,-0.7165418195917211,-0.07223744260793441,-1.7999860153236653,-1.045228938501699,-0.3946225265031873,-0.9139498979634124,0.2468965762363534,1.0930354181291086,-1.2757968066344063,-0.9237405490713374,-0.1470663166995296,-0.8002136657902059,2.9165248860817607,1.3907678399529173,-1.0321498244141505,1.7909738503610693,5.17938754324942,3.7321558318613732,-0.7864533987666907,-3.3575144001006576,1.1491611611983092
-0.6373902493768642,-0.006708302750557294,2.45451756851679,-1.2507052881749623,0.7987635383258236,-0.2456674374210391,-0.18106825435806215,-0.8220237803415007,0.29397180278682167,-0.07827057075488703,-0.339212485352092,1.5625687854746835,-0.8861021571668672,-0.5420863213748001,-0.8551809917659627,-1.146171050084503,-0.8860965079476791,-0.6224293986457351,-0.5761604889473215,3.086790124983421,5.983169871037822,6.534535361028299,2.107385933422792,6.9501598091163075,-0.24377064854343433,-3.156464226179327,-9.28092690569724,-2.803811658399827
0.5581601872640655,-1.4452209686500292,-0.5891547642657691,0.6537632399739376,1.646618112981585,0.20111297172039996,1.640335856283934,0.6827755802003218,0.06485794275896577,-0.022156039571000256,-0.735564589174103,-0.7808683563451527,-0.8193902089971485,0.6310033227883421,-0.5008773927168965,-0.04988981917407229,1.4147276071223214,0.020740584318795472,0.7523036710671089,-8.346584513102943,-0.33124830940008454,1.0265822866174366,-12.322547803102506,-0.8586406496773276,2.2065163077585517,1.9643827333880204,-6.667048669287263,-3.329117272952725
-0.31458846381131844,-0.05195997061905704,-0.9088846086759338,0.683297422152606,-0.2960928688509716,1.1292166591800066,0.49562855527833677,0.19073530098411567,1.004458416109658,-0.2843491454558228,-1.351663981415499,1.6308973754228506,0.40414313607530233,-0.6572900782802542,-0.14855268163236818,-0.0044306574729655905,0.14014212063720946,0.9444727979085683,-0.6892984084403079,0.9944776308492964,0.031255964276908334,-6.383194530918529,-8.139649525127718,2.0481668398053796,-4.323560682538027,-2.7125164965135644,-5.667935200541588,3.1088059302324327
-1.0012142002549096,-0.33256012599817325,0.49057743744169513,-0.2793630440299606,1.295822811235383,-0.05037466893317864,-1.8953330245576812,0.3057814481680095,-2.6020505328211625,-0.08773919267435391,-1.5365784289347595,-0.5636133072244377,-0.3556497510368286,1.049255769174385,-2.1714108422731333,0.9107722981927238,-0.1726902034570129,0.8715741208559531,0.2656662161891453,3.419346996373871,2.331067349152368,2.5489109077643683,3.495010189222049,3.3313555659739955,0.9452653612592634,-0.950792905420556,-1.5360451530221533,-3.876829019648372
-1.1239444710033166,-0.37463655788142036,-0.7003223560771182,-0.42148450227244294,1.5495253141738878,-1.2199699413377674,1.7582524930083554,0.9809343354380291,1.21032739356983,-2.116064896715371,-1.203270577101409,-0.8939301243164925,0.26655180446605486,-0.27061142023800316,-0.23801490828852653,-0.9925593272412482,0.030234426005929366,-0.38157478013986346,0.30855590441414554,-3.809073711331424,-2.5451590559302026,4.649908884676153,-7.1882416339806925,-2.6367624187053407,1.8455528093643783,-0.2665657568936056,-2.9122483989817614,-3.4727724193659486
-2.4092919087236155,-0.1614912596926304,0.26156776131207105,1.585599444903762,-1.6189767949891496,-0.37470541873351704,0.10737391847010251,0.41475735560765153,1.79398851582589,-0.8363298065053331,-0.3187391203862736,1.3245160874904534,-0.45326944407863784,1.6697773352084906,-2.4471693578611386,-0.1104715578270145,-0.49057849200618137,-1.2662825870707333,1.3964810927456075,0.27247935875506424,7.440232812417792,2.058904222187262,-6.2682286172476545,-0.555039955556487,-11.259708799100979,-7.584016014845609,0.9303891786433267,-0.9239908547860147
-0.537761834027701,-0.25898166650859783,1.0228120053920025,-0.7736882186548083,-0.23610516098280626,1.3863060812492434,-1.0661217861384875,0.23139293070927477,0.36220996236501074,0.7501637577330577,2.1149600003024704,-0.30687558280018423,0.543547131909078,2.1256146188067384,0.6695690030256835,-0.11525218985135892,1.3250214162327416,-1.7416262217146172,0.10791140700956196,-3.426767588556798,-0.4884163411971109,1.7509847567137156,5.23112005720684,0.2617917039835356,0.37347463431824957,-8.394633721759558,2.9333437742458615,-0.6854547975601009
-0.2404261550789562,1.8401108079435584,-1.122361129902789,-0.5415760307578691,-0.34104380666540496,0.49964929062400204,1.2085499316290955,0.7199767147349629,0.6340824410627206,-0.20241881257402858,0.5457746002042668,-0.26291190935277436,1.0096514684174656,1.0450160663744492,1.4104060794984035,-0.12422118677659368,-0.09554336905864773,0.30090515478794944,-1.3362278296495786,-6.073788809053455,-8.050114468188124,-3.5070124292093494,3.1933485192797093,-4.597172547243025,3.6382692885360126,0.4413165321501151,3.5919091869911974,3.019310333632077
-0.4120560134814897,0.6134881227231044,1.4630512384548442,0.41561313188788124,1.055113171308201,0.32153058237253873,1.587979448383242,0.10566031076363537,-1.2569290783846603,-0.5875995476331743,0.6207878385771809,-0.7674581726402264,-1.3061327827278,0.3818805828937131,-0.039446339346164365,-0.8322063597438977,1.2002115284275978,-0.9748443982640079,1.0198631924583295,-7.006356885353853,3.5938059398137256,7.277011171821738,-0.9119796807769921,-0.36814607492467744,6.230991665046187,4.266279878505324,-2.6098173217045293,-3.7163632053726348
0.12472723420901029,-1.2934428186593643,0.9683431912648518,-0.44964280818206087,0.05875608821306336,2.1443258559334466,0.9921446455362513,-1.8522657936322537,-0.20300222055484124,-0.16644032289399668,-0.09849785031960412,-1.3111588519223436,-0.24143303362318966,-0.6721749374598671,-0.03992640706327264,-2.2594710808720437,-0.20273749604335964,0.2321459785613337,-2.060150021888529,-7.705641635349942,3.3688820711578957,-0.7217033867140256,0.06969447808670579,10.469141832125128,3.7187925033266054,-7.733955883665186,-6.528026216965548,-9.143851275346172
0.07140790145623548,-0.06090274268600842,-0.12896932897128396,1.613140204897783,-0.7577792072981847,0.538271578455952,-0.8504452551965673,-0.6897706401496827,-0.4213970985639713,0.47667005363211584,0.2870493593318481,-0.0037013677713702564,1.3936285836324585,-0.16147834914758907,0.6391726939677203,-2.3260042578153315,0.7407672368146332,1.2569292715976472,0.8920666747679571,1.0060040600925328,3.5757474761850974,-4.476292494032613,2.4092347401316077,2.97669074760651,-3.187881453232591,-5.441303140771674,-2.158546861211119,3.841572343950459
0.49967519263685617,0.7270218178558564,-0.17836847443799167,-0.4178353515368983,1.6562973499007454,-1.199611326852754,-0.7561238461613267,-0.1487776133189618,0.3157657626088196,-0.06506021193562224,-0.8109815642281678,0.2202547700414078,1.059933409687081,0.5326410818392499,-1.2104829040331189,-0.08262142662956654,-0.816800644446115,0.3356608158866985,-0.313780394050078,2.0528240346526854,-1.6403739930540073,0.1189784453026216,0.8377272626246414,-0.9363589937657542,-0.6629227336492812,-1.6888332459437498,-1.6853313273761183,0.5995543945163931
-1.2035954137728704,-0.7962976810487564,-0.1292830424286386,-0.41350031556935885,-0.8424117632467608,0.1420165689138465,-0.23067409948747722,-1.3812941373180012,0.7858793538804709,1.829263428410452,2.0376900079995766,0.05983502490512598,0.5241373397581964,-0.8737198852271792,-0.17404882734061625,-0.11137584620625776,-0.013776780676910473,0.5967589379775562,0.5662895224385937,-0.7241586807157943,0.7237408663962961,1.1073895523458557,1.538517762001523,0.4586961532588723,-4.948282942471899,-6.844802766955811,4.901724554326824,-1.8543390885507065
0.4821461463062699,1.2949987070245215,0.7441571099769537,2.5303860033498307,-1.1195243538029074,0.850276917920293,1.0450978478664614,-1.3408562478335098,0.30799244145325505,0.7055682591070219,-0.7819595045178971,-1.1665353780197116,0.1631188275695559,-0.915200965785145,0.03483526667994749,0.6822218217621043,0.12386014977489411,-0.26360135704905524,-0.1599650134574449,-0.015367396049071377,3.3094890091638924,-4.953503995524734,-4.469413262063467,-0.3457581969497624,-1.9389580287168802,1.3965448226524892,6.321041647939776,0.6263513219377737
-0.7813490202320791,0.17604473440422297,-0.15048473051495304,-0.16684949279343833,0.02728767404708546,-0.17223135296545533,-0.6401128289766439,1.7901440592332711,-0.5545372694559314,0.8065567677133946,0.4735718535079435,0.07439233358378812,-0.5580359235969058,1.2500721812381987,-1.1895402419943608,2.530753359325249,0.1755421104997584,0.8507341485829351,2.5815065157622223,1.5073123966146196,0.9736149537975611,1.1761131096410298,-1.0204581503685006,-5.066678472560025,-1.411853117766671,2.677289623367589,5.701776098804,-0.6156353549471388
0.4290942603573114,1.1478909625867018,1.84705598195142,1.013425715050556,1.1077926517551246,0.8504653180270616,1.6511131630011149,0.4785995536315204,0.6876824500556041,-0.8539621332417136,1.9768829475875946,1.587105675037361,1.1347611859705797,0.30439416409571274,-0.7979582919448402,-0.7839953618593904,-1.0541446830610162,0.572446322971981,-1.556562437427133,-3.9892501544538885,5.0777022374459975,5.813117987662374,1.2659216819389938,-0.28564868717769426,0.6660926383200939,-2.8080376879414324,-5.955438769300338,-6.58471204984727
0.6448805870682447,0.9924441487172785,-1.115863077538264,-0.043179767207006295,1.0901841559695626,-0.9107644085873494,-1.750507018899991,-0.9429141789761728,0.8933870842924837,-0.02840802347240267,-1.2878439808303073,0.9857746151473015,1.0529186969169384,0.8837012019494488,-1.987617615463226,-1.5647045404299582,0.4273878821243737,-0.2329191264387712,-0.13848317126590673,1.0020196424044325,-0.5529147344098705,-7.04732881737709,-1.305378330804787,1.959571292982574,-6.198964819203208,-6.652769932200332,-3.9699255464580316,6.354474330751896
-0.7696544460249861,-0.849916513312623,0.5918063883795398,-0.34369366573430304,0.34758102769346894,0.0917491820281444,-0.5635860243990558,1.972287169340182,-1.2989173108918026,-0.6892435952409338,-0.06264432376031256,-1.0841796732346618,-0.13227935899912358,1.0061770674474226,-0.017831774685287634,-1.1214891763862476,-0.3469143505366858,-0.2452502079594615,-0.30607766632377964,-0.6806509733175383,0.35324049233305876,5.931695691388657,6.104907746490498,2.5796853973114957,2.1148336567065495,-0.8162122474974162,-2.964842963927649,-6.369339224509693
-0.2205180095364772,0.09110765923296779,1.8698449378033892,0.22480102507090777,0.7626617469003983,-0.018805782827597494,0.6120568624166652,-0.7853990916959178,1.0938774687612796,-0.7975037461937976,2.8134786390059547,-0.33633761342656904,0.13294032676661652,-0.9278986829517155,1.431732986503191,-0.3391340514440731,-2.3083007480745996,0.7578912110018101,1.936086214951338,1.9945716203168453,6.057855383862887,10.972304039840195,2.831737737887736,-1.4729565644816938,5.497839184271925,-2.056012113007901,2.967737062555493,-6.975510676601151
-0.5338035753167977,0.32425644366107775,-0.6141372914929475,-0.42881589789483177,0.8147438920708517,1.0421604979037664,1.0084723876048158,-0.5321366094534999,-0.4601650707481727,-0.5651356595229167,0.49136346021751265,0.15465913139493612,0.20075236740352606,1.7424121782345705,-0.48431970709380967,0.6624148780965979,1.4289948071556198,-0.8629435748933934,-0.42455286465964975,-8.9171269413461,-2.8269342652448444,-0.03189406091315743,-2.684521262319424,-3.081862071574756,3.4774742222365007,-1.9417299960876317,0.4575587796060913,0.5766333753666923
0.6707676983088015,0.6669151376721583,-0.22447303299612065,-0.6044763720420941,-0.42654163119753413,0.8979775762012892,-1.2386962497314953,-1.6419021016144895,0.1100684428536388,-0.8959683286535913,0.11816932166328041,0.18275965786299375,1.0629285777767181,-1.5540648785793096,0.27284161349979413,0.2430396934871361,-1.86772662333763,0.0744797054519015,0.47897656931213894,6.485304872609821,2.2225296433664306,-4.301929704873102,5.816162419705384,1.8354423865621345,1.4178933685349868,-2.787676465382441,6.082412885588483,0.4193295981056931
-2.2621584168596827,-1.0551041443409128,-0.38568260387956604,-1.0976309310866323,0.524543568040188,-0.10562178054429495,-0.1326112968084389,-0.935125095387948,0.5863040172318219,1.0237137172852364,-0.04796424682931684,-0.16150661154131088,-1.2770689278893501,-0.516253832308018,-1.0731003871016829,0.6652094235125852,-1.2453965606801856,-1.236154176345064,-0.5900535447861294,-0.9159302405961075,-1.7545206495505536,6.877310006288358,-2.460833138160324,2.1951420762202307,-3.374931467680377,-3.9704368997426185,1.3738858391304527,-5.607295305694253
0.5542575259787523,0.6163229849751707,-1.2795675643476496,0.3981196620292111,-0.5699556922703595,0.9579162132263185,0.9622012088882175,-0.5894260078894094,1.3439288935083995,1.5655149675200775,-0.7948826486288839,-0.02789609847977215,1.8090095293793178,0.6147431110897397,-2.088107201274529,-0.08444032623282195,-1.296556026292084,-0.18452180133494403,-1.6207427356682693,-5.749040559169983,-2.3368387422203947,-8.64541742999596,-1.8885499008936244,0.39824697651264385,-6.479425539352018,-6.422860352334159,1.8889432790487717,-2.321348709225036
0.662961071196317,1.3164588650207374,-1.245986678694426,-1.6011570017477315,0.7494090218137398,-1.1712629484698718,-0.05495769928591218,0.0014322377859271116,0.18722481673351848,-0.306820303321449,-0.38145461086836535,-1.159605370296691,-1.309384621363152,-0.2235092053394669,-1.0054460987492573,-0.652677952803961,-2.0868807760416743,-0.21748157498789392,-0.6317623519538746,-2.9428792127386236,-3.9478799528535524,0.11856198385744883,4.800167351115378,0.47210290356066986,3.185215042981304,4.439739085822179,2.7101383492142666,-3.51037303148598
1.138998440536371,-1.585845276943392,-0.4799555697179944,0.037806069045314826,0.7320792786707616,0.7333150635680156,-1.1287637347437216,-0.6117193957420991,0.3815483923305198,0.07443065762849257,-1.0711507065286587,-1.1767452256349762,0.5737216532161565,0.2536993504683662,0.4344753807315796,-0.6327648025847512,0.3237873494456735,-0.924670443799629,0.42304550486689974,0.450814580476085,-0.20243345549574193,-3.7283986673224776,-3.7621535898290617,3.601558778077344,0.38347695645472,-5.272846379182199,-1.9754753215251646,-0.15912763975018074
-0.732335206355348,-0.8012031859096851,0.01384510390850966,-0.006824096392366104,1.350184480939238,-0.945036659660837,-2.2189876072801114,0.5533652766182653,-1.0405880175216908,0.4426910292613982,2.7498639173204245,-0.19353303580732295,-1.2676596186375366,1.2054710344617354,-0.72214818523079,-0.3145991554457871,-0.6247858331680127,-0.4209090638262219,-1.0216302891234255,-0.3112016600588783,-0.5039974878378258,11.650925718890841,7.489650606007654,0.5433751777921338,-1.3243134690638734,-1.1985687387337272,0.16289997861511574,-6.318365694145854
1.063067276298953,-0.7763759550705431,0.3301726366669536,-0.19708618658868135,0.33851096158588995,0.14967203872258203,0.14526311873095915,-2.040771959217574,1.1253435512599588,1.8105754436554562,0.19550961939329642,-0.0924439702337236,-2.285468808002114,-0.861507796385225,-0.9268140404277624,0.5741814619768185,-0.07913799885095948,-0.07048199634686096,0.16550657368796645,-2.7795332005963544,3.3086784210728917,-1.2009334884986396,-7.938380942054265,4.617984032837935,-1.2752069204347791,-0.26352233533238933,-2.184565009225377,-2.196265807217366
0.2595119302358083,-0.04697033971546792,0.333100039985966,-0.5456063432936584,-0.14620417090348012,-0.12829267422777368,-0.9160810764398571,-0.7248585411671972,0.7629299610079819,0.4499454370003545,1.03331168539118,-1.1574844704414393,0.7002191033776628,-0.5216714325317016,0.5554427896807437,0.5348320943706939,-0.8082415167711738,-0.8062481169470689,-0.32567884613313086,3.099462709111595,-1.5573350540294117,1.0226253476627725,4.6888300301781385,-0.6679907605320106,0.002232590040820867,-3.1356912576287463,7.855540408894028,-2.260862344005915
-0.2844945048952303,-0.05709645701021161,-0.2911848423153816,-2.295050336265387,0.47048720980867725,0.4094093130906598,-0.09328514391387681,1.313461309978762,1.6992276086701572,-0.8344778611541965,0.059817704395081064,-1.5050581695307874,-1.2610380852932461,2.0114224969932804,-0.5142794562202888,0.09909301559262336,2.1621198832401003,-2.085986915269624,1.6093944647234946,-7.697207807379309,-2.4481557637606155,-2.719975311869361,-4.826650728482105,-0.7214456792021784,2.8172410427206196,-4.646756735902884,3.0056585810585936,-1.3026848558674875
-1.2699647808851242,-0.5573960613836083,0.7290490173137237,0.4211888978552296,0.2047851774210593,0.007299892835621692,0.44168500343566064,-0.7850142829187472,0.3976601043240662,0.27240461717287573,-0.6674290350044939,-0.2535163934514191,-0.37515667312806483,1.331713345393111,-1.3935959732204595,-0.2882953067126617,0.34121103138420533,-0.7290249096669312,1.1926812295965468,-3.6024146484579855,4.148537637176715,2.6241890050073535,-5.205804604402131,1.650346496766841,-2.3028153576558923,-5.624855428307935,-2.1159026589914154,-2.0823909368061218
1.7747014679172166,-0.34877629613107486,-1.8218166692820639,-0.954686986685448,0.6346540616314594,2.2126088040644363,1.0733928975333613,-0.19731827438569224,-0.08602180733074323,1.1652866191296154,-0.7590039141415809,-0.8300014823694745,0.42335548500211073,-0.25695381343626167,-0.4960850646057003,0.7906284863203114,-1.226817235292679,-0.018208903113441182,1.4415338231386403,-7.101558618379759,-2.1425206195111652,-7.985113215578269,-4.073373131090023,0.09190525795082605,4.188762481519144,0.7828534694697393,1.3747234564690791,-3.1173626547950475
0.5678086252535047,-0.9841667501579041,-0.2510312507959307,0.776631323356746,-0.7011962975725095,-0.9416451868719722,-0.7354796664398515,-0.5058674694483918,-1.1205089983144785,-0.5484271417723351,1.5704261305167446,-1.844039082861027,-0.2985163538764699,-3.027100125806092,-0.7624600592503404,-1.0477142536627584,2.017789091223161,0.1664715129302868,0.11142797461230453,1.9571556501672362,3.686383865534895,-0.5770829465416139,2.8516594694559076,1.0084571859625666,-3.35506556361937,3.0751627740880467,7.286256984744002,-4.201452135737378
-1.5134805535245563,1.0621010952324748,0.48334894060331,0.7157168982983723,1.8713853150094584,-1.1682963077542092,0.44106237717773505,-2.753168658196452,-0.85351463496085,-0.0782951769041768,1.5989133235905735,1.1451841010062755,-0.12984503552935747,-0.020792470697782492,0.9804684897656225,0.20197541157989904,0.6187949021041343,1.0792849762154548,-1.2305299438507904,-1.526608798409915,-2.4206417880708164,10.118322525137458,-0.35459712738026283,-3.614051126132163,3.8476790783561086,0.9111961813195212,-1.7954947053156305,4.341394575730903
1.2588129477143002,0.7142168396974908,-1.7076086373001058,1.9641021015698268,0.3731116743388999,-0.8317984301141056,-0.6934137314010207,0.20045549387502715,1.6869771712724897,0.24399876096995257,-0.4683561170456146,-0.39683977935252707,0.0022905969509406433,-0.6285485273697107,-0.30804808242847476,0.8621980535791043,0.8504417717587246,1.2783439024913148,-0.7221559287745635,2.041494213700159,-2.950100830283358,-7.943813927880411,-9.621276855244787,-2.859125124623297,-5.746161671829803,1.2067663703668807,3.0085811503154103,4.172612813005827
-0.3394165993292089,0.46199642571797844,-0.8503969213469702,-1.1563966559225212,0.4976452291653838,0.4552383316741904,1.5630858584529113,-0.7292264108973558,-0.6376175738446037,-1.1023650824912186,-0.11357706764323669,-0.9207374381787806,1.7147455280312573,0.16195246274183678,-2.078784719992114,-0.553735287574622,-0.5628756778775216,-0.09089895070930797,-1.275078956011255,-8.259979780370417,-1.627105103668795,-1.6309154693555876,3.81773512555486,-0.9874542037799441,2.308022886701228,-3.332323884753576,3.21124317886826,-6.274133383010103
1.1024225683634972,0.7477598380228043,0.9009395464929328,0.8024737555173965,-2.7158148842439305,0.09222949592767332,-0.35020985701590474,-1.5085595912831014,-0.37348232440860596,-1.1584367420672528,-0.39183969682253045,-1.1956518848115076,-0.1495195684777557,0.9737480721569046,0.3127286197679759,-1.9957414875362083,1.180364367703579,0.4589355099058034,0.8763981828419426,-1.3047513656626926,6.288612434112605,-9.12943760988703,5.178855215500881,4.171520844644776,1.6319313319202227,-2.3860372172187194,2.35194732909202,4.427394619288914
0.8102948348145558,0.1706467980227761,0.1015087926402562,-1.054432536207082,-0.3911178282317319,0.27342066177827756,0.7569539791658854,1.2596800699993758,-0.4981109595404095,-3.046723937199297,1.9970455529480577,1.0459894736486157,1.3517056689962634,0.3690915404054046,0.40878698761210885,-0.9067296443336539,0.6024620348371891,-1.1327908114536829,-1.1759575731093272,-2.8753606447947737,0.04351401601508144,1.7070907228984966,8.338896449086382,-3.21484848770479,3.8912421388133684,1.4555440945005746,-0.07559698197862261,-1.324804679876632
-1.226514119050018,-0.2898224275655939,1.9547164443443676,1.8303934958451267,1.314861254375996,0.9697599001724004,-0.07545905244397849,-0.9253857526470037,-0.33534528540335795,-0.9015310328795726,-0.15397365205405258,0.6511903855978063,-0.7121397139512623,-0.33510914077634496,-1.4894991860466968,1.0814539879721423,-0.7376329042269529,0.08372142444472695,-0.3480957844640374,3.0236898718971656,8.55682465279613,7.4843822486158285,-5.8910160343100815,3.320289173410983,-1.2283927240432666,-3.6326798568387213,-3.333867441792324,-6.984486564930766
0.7948938873190413,0.9398831429213195,-0.902423402209761,-1.0274946652661032,1.2111454589663502,1.3827521772147826,0.21588612813109456,1.0019233628240944,-0.940841057054128,0.8535227412087618,-0.10378684810853665,1.347242492666533,-1.3250509173296827,-0.06177251525429352,0.03165531154684985,0.6234918779633014,0.3602128961591712,-0.5244885329198942,0.9257375784446825,-3.3496878321549883,-2.435116619172341,-2.127873283175558,-1.7117156045684578,-0.4904587097933193,3.6222528703967085,6.812863110366118,-4.27411971620201,2.704726479608959
1.1767002770320596,-0.8711576968600027,1.2383676047334315,0.025928351647053503,-0.381874196233785,-0.3395759076815263,-0.05485375042405015,-0.018951439733734973,-0.6502774227554078,-0.7956528848018745,-0.5749398961948452,-0.21919268494718328,1.5495535983166102,-1.3716501421711171,-1.3146327576868446,-1.422487350425033,-0.8476877013998576,0.9119004813786923,0.5049431172237788,4.6253588715137335,7.582247197210253,-1.4693054898000977,4.964635435741802,4.206467461953253,-1.099571654570933,-1.6363470478114062,-2.8634633133619514,-5.06774137601103
0.1803333970849776,-1.5670303711752842,-0.5404520094042866,-1.9992301988011647,-0.22527610217564664,0.567821337736247,0.5939544101076324,0.13697311824705463,0.21448787811601844,0.10623905440220813,0.6843728288084727,-1.1122676294751355,-0.7109602224545547,-0.15532712536845814,1.600515905828559,-0.47315142694922907,-1.2697717668721258,-0.7891143899485844,-0.8927394017117206,-4.0663790427147495,-4.69082953081461,3.1421996331377615,3.540519892295462,2.104118216864331,5.693428168848304,0.09439446487778419,-0.4365106960047451,-5.349509489377595
0.3377207964638092,0.8320140243129347,1.0116415691680576,0.6200989084995996,0.10086509216023856,0.916437624968217,-2.450404163425918,-1.1985102475245129,0.7148822340340285,-0.3339163631931193,-0.4585799464176946,-1.391904751990332,0.9274981186683026,0.6926649864721776,1.320721182063307,-0.08441068705341274,-1.229427740601141,-0.8285584725533314,-0.11022463473577572,6.945155869786476,1.053794097813591,-1.995885634771084,5.149710917757855,3.3342338015550266,1.7653428613945037,-7.878061546550294,5.412350552138889,1.1019238653653072
1.3155492198583214,-1.252922327441516,1.4126202761117763,1.4785761294461686,0.22870461008741355,-0.08253323205848923,0.7415016690480428,0.3798609162017941,1.2770333879781393,-0.8992549378747084,-0.9067610617102315,-1.5435066378147067,0.6588324688568534,-0.21578138195495508,0.7465340801899502,0.23334608292704148,0.4783982547280103,0.04400689609790521,1.4303954302994122,2.3918423428438778,4.99532455988357,-0.28632467551259755,-8.42393591419125,-0.24184179016409058,1.7213561438728653,-1.4979958358696728,-0.5608717310346311,-2.8008704317595705
2.0349856854674533,0.3967839662900261,0.5675200971280021,0.21792642274812257,-1.5823657590800162,0.6073245394250856,0.4826615581425517,-0.9484194782969736,1.1557119800958935,1.1455289865945046,0.0012626693283519384,0.6686088631991334,0.5338151705987542,-0.2897863908113715,0.5341898902503479,-1.188741143550813,-0.38804750325862003,0.5980594602351692,-0.1135682335796788,-0.49517034803583365,2.9860997103494267,-8.667292631239581,0.8265899697599008,3.6051713783393886,-1.4277550174027815,-1.745419226736481,-3.152257917904068,3.440788243808983
0.5519464843670958,0.9398415055303636,1.4451121210526794,0.0841065806162435,0.8254567959689822,0.14018703003387736,-0.10681839233104067,-0.031698226345797054,-0.5824928493079703,1.444073128469941,-1.1925991393435182,0.2393572419170526,-0.2123436987880179,-0.1905095456341466,-0.4149478221108195,1.2325865195252792,0.13921933038606502,-0.6544106289288626,0.10827588401576656,3.0367248710655996,0.9408153661476466,0.3613941834082845,-0.8479713246611251,0.4598241148113571,0.9374492687951737,3.5395733677709975,-0.8648198415747734,1.604430614531038
-0.6135705324385556,-1.2352019187146686,0.1242536762251048,-0.06271441937962964,-0.09455894521106972,-1.3152030213012365,1.4713038977221962,-1.397902133564981,0.07156510392059931,-0.9349838117492787,0.7071877532187137,-0.8801549247070806,-1.2385321361984483,0.28646379931313204,-0.3557591963566676,-0.8382573376115764,-0.3036091568785122,0.8533985436118808,0.10402178093428331,-6.061347433916341,2.737554421227817,6.0246536787605365,-2.595563076067996,0.4814759924513299,3.092968102634203,-0.12281920471501469,-1.79436250250321,-4.9987964299376735
-0.31435364632690477,0.3974980359590876,-0.42969849360563844,-1.4131275240153427,-0.5198275238395325,0.8009861669932236,-0.3806446492193139,1.4771676419913846,-0.23347513367841727,0.4994393856635932,0.21746540524161487,0.2072304093403852,-1.332974855413323,0.9050816769059391,-0.5294592927590178,0.9643551177052635,0.16948874928801289,1.796795030701943,-0.4847627156460815,-2.517234609076735,-2.125068885935326,-4.001800754782363,1.3704399150768642,2.263535224659755,1.3947347551064677,0.48883729361923484,-0.6493412035772708,-1.6029472470385104
1.6788080019222655,-1.3000420193944453,1.13931521212137,-0.7109245966897908,0.7142154178317971,1.1393571197455878,2.123079000064196,2.098827336586387,-0.979985429188906,-0.19774076343431296,-0.8847662755666423,-1.7173983232753287,0.2056739453587005,-1.2336628375409313,-1.5722133020123323,0.3822780516933676,0.9727175368311027,0.4183124342139763,-0.4746283612279657,-5.082672132235955,3.1126858652412666,-1.8287103218995149,-3.47374650698317,2.7143661846452853,4.002852790834737,4.184639847171193,-3.65485897406862,-11.92970662297439
-0.4576833422213008,-0.515631288669685,0.4906581076510671,-0.9633179788580236,1.5755402589474674,-1.1433824209596142,1.1193026262847137,1.4948314891305206,0.6514695103964389,0.6279458853001907,-0.10003578443650074,0.8223969022336097,0.8272081242888235,0.2846945837346006,-0.24792062122482772,-1.2546905515848534,0.6541329246999366,-2.331844544935084,0.15202608096363981,-2.486071901220912,-2.970092300458629,7.556318735837862,-1.4524584745811882,-2.6510030658881174,-1.8593740346428271,0.2946085818081776,-6.638795509459247,-0.11575372099082819
0.2505728646548929,1.5340625473342981,-0.8577066340854221,0.02530063849223342,-0.09618639054613372,0.8540504507929263,-0.8813004065456046,-1.5014759145489025,2.2922938205619356,0.2961331475106916,1.6447867274879533,1.8327066707711808,0.8100362537859798,0.8770764947158014,0.1767846681359708,-1.1838333174334437,0.14045612917232564,1.1237411543462879,-0.6371424778271547,-2.693005976563733,-0.703670989021204,-7.295525150408896,-1.0085648652288832,1.4484016926481054,-3.7452898878388186,-10.249384893606182,-1.5390524455436008,6.326424943748408
-0.04456545133379979,-0.18194566978234927,2.279696463828974,0.9528044030816073,0.6512009429350669,-1.0881690032745852,0.5124884193357097,0.6836364299305409,-2.095481226084603,-1.2213708394611618,-0.48962029248922123,0.9675444348243221,-0.43989941751917594,1.0475464867132274,-0.45909997179926265,-0.8669011950242876,-0.2356488954842962,0.7909823748467462,-0.5859866520769305,1.496516200874848,5.9244464049758045,9.04055500523233,3.868123136527095,1.8815283525451523,3.3061329049296617,4.858996935239157,-10.387441242652146,-2.465110450624524
-0.029910458041321666,-1.265584196625574,0.1271498854959251,1.3983943760954816,-0.6740207899940385,0.2815559799930495,-0.5026863815838462,-0.09315800323678791,-0.3096725858695128,0.049535279608729756,1.0160731751322094,-0.4803329522902205,0.7214779622033256,0.5270018669511982,-1.4882088912684006,-0.1594881680636396,-0.30183147954792794,-0.9640338018525832,-1.1607673226265227,-0.9857566117250403,3.2937163636299998,2.019971770867792,2.195659586286762,0.9954763733938892,-5.767000053697374,-4.413927010983469,2.7438542988646133,-6.405200431227541
2.196009611080232,-0.5282600195497114,-1.1493234876882972,0.7384352123032397,0.5021004251484923,0.14276021554170606,1.5481959251717035,0.5796955527347349,0.2606698843106949,-0.7672883115311614,-0.2508366041855828,1.5932671311219035,-0.025617384692023952,1.3367951512234284,-0.405595665445845,-0.22947546460150223,1.0451608018994594,0.7367449189687639,2.713979251144967,-6.380440562221481,3.193087529506748,-5.5135389091354385,-10.315389963051567,-3.5871793230375055,1.8691931545460996,4.135873975500341,-7.978323905464491,4.989269950738462
-0.96510911945394,0.08534783015897635,-0.6774830023133613,1.2189352983732318,0.12563315241171027,-0.8722579271055724,-0.02785652110051217,-0.7346468620023934,-0.8863850879093234,0.11561516630520251,0.3338353034406214,-1.1681603316359914,-0.15082721943133603,-0.005627617146876352,0.5299498778571632,0.04504033158583822,-0.8484580760087664,0.4579857064353414,1.3998214580211215,0.29080772293845425,-0.37704538861769116,4.851030032171441,1.0355822150422802,-3.645675927618061,1.351091628631399,2.495617075382663,5.435979290017149,-0.2204098074741046
1.1900511432166456,-0.34136268092470523,0.4217467644270506,-1.4622347232497452,-0.28980023607508065,0.439140691850918,1.8172892473184838,-1.926315936544813,-0.5032455768582335,0.9090774791415545,-1.2901184293550234,-0.8459139484725429,-0.08434997599899659,0.38832144015857584,-0.004551767690118486,-0.3275577789097541,1.0530831450927802,-0.2553557098023543,1.1979613496535828,-7.49735496191917,0.428495438766507,-5.570540032824185,-2.661954894841316,1.8643149119005284,6.315626893949573,0.9095932794399444,-2.2900395578260824,2.1985574563489387
0.029027062458958818,1.148633326702391,-0.899473236090963,1.2503732043858236,-0.9074095550504836,0.06392951094117151,2.0884468370407276,-0.3082492493596452,0.35771267087268166,0.05217350081200075,0.12304473094776217,1.590152635644901,-0.33674406593517275,0.7650680491295219,0.8613128851466285,-0.28432865888887615,1.2278083211433908,0.14066642106771993,-0.6288072685845043,-6.8056003882280125,-2.6930372463759658,-3.3244204852665753,-5.548618723889068,-4.052258341209867,-0.5505951207017273,4.438698885047003,-3.490404787338113,7.8792861821375935
-1.559278383223563,-0.811126423555377,1.9858822207015459,0.9899467511080451,0.6544245800731323,-0.3923468299551252,1.5499644164046982,0.11494888794054531,0.04553993336086798,-0.8443353082689435,-0.29861238811877105,0.5538537458877533,-0.1773051846826253,-0.39306924209542565,0.18100148549875217,0.8593784603381892,-0.4179805337252874,-0.15813424645811622,-0.2903192461977281,2.2372051695033544,3.8981323772914296,10.877912958484085,-5.202728246792217,-1.0023075773095778,0.5993826018177115,1.107705849417318,-3.9789863900010896,-4.410204520443212
-0.9608548680406948,0.4113480824921363,-1.707504123841538,0.16864818985371305,-0.661632361618124,-0.3352777952895571,0.09651687529837595,-0.8291385940603739,0.5253673359008061,-0.6052547454508811,1.3657233871713965,-0.43803506909412054,0.68477440714732,0.8863677342813068,0.08289772767070364,1.1985333784538434,1.444849644022833,-0.1935527297730591,-0.8814559593105284,-4.418754851187722,-5.861127075676541,-2.4484688600944136,-1.0733998379748704,-6.402815476103762,-1.7692599325435316,-2.474789712131038,9.659065807249954,3.352704309741291
-1.020984986158279,0.7692859225346432,-0.8452603987318343,-0.07228431991916132,0.12258221552372947,0.7564492037863899,0.3813815170825255,-1.4653172118178044,-1.093369628706803,-2.010315350800757,0.19024641878348122,-1.521627792824389,0.4007381662002004,-0.5748544007826354,1.14267687522672,0.6090425021937143,-0.4136921402496292,-0.7026479806537761,-0.7902883182318464,-1.5457501371212183,-3.7258142682084316,1.728072567693845,3.6758050115049636,-2.8616976265839535,6.93387755997349,0.9845517516591668,9.063683634386825,-1.1522999310124953
-1.4991465202518641,-0.864501830416145,0.9633410700335503,-1.1726274183984449,-0.22242281408412823,0.12922436427588066,0.3969666747814935,-1.286811402685596,-1.16247893474014,-0.4237498442433263,-0.0594180639487243,-0.9258215145325922,-0.5326443120230243,0.5787171750026204,-0.4341988993141841,1.8261180638388999,-0.7396718862997266,0.42119452047581063,-1.911571282943945,-1.1797720596672063,-0.6517615873410894,5.64520806059376,3.2786593351326685,1.493546939660117,4.49073683595978,-1.514751078393305,2.9955866830387166,-6.571267110411627
1.3766361557620808,0.05228285441717377,-1.1487154368434278,-0.2863986172239227,1.2501037313008014,-2.649381465255263,0.23108572403243313,1.3216630780212186,-0.2329739229561519,0.8845317889498847,0.9122405417609939,2.504428169468647,-0.6351022745803127,1.7128839541014542,-1.7386938911547973,-0.6227173789265609,0.4504164958438095,-0.26003825047167084,-0.12432448106838027,-4.5477701195127,-2.743758973667428,3.4416060782406364,-0.4800933645812387,-4.966166891006079,-3.963617728114167,7.159901327988486,-8.862530129404925,4.595775561423786
0.24937795439175492,-0.636890202389298,0.4140030160030123,-0.8145589116760941,-0.344819625286384,-0.05346686752240963,-1.2774015638379441,-0.2669505827971924,0.9484562206373106,0.1261534818168108,-0.14802144519033764,-0.7960863159103851,0.8384897863973008,0.2818987408998962,0.03726896839880177,0.8428756873510044,-0.8037870743005922,-0.2099672855236841,0.15522773972857648,4.495799665398562,-0.01487629862331609,-1.634495244885049,2.071539549971126,1.008590567350237,-0.8098226822681588,-5.472817442905302,4.423592790424338,-1.3749989256745607
-0.41803026697083,0.7004173103780608,0.2203521857501452,0.7332965315743191,1.0856626512146528,1.027770129631414,0.13189897704053483,2.206049706184471,-0.056845233823869634,0.4992234846708561,-0.8896575344159525,-0.4919864424822701,1.1624364977452584,0.8165380427138862,1.9289616265077338,1.7867590318006463,-0.12559262978419952,-2.1722926450820093,0.6049699266230605,2.9781841978630847,-5.802761191094782,3.5122128693725294,-1.2626367175165316,-6.395042198244868,2.5855256891648923,3.199673532949956,3.672565519628069,2.205810014597154
-0.4059340618568543,0.913128986368195,-1.81587658678024,-1.7621776870434307,1.6919325173193933,-0.008759508268863988,0.47162478629796895,-0.7496373501753738,-0.39005357159583587,-0.5124155066108107,-0.059521675187482644,-1.0736012423512684,-0.6750724491299764,0.19935119622221467,0.8466763561293021,0.6383813002188368,1.8947946136927483,-0.30090222809662326,0.5083173835822787,-7.144990982857355,-8.665930385155342,-1.7201733921610427,-3.3936364921951023,-4.27446743810321,7.928562128186734,2.92402601627801,3.658408342004439,4.428065266160589
-1.0035060454155929,-0.7427435739006747,1.2408270501947696,0.4460082212621334,0.6186251332571382,0.17787439761171958,1.2880530994791917,-1.4081251356359903,0.4850888808104252,-0.4141693660655363,-0.6431858781548052,-0.6960644219253725,-1.6124980464886012,1.8104035696437961,-0.03793280107006928,-1.4568066937260937,-0.19342057442307392,0.7652852447371178,-1.5048740026926524,-8.402856042363876,2.4755740050528927,5.096161577012673,-5.846176959450982,6.243091055797369,3.8185429439889043,-5.6821652824624085,-9.970413073936644,-4.974324522741789
0.11367798045148499,1.2789443522371313,0.7976111701938631,1.6876522976213795,2.7503510363734174,-1.6732624232269073,0.5301466670003283,0.5365561301802905,-0.49436620711207346,-0.014761460313426903,-0.7526049444880908,-0.204089260622827,1.2683429036834815,-0.26626909273670396,-0.4747648281469107,1.423617244693859,-0.351543319255254,0.1470090112626904,-0.4988043311318405,3.8461017120801624,-1.9698812146868308,7.585913031718867,-3.178471761862232,-6.665341263029415,1.1655499845360595,5.811233397969925,0.5325834563880558,-0.36889070991960726
-1.108383048159085,-0.11313947483485218,-0.5685959356418867,1.0199451302804394,0.6103944352966955,0.019705323311855615,1.137517917596752,1.9833657921196912,-0.8982823134592721,1.0883701496940112,1.3947096743129472,1.1755621359283077,0.45170737942206507,-0.07418470760639648,-0.13407810517823593,1.6016951676476583,0.6026351603212655,-1.922308862966883,1.1161181005591165,-1.3545432722916804,-2.2974007215624614,8.043954026975626,-2.0782090272907348,-9.498050149861303,-3.4031938248691764,6.939264464197727,3.5240912357783625,-0.006875333996671756
-0.3565986961278625,-0.30449388188552806,-1.1258672149337074,0.3667439698123687,0.5904904455664476,-0.0313687752879013,0.4628360726977156,-1.3143160409763863,-0.5749712350781855,-1.9932850472541368,-0.8055638475939052,0.9670410141790201,-0.28669746479545705,0.29882026872254874,-0.026861191113595695,0.6835279636918677,-0.33644979167513306,0.35380681007018494,-2.556732178702182,-1.583994571845905,-2.8679490078885057,0.9669027913701912,-3.770521786740502,-0.11742889827924971,2.423530401806632,1.211039144449925,-3.764220350419362,1.1239837669416417
-0.6530164576664863,0.5164792778824406,1.257149974259023,-0.013259291178226993,-2.1095755081836636,0.7143703592915925,0.7334863930556828,0.4127717150169123,0.6225211718859717,0.9708452457060269,0.45711288375148384,-0.8488999463396261,1.2090237199706386,1.3746438065553732,1.5803735470583558,-0.465116717765432,-0.33690462351664296,1.6203076118521762,0.05686217776506653,-1.448667567508725,-0.24463422816933872,-2.6557550888215897,5.2629695728536054,0.5296914333316947,1.5300925122804814,-5.248523654881602,2.1062889472060244,0.30428731673783305
-0.30279335617187164,0.21669333948432468,-1.0987133246151939,0.4257904671153111,1.1319774151315019,-0.537846400124372,-0.43830322581378245,-0.8387392539420115,0.5817069439248034,0.8615193082359267,-0.4158523496567709,-0.141221123886236,-0.5049183741226615,-0.09848387922280767,-1.9778943602363321,0.9393506222630363,0.8409800016174177,-0.8243288428749745,0.45099531856672853,-1.6542475290776257,-0.9089745835891576,-1.1924819769690675,-7.593830924821549,-1.7767568448621358,-5.092621564336183,-1.245611951420603,3.1904152752457273,0.7909320223539757
-0.024275551345434264,-0.2579995095847298,0.7044650931984001,0.26814791194272475,0.008447231538160115,-0.3248662242110574,-0.48049177324865433,1.7437384221464134,1.319337620179884,1.3434327973135498,0.6166304230826373,-0.26059947040254233,0.0453241657317336,-0.3738911055457693,-0.31397976289922025,-0.7037391840507536,0.9886726971674789,1.0267520981704872,-0.29190707109732733,1.3096387688097348,0.6283208629946652,-0.8038660960245156,-1.9897878672242042,2.2082667755746894,-5.626812489892434,-3.5589541413314882,-2.602557351451207,-2.3188266223523115
1.129961724627453,-1.2707205577485345,-0.1349188623511663,0.1644267773297889,-0.6768203728847348,-0.39559415500253187,2.4442942790141813,1.2105062126473531,2.298887731112205,-0.17549499690136902,0.9640269380244777,-0.5065076699338078,0.9930097878936188,1.9331740933191826,-1.850068825700066,-0.3032882481322308,-0.718892156988473,-3.369203603152411,-0.08160541412496433,-10.097681293544785,1.2581732339560499,2.1270890482417064,-3.7192015777904373,-4.933025306670863,-4.398894488842151,-2.863131998487667,1.9598115315680158,-7.462851544918027
0.5288477445505337,0.5549533108395265,-0.6420486659019243,0.1840384174043452,1.460457878884631,-0.3678731981923772,0.028466211016555228,0.8439791754186295,1.1017024659415902,-1.7061147966690287,-0.04538854571571074,-1.1547888403616633,-0.5013172033719502,-2.056591488440739,0.539285594782546,0.7186994934703244,-0.7806490016137263,-0.3661013801081873,-0.3501079223575727,3.302120820304364,-2.440137462186841,1.8450085733126684,-3.9912916726648153,-2.5657909564208854,2.393183709158426,4.18588195914051,4.562132449932466,-3.957479632527078
0.9337158592157039,0.1340785942510256,-0.2292414020847807,-1.6817824610487924,-1.1828581230257944,0.5091172173134522,-0.36717406943888065,2.3668287440508924,-0.2884651123606697,0.533537435125933,2.5397273679000922,0.7592903753459272,1.3652588226232734,-2.281485353046118,1.0363883059293102,-0.15622712387046706,0.5653522198395203,0.743468308009466,0.11071177782974254,3.989574041506143,-2.2478182594959013,-3.1651177783422986,10.597879473168716,-2.1020505739712108,-1.1755804619482084,3.3722304361181226,4.538308446934526,-0.4721477861638287
-0.8966779451488605,-2.246978184180105,0.5780824021720008,0.07439487508577257,-1.733434906971246,-2.0192643439866247,-1.7038454627669484,-0.36250702840860716,-1.0295105015078638,-1.1741266670511943,-0.4435982019427329,0.821614922389749,0.6216161187852676,-0.999625339450789,0.21920338117316063,1.0196755332970522,-1.2203841126551227,-0.2226930983718701,0.6938289061421327,14.286918946853211,4.172404601441814,5.836487354628891,6.275149929482066,-0.767916394376689,-4.477898169063066,1.6648674849302645,3.3609516621938615,1.4403323151983336
0.23825944874004226,-0.8418408946645018,-0.3408921989430288,1.5263147782468156,-0.6812504547474548,-1.0584837174104273,-0.6070488331851052,-0.2975311188261041,0.02117436887703393,-0.6254878788152086,-0.09607793287756031,-0.6839657009779068,-2.039994900677244,0.48481766837048107,0.03094467943241006,-0.1541621708282125,-1.2697499084636457,1.2195873235299166,0.5587296570082664,1.3934101517535042,3.7244093513859875,2.131088359763963,-2.704583805717362,1.7647669173163836,-0.4252195701701193,2.5290284783837578,-0.8399834418144735,-1.9760666340822821
-0.28029317359495376,-0.507400251734804,-1.6887555606997813,1.1168329591845034,0.889070188959443,-0.3649246285915771,0.5143106491132967,-0.09347663186872537,0.3670233964422079,-1.3837870690744296,1.6526933874314107,0.45398148406747774,0.9471665851527201,-0.03527099303931359,0.28299039997570247,-0.23949502794444333,0.7675368921059832,-0.5876873272159057,-0.6343910577994119,-3.634300446169159,-3.073349087469452,3.258881687003809,-3.71591661971328,-6.017155271175563,-1.6353308959789095,-0.6334705190418567,1.7024947360686864,0.3945803956549786
0.25270695341113686,0.21188217990230587,-1.3941476947098377,-1.3977714477448042,-1.4158965776779804,2.2922902574429327,0.34799867553755354,-0.9868362404762592,-0.3692430871327949,0.6527355476119984,0.29752282519872597,-1.138618084157162,-0.10269643570627193,-0.06476522526858991,0.18352824955605623,-0.47966151365334414,1.3670298725161045,-0.012468355494931136,-1.7788148529994332,-8.755423178618399,-4.878540637779126,-10.807836996081814,2.852050108510653,3.9324366993654274,1.9929027943254718,-3.621217095871568,3.830564257514136,-0.4479589576884144
1.8462301722576342,1.5182982181005713,1.706800082416875,0.46728651796528764,1.32705334588017,-1.4386424315826252,1.1839288400134869,0.2732873503130235,-0.5403967087975916,1.8095380202950844,2.4408502725139414,-0.44118045001397976,0.2695889086554707,0.4344274063267356,0.6106388728072123,-0.038962476258524205,-0.6090890081591227,0.1313311250491059,2.357081513962826,-2.444877213413064,1.825596826217048,8.175472628505803,5.550023363465678,-7.057082816689889,6.156429194788026,8.465175518705617,2.4567706634738156,-0.6848830134608475
-0.5297364537695821,1.5543757279613026,0.6159996938825507,1.366521621028828,-0.20586482482864052,-0.4238991195940788,0.6350162438844471,-0.2788184701361132,-0.36578458256416535,-1.3602853402860868,-0.6463129214056296,-0.952679184659963,0.8742479469539435,-1.084418517692664,0.5219464805797618,0.14399909297480826,1.8107923159917767,-1.197118173836484,-0.698683705474508,2.1530521865102457,-0.8335862117727643,-0.29297939151017716,-0.4655139611348734,-4.064738153040517,0.24309096744638123,3.248489764106225,6.445210530426736,3.662145106328201
-0.9862412047526073,-0.8827881999140718,0.24657269134026594,-0.6739427712997474,-1.0648248261014113,0.1537240882111746,1.419307525244759,-1.8190074932765772,0.9926431269740434,1.3539466371999476,0.5338321512584804,-0.2938502031201708,0.23073345031476306,-1.1636705670025294,1.2379872229067899,-0.1862701371705533,-1.6869122330919648,1.037125457990705,0.9621784184536485,-0.9484545981093289,0.5705980444710436,2.097228884480155,-0.557305860137778,1.0550103582505599,0.8630170301248357,-3.1495416632841753,1.7177831410032272,-1.9128658736241329
-1.3616303126015075,0.9122566527972849,1.2104157001331206,-0.6574326714983405,0.2215869682288309,3.234332154895689,-0.29021445999933804,0.9535990018408639,-1.7814607247277698,0.38625044069532877,-0.3749248793233271,1.2946120650128377,-0.3097396559493965,1.7411890802250987,0.6222175573796943,-0.5830321083389236,0.5510615744898264,-0.8714676604583405,1.624162384074242,-2.9294809282630108,2.7578283145620492,0.4530208317916447,3.9728895791912313,4.016692080138446,4.642214075656537,-3.207652947872359,-6.261564765760238,1.7948419231291073
-0.4463525803247518,-1.6764228883455918,0.8284560350675377,0.7652258845264264,0.7809198327582046,-0.41179405183362905,-0.11970090161811973,1.4725949695857437,-0.2234169580002837,0.9224128912853402,-1.5777304827291,1.2555500020330872,1.94668638972118,-0.2740637045064345,1.580376570220764,0.1177183917883757,-0.0013495858832864405,1.7296186506526536,-0.9697057820913864,7.954413193341504,-2.2089050849144605,3.1287613172626316,-2.9090446423427148,0.6858143349143487,-2.398072473691681,-1.2017473752468244,-10.687609399691304,2.6086937506092642
1.5327013634360052,0.33852061611962847,-1.7706111252049486,-0.37868160674971596,-0.3802220902741144,0.8897144213559973,-0.3174141371227746,0.5885774631792631,0.9598888107264872,-2.492836898603318,0.15343948244137975,1.4074018844785923,-1.7740017811258024,1.9854407148502144,0.0726587846196782,-0.5154369668346519,2.049362731866378,1.8592420611966751,-0.30212391699077784,-6.901016308657876,-0.30644934638230775,-11.506049791002273,-7.5870542925442,2.1971276872885213,2.6515626701662574,-0.6481750512895499,-7.666799873704121,5.943285571478687
0.32855624600297556,-1.078981102502297,0.5040712714429797,0.5287695443544747,0.8033953098452071,-0.45010926992049144,0.8860380133112841,0.20843304928644693,0.00769185733843333,1.5140639033670278,1.480106576370406,1.9528536375450614,-0.13952157214748967,-1.8585486231196213,-1.4581255981665882,0.7062870070879008,1.4642649713088767,-0.21509305290421044,-0.9093893663015871,-0.029323542336776198,2.3310860478796003,4.104671781555591,-5.789675191607237,-1.2713641233323938,-6.7487127589668034,3.1038057117338504,-4.654304656249226,-1.9765742585781367
-1.8692908675338171,0.8229542864022629,-1.3844638601478394,-0.8786194946977288,0.689831716767922,0.449198916246537,-1.3547684938782825,1.0743942365095345,-0.2116154269337506,-1.5674441883096382,0.553000445576048,-0.18963672944023519,0.8632155798533236,1.5018938723326247,-0.3349012352038775,0.2058246506966837,-0.18653564560562857,-0.8818334789053907,-0.43833528785802245,-0.815528923166898,-5.232537756461979,1.895258338879236,5.203520726922111,-3.028661929201894,0.03351329515625573,-5.107693949118844,5.552265677287231,-0.6232146472708209
-0.9865465166804825,-1.0999455035565244,-0.6226260790360725,0.06905561207550365,0.06638241884942145,0.2456550220345685,0.199758529748016,1.0222029644708854,1.6130860011394224,-1.3338825724631276,-0.9524581022608677,-0.6771327185622837,2.4790142047854697,1.0869389636224074,-0.14428685467909674,-0.6349060561077889,0.6952555829560981,0.9121413453962345,0.5417874690994798,-0.8977110795159753,-0.868312431881586,-3.9220346905510532,-5.494777916983577,-0.723553200719241,-2.8203415999421364,-10.7982578496375,-0.5814426357611893,-0.7616768088917739
0.3527533597146215,-0.18806632197303594,0.6062451483891732,-0.5180872654851457,-0.31028146435106296,-0.2474580616332945,0.728637966034919,-0.1884557726251487,-1.1881407734753424,0.03842551002018408,-0.1962201787837394,-0.06846225352171392,-1.4680740804284924,-1.8520847536623222,-1.2238314513863415,0.4400210951194601,1.9369498768562714,0.714549774768496,0.476880151657118,-0.5624726200056673,3.8164406907557367,-1.8166094950443936,-2.6132684643851136,1.9792692203573785,0.6345013967320103,6.137842919877767,-0.6385435316431454,-1.2586149936124553
-0.2622360048168276,-0.31269834671971936,1.7266483254031277,0.515191331244523,0.02322558543045467,0.26218148808938585,1.1674798696278574,-0.45358535112916804,-0.9923350966672126,0.049265710380724914,-0.055956614022890636,-1.1431923743727914,-1.3927228753760816,0.40338247281938455,-1.0443481776523533,0.6985075301217422,1.1588468205530842,-0.583711745092092,0.1934821059282493,-4.5501379279619565,4.81458053811248,4.013527550836069,-3.0378268885447444,1.120402826993667,2.7510017143368346,2.1841882864559063,0.4582732785702025,-5.249668828055598
0.8312544516572078,1.7816801659982207,0.7172134135039056,-1.3337053697915626,-1.2960893257046957,0.8036155863144079,-0.6621526053987979,-0.9875680765917767,-1.0118466575042258,-2.0168739456890523,1.7999772550347926,-0.6863013521003004,-0.13565731897027872,0.12480124587470323,0.6679180402384439,-0.3174867060192225,0.8472307353203096,-0.5674815875744083,-0.32497747384128894,-1.2302107709068066,1.6825921726359332,-3.7599793336077183,12.539990513764794,0.10794186410397281,7.081163113834667,0.8305449295896883,8.417364470531934,1.1446747785928615
-0.821901337140265,-1.2453495656622091,-1.0230087638155902,-0.5660299623796357,0.16309112580205526,-2.2080843143836493,0.3115880880107737,-0.13764870960225742,1.6106954939388325,0.11765527825575091,1.96398328770445,-0.2893340896715725,-0.8883646451909922,-1.2722528887419164,-0.4163374494517307,0.14241267762185844,-0.2767871099830466,0.7298597314812197,0.2229271078104203,-0.5160609549054646,-1.6426231097935837,5.977442821887266,-3.3902256964672914,-3.2061827118032973,-4.101886802465482,0.2749975416910907,3.532495349399946,-3.888288710024272
-0.9956834885027568,-0.6529334769006425,-0.05769881712614759,-1.0587779352371784,-0.5244216885734073,-1.69869694846522,-0.5745035840451198,-0.05112164334825231,0.0005476701802631419,0.33429482952915235,-1.8579633161167601,1.176834599327511,-1.925468224771834,-1.3974753048705153,-1.8465794185755566,-0.9453544636005029,-1.2796210732386284,0.8541505732727447,0.10640979493154964,5.373283484544227,3.047884810765501,1.0386319385716178,-0.7140092885327931,6.4106932373687995,-5.710162995538286,2.002397987357181,-6.990579237932977,-0.7969193489338142
-0.6011905845179321,2.01020966034199,0.2713829837004104,0.5478328151096704,-0.6274400538195882,-0.05617816710402237,0.5553754999598727,-0.4270173997203693,-0.44740596765146545,0.8027303752177496,0.3619983927380553,-2.5652629340222624,0.7175176792810507,-0.6154159284049177,-1.0346516367634693,0.2090881417169187,-0.014142537309969831,0.13241041791593894,-0.7876516656810908,-2.8668744344678045,-1.4822375622779174,-1.906777373340093,5.744730920841718,-2.060031788386557,-0.48205302012032963,0.18880631314536428,12.146068139068596,-4.395807759834589
-0.5290661551086322,0.204252152738871,0.7092712549430368,-1.0613024452058728,-0.6049116851737157,0.1448132779974844,0.3852124874481343,0.06381608068499439,0.680881823649456,1.4982779850568113,-0.7340175326904096,-0.9434272785379066,-0.022043416130339496,-0.8809268706813899,2.7163502160875614,2.3305611338006305,0.04211488389772941,-0.4055382701192424,0.14052277427311347,5.0673636549069005,-6.107101747583282,0.15916996839109285,-0.8519842923808811,-2.9225574373093797,3.818231960463281,3.42937980017565,6.391016817515406,3.8109596420682252
-0.27224003496685767,-0.04822152515751106,-0.016085576886017996,-0.6395816682721226,-1.4773209043049722,1.022882844271877,-1.0759307843078476,0.9871460620966019,0.8622394408022999,0.43624755106980617,-0.6280212448603157,-0.13794469392286804,-0.7580177031572082,-0.187446434826329,2.7194204350583155,-1.2283567956310766,0.2925542721084182,-0.287573417010446,-0.4661957147413821,3.562626890877341,-3.1614873832839976,-4.3903722703079175,2.387829020380624,5.289095313739816,0.1598279795659686,-2.0769208870691322,-2.504330307679712,4.721849271955174
0.16147802993994448,1.1490642623954022,1.145049483800492,1.8077395437240191,-0.9917501800871734,-0.09119709619055133,-2.4351965016186634,-0.9192752859045827,1.0720889075548239,1.0415536259920006,-0.005226146395109844,-0.7160106002317785,1.2373472887066115,0.6549096830514788,-0.6179168993121621,0.539532340880799,0.31642100206342666,-1.3644595955293224,0.9666657326021362,7.754381440134441,4.227448878002408,-4.324248283462111,2.2918154886400677,-0.3877160572759037,-7.522555846307785,-7.172854517674646,9.705548822789156,4.082220674316571
-1.7423216323919288,-0.4946435059764239,2.0812373593742337,0.2640238770130356,-0.20530583164849261,-0.5720117150255396,-0.7853380121938398,0.4761654823271106,-1.2894756369739881,0.056448959626660015,-0.6718948185789576,0.18570993590618898,0.6162852545997035,-0.7943614896594163,-1.2724003055950237,2.178064429249891,0.13218166327173236,-0.3768807537656566,-0.6740593638529155,9.548788277049045,3.572369466136083,6.566429141311387,3.1004033147949657,-0.3758462787409756,-4.002186481327026,0.05866978771480247,3.7567538631967112,-3.52707175640889
0.28029720376623796,0.17515869666921058,0.23566846487780302,2.316811333991719,0.33160145232842186,-0.32215424782543317,0.5950847029804971,-0.052015936080219476,-0.1510686113370528,-0.4471197523157407,-1.1652123766895663,0.906831959367949,1.5066813598903115,-1.095940440443202,-1.0228373124164039,-1.2823037187136765,-0.061487090274182615,1.4253474933940722,-0.3522891277533163,2.7190034107420393,4.743041132420856,-1.7830311434168462,-3.9053608665624173,1.0967622887579118,-5.134192289549039,-0.8538373609361948,-6.092912862969607,0.5430737927704927
1.1277265431101329,-0.20603396544895308,1.2753013412652292,-0.17222533211191415,1.2865642145608736,-2.1701788769896533,0.16238448771529715,-0.06782537993982801,-0.68375237706493,0.01874168957587133,-0.4153012757823528,-0.6306800776487475,-0.12633563231776898,-0.5054422599095808,0.5405323294604713,1.689264386272387,-0.7961353340062611,-0.8245332689703563,-1.3856847542174693,5.198335984909225,-2.833472113817602,8.323446764588066,2.529141975600498,-3.994589831155157,4.278724159438437,8.727904361602313,1.1843745731065272,-1.356535150188538
1.7878159392904125,0.2552984539457168,-0.5620557487540667,-0.9521069749148973,1.0880779540597405,0.872761034777761,-0.12240385154038343,0.6489914606134788,1.3831550733168279,-0.4761949823099025,-0.6648213118090293,0.244782973443557,0.9304033352196927,-1.1191455546358735,-0.1898000951181722,-1.1826030738273046,1.4604546370783325,-1.577342068498749,-0.45843126142569796,-0.97170574961233,-1.9331116660775192,-7.695685958410656,-3.7409136301780705,2.011967549535848,-0.9704713708678572,-2.408462398264727,-3.537740012786723,1.7173753066830808
-0.205124401167967,-0.08343406934483316,-1.0263037513551623,0.8716397213363535,1.3642442028121002,-0.7480010045469591,0.3606839519272531,-0.3009085756929044,-2.065057739345703,0.9678058133347787,-0.24040069874586664,-1.453002806159547,0.6831659742154126,-0.7020323246561898,-0.7488185649883705,-1.0477534011030891,0.7881543942088051,-0.11519339251349756,0.5337707012605435,-3.850897455867439,-2.3606528216567844,2.7042625892648804,1.1833226082259878,-2.412502660249123,0.23838793679785875,3.7969709936935367,1.1471652428220402,-1.271505082427925
0.3225457679490255,-0.5468237695272716,-1.6983093236752038,0.03826974633942214,1.1429348183367836,-0.11326184819231626,-0.24420671331734425,-0.43738945719551786,0.48219474597786627,0.011237588594961724,0.03235981169283247,-1.8697182554042924,-1.5796808474227533,1.021392344539116,0.7190126455104303,0.9438575087465912,-0.5980208173994662,0.38887454578559666,1.5615782272091525,-4.4450128720088555,-3.571936616165345,0.7392726791395327,-6.512796280972261,-2.4314428446671976,5.170137215322541,1.4921518742765962,3.7466465098380315,-1.4031589288291846
-0.302407555499671,-0.739218888439572,0.8854715901718141,-1.6448405505535761,-0.4401662671569194,0.3799406582500075,1.1907202296210966,-1.0404574196697982,-0.40738212848109406,0.0656109081861735,0.48879062676829566,-0.7004121646126528,0.15554759292284565,-0.08586743015466024,-0.08565277122088912,-0.30411514612621543,0.3163458109719315,-1.6941017850896551,-0.8444094850388391,-5.230089936673404,-0.31958844584433965,2.8609138079762784,4.0771643460670015,1.280724808919149,3.2965329414174174,-1.4674139987316834,1.4149583954203409,-3.8230551818949783
1.5735306691452189,-1.1744731942665432,0.9783678141471998,-0.7254815179063473,0.02921106993078167,0.08981692532690519,-0.3485022313257249,0.16650707306367496,0.06338006414073265,-0.9681466942116617,0.0014692438818804208,0.06027231860668619,-0.9610089373485141,0.9031043245949673,1.7939701475300422,-0.2541534595823722,-0.5066126188987484,1.8520047158966673,-1.4303662634878942,0.8781237819235787,0.36361137406969984,0.06439499081433969,1.1704919709091084,4.895235758831935,6.911666237545244,0.5452154404814277,-8.72693042470957,-1.3477973026700667
-1.0872782170682556,0.0961776310484817,0.5067340966881532,1.3165876001266943,0.46820903396540775,0.4724640751215472,0.950267972612648,-1.1747676498547304,-2.1797752732628783,-1.0234222199992253,0.6650939442546848,-0.9453445828821937,-0.37515422515863117,-0.8535023915176236,1.2833745865688364,-1.1370767357421399,-0.7739761736156712,-0.6309989568444392,0.7368144023386828,-1.8385296647180365,2.505387311185747,9.409472410733034,4.028926635825956,-0.6849971373036469,6.4155298051215786,4.072079187982105,1.1948874884958227,-3.126739209852407
0.8245421550797455,0.17383009016070203,-0.8079928860946822,0.649573189735313,1.6273338787707081,0.4083507092115544,2.824315125893439,1.312002764791258,-0.03086922918834517,-0.718954703624493,0.3278119503650595,-0.14044806836576473,-1.1006447295208805,0.08430112748722472,-1.0907131182951626,1.6422514606497642,1.8067282925251014,1.7214731286302491,0.2901809393120401,-10.538518159142667,-0.5720652261497279,-0.9202137972957203,-13.65886387246788,-5.344889268872225,4.372960984417191,7.015503230543828,-2.896649697745479,-4.069030213402724
-0.9816038341876651,-1.5223826532585212,0.210741929516839,0.2331618509979798,-1.9439406851394712,0.7530726788254546,2.0813349524046125,1.3138391889915324,1.4756376572170096,1.824174833154271,-0.44813149487831294,0.7245522599695722,-1.0650299681657884,-0.06057271193249787,-1.0156271980699954,-0.9250201013439743,-0.6966877776887704,-1.7764332557647722,0.8464213579588955,-5.1157416136719585,3.8856812702086283,1.0893821358149218,-6.197292154905878,2.8674525403740168,-7.93678565014917,-1.6393332614976206,-4.553940478540829,-4.559529279081288
-0.2769968255244859,-0.45416788796690466,2.3107732831730288,-0.6490334131200849,0.6163275870295798,-0.1342252459174731,0.7690150378124938,-1.717293400753493,-0.5873760140962313,-0.35126749633613247,-2.3105119325052073,-0.547686869670504,0.2209686930412322,-1.0107447336452309,-0.48605747588099324,1.1918162489846338,-1.053803155834059,-1.7584050837012928,-0.3510274942349005,4.981644996955531,3.611803789929754,5.056590721205573,-0.7790887323925693,2.4478054865895067,3.5799352111916187,0.8235197282696775,-0.24206068066607667,-3.291023962840714
-1.345717579972231,-0.31808696907298206,1.3100695692130173,1.756004949365187,-0.36166579139670496,0.35889889190588486,1.1458000771445167,0.9842470762402009,-1.0641535627470466,-0.5051836581662613,0.6120532244360032,-1.6709717324936262,0.07390664370222645,1.430328373061359,-0.7673961734953555,0.4281323533375339,2.413254354136687,-0.015079107589155684,0.6999550380698965,-5.646805052902472,3.938673960669284,3.8192673284905867,-2.846124634601125,-2.684337864205169,0.35530420807484936,-0.9366125656975093,3.589804339925816,-5.003164602472919
0.10054186629176472,1.3723784032787874,1.249629419972383,-0.3596842197998307,0.286201617838675,-0.6812004200847475,0.03181066525001355,-0.8061284608237933,0.3328526303495882,-1.120899278946001,1.7294269842087997,-1.3819704811295157,-0.3452705433978428,1.024736645837656,-0.6599136050073308,-0.8423630105291122,0.25829448897951884,-1.0258293856493836,-0.22443116646461117,-4.425457459731526,2.056608359922169,3.915898927590764,5.709176458709242,-1.1078964234359092,3.5057923586947024,-2.2475298469068514,5.664321442564529,-3.868682281071058
-0.8079804916642477,0.14827041520322673,-2.462621279414064,0.29188310244488513,0.3756231750912986,0.1882476732140818,-0.7085517096385101,-1.2767926697804568,0.31168069377818075,0.8636790815367058,-0.01933844008522227,0.6553655128090353,0.428939372436779,-1.0905563003573275,0.29696995287529454,-1.885540145292262,-0.8036469037186798,1.3388971593331953,0.7382128731105122,-0.6361464620910835,-2.6458248033287544,-3.5310006934037883,-1.3720118914941102,1.7956670171604563,-3.7832952235534796,-4.173193762237195,-1.8208010014776537,4.243560381016128
0.5942799400335461,0.726734448107423,-1.5481717679617615,-1.5707011655423868,-1.013460894669222,0.18745242505725038,-1.5146224665545058,1.283343417040465,-0.2599627096028687,0.9838574217874289,-0.6340568252472069,0.05246976961503533,-0.42639776317177003,0.5007539717187958,-0.09086825177665991,2.4231939076436726,-0.8842278888978607,1.9638884908937289,-0.8702786764961216,3.685706728392653,-6.445138316552085,-8.797783622175743,4.358097544015176,-0.6592144079326375,0.03802952356494553,3.25802773794645,5.07291483273389,2.6501891927843
0.8316829508584199,-0.37544517301298125,-0.11455336557885948,-0.5322035206536929,0.46359536882252655,-0.19721211319422083,1.08323644013956,0.4295822718309857,0.8919438099359935,-0.7913252567467408,1.4334548854447047,2.0290471343800593,-0.22418305265496802,0.37030630261008557,0.9602494263364341,0.8374506056287256,0.05086683446768882,1.0736382997887717,-0.3936845277062501,-1.8470666762476786,-0.9508917966424838,2.040306949339164,-3.8063042275691594,-3.2837347474776912,2.6851963752687706,2.6966983311537946,-5.3162604449615625,1.9384016716740764
-0.6971280578535383,-0.64139102560404,-1.7348023362805556,0.5518713618830078,0.5695165790944048,-0.7639082175429907,0.0696359479206109,0.24735756411154827,-0.9067271719617898,-0.21169432786317374,-0.2227119449295339,-1.2921601172052337,2.5852412277494143,0.28941059605775493,0.7716387042732633,1.9045063069455124,1.391583678124979,0.4724922306743824,-0.6239293726478153,0.4509973334057387,-8.761325436762874,-0.3927419164722609,-1.2518706827478505,-8.74799259839317,0.3246579410038725,0.8224164375913693,8.576859863462746,3.1379065327181244
0.2957783653999439,-0.6004374947660636,1.2956693285587337,-0.31773982668552636,-2.3513811711430583,2.26512936084001,-0.20244257044357836,0.2772673518756157,-1.7778687316528325,1.4312792228641777,-0.7462301559181669,0.027987201413389846,-0.6165207963542296,-1.1334529044796904,0.20674142520762814,0.1712868637664546,0.9194116304926723,-0.9080532679959546,0.09586130899601361,2.5352250895707407,4.430128871231443,-5.682619658935882,4.93397555771397,6.3958248471203145,-0.8693235431979423,2.1708742482579857,-0.08521035749278524,-0.25381366429588087
0.10968089743133283,1.0599920103675449,0.41307573977570383,-1.3792009532108112,-1.5681026254845343,-0.7441055726781087,-0.8593808890198856,0.9489573185870217,0.9457302050108132,0.11174540619771776,0.6263860483239755,-0.25637617096574766,-2.7989491923881173,-0.07831440576947557,-1.9600667357465547,-0.5107053156260585,-0.5634783478771087,-0.42467883257739536,-0.703714752642792,-0.5047257577355174,2.714484109334567,-2.0049183171590905,5.023254128564752,4.52036415267951,-3.956496563037665,1.39917705208606,2.777278408008179,-4.434836089640711
1.2651704511844724,-0.1551717443939891,-1.5714203533521884,-1.7274090232409358,-1.6638487262059565,-1.1068818734849726,-2.1209020380962467,-1.2919938272609233,1.9839696430908786,-0.7730029673989348,-1.3359039982995133,1.6502006706946004,-0.7962456475666858,0.3985043102483301,-0.5040269820240363,-0.03267911295179346,-0.19537668158362068,0.08550545824333089,-1.3005689951540642,5.193638247214961,-2.090035940349392,-11.81549377418911,-0.8400718224216142,4.386865127598709,-5.490239761525263,-3.5750752864207356,-1.707870616483253,9.065976116245654
-1.106927218319465,-0.5777187719058952,-0.17900462922389201,0.2982042078433031,-0.09967206394890771,1.0154369960031149,0.35895628325091306,-0.22314527236417703,-0.6211796904726985,-0.8622462664449246,1.8725874417905897,1.5682977446305564,0.09818311692268275,-0.260482714326388,-0.33602842640496755,-0.49957563229426405,-1.1599194410401041,-0.7400425225409308,1.1150728251579147,-1.2573019864306594,4.548780538459785,6.507255159747894,2.7055873300817863,-0.9150378723960636,-0.902697915779807,-1.5533863814811493,-0.3639159662607291,-3.3134603909535776
-1.6507734216621084,0.3137290966496502,-1.4100940546903886,1.2613354575609028,0.3460173627751402,0.8888805606904472,-0.3700155070236173,-1.7985035273504613,-1.7014292367313018,-1.727292188401842,-0.09415015576321968,0.7788257648668868,-0.09150382902385445,-1.7631387144090735,-0.8387588844248974,0.8415185804413077,-0.07443268609738538,0.3731051573584771,0.40971960947283614,2.562243853006913,2.4438788630816823,0.7407136109304895,-2.4240071921562496,-0.9264152306991055,-1.1810942844965833,1.0299737570301974,4.483799528009613,0.7804266780170376
-0.43015269568878717,-1.0693900757022634,-0.12563814449752722,-0.27742942086400463,-1.1176657261373535,-1.314202616726278,2.328745750535103,0.448191895651435,0.2398330157460339,-1.789144180191927,-1.0244650621834015,-0.6372378230266756,-1.1310067204337764,-0.9263518270587667,-0.9361599375753181,0.1823266085036141,-0.0888305723889361,1.1090833135733524,0.2001351928444661,-2.558036490996057,2.716788985817365,1.022308598317555,-5.896592362738801,-0.41423603435302286,0.9167796119231546,5.13740614579642,-0.7818142271321182,-4.692583749548347
-0.07489209251829196,-0.4599466947834111,-1.9637338820199903,0.8523559537009511,1.0668829862185967,-1.3972792066851254,0.5012868775114512,0.02951256243199658,0.7782098176250586,-0.5470634714396924,1.0153003791559603,-0.718825590385094,0.7117938554221254,-1.6790495469450502,0.2584418982721021,-1.1140325702825038,0.2721987943335494,0.7059336824591801,-0.5801043762985859,-2.0149354396421386,-4.1586543615994715,2.0281169765002565,-3.7201382236479748,-4.009674900346493,-2.603278484215774,1.0003107307583736,1.5438878673265748,-1.3127851671641888
-0.46483281122231046,-1.324516406479227,0.6920258708321774,-1.9857144062210708,0.49313478630756186,0.6352597561045097,-1.3172591507568392,-0.14997156226397668,-0.545203309070758,-1.5426193585895316,0.48068131988156454,1.6378819514831406,0.2958560595989702,0.30350015239161365,-2.094978846844597,-0.19499099585455043,-0.3234595156200671,0.18423642628314416,-0.2937212271688541,2.2294130401673806,5.439514852792282,1.7433628373556078,4.228962234067416,5.4506088900212815,-1.0204830337401674,-7.0942667097233345,-5.1761280855812775,-5.079737658250731
0.7149385057910063,1.667596770061107,-0.8475967162127996,-1.4566126553868468,2.570076327686713,-0.5812612571143987,-1.5680805777632136,0.2528214702227842,0.8269018754303314,0.004878541782938392,0.226659588529654,-0.41396853707075754,-0.01838068776807105,-0.9206684650613696,1.074236511342783,-0.3004978498008731,0.8223588698344595,0.9846599027512977,1.7462454602564876,2.8890697849750353,-5.0289129899430725,-2.623486060908561,-0.8313237413169783,-1.7176936402669942,4.402165390039493,0.5445485123325228,1.0299190766274497,5.131220898422919
-1.0845163795541866,-0.874644238427438,0.25548032519096564,-1.013339887034782,-1.445852800473595,-0.06902557424921259,0.41196339627814016,-0.2452703639963843,0.92292991317371,-0.7263424416633495,0.9885553827615745,-1.2998919433141518,-0.6161777656208737,-0.6007146788775684,0.2388749815338778,1.8282267713777416,-0.23269307489075575,0.7403107246915305,-1.3561228903209595,0.22451763398885055,-1.2802886579485582,1.0730323391447247,0.13818758740238424,-0.3533230855624367,0.8126249322433118,-1.7577282200309023,8.214484660485983,-6.046649904491858
1.0318157313855456,0.29159783553749125,2.7241552871463854,-1.0793788832545146,0.5284658364204151,-1.5714015354949842,0.47443752419406054,-0.6900635102736128,-0.8123954377415153,-0.8346302045517143,-2.902989482279931,-0.48449086996018864,-0.34289825981688116,-0.9622424337928261,-0.5906925162888715,0.03368968527920909,0.05234815250893136,1.2590892138899277,0.44089558371040827,6.3561159556529345,5.593265048372459,-0.20373062417987847,0.2105771732317156,4.670152556768099,5.915463319354484,4.611011694267832,-6.025074019476656,-0.11001689704818517
-1.0652815426366704,-1.0202933374232939,1.6063617349387806,0.9687108021275576,0.5613137884583485,-2.1687576205942647,-0.002378388818178597,0.34964069596437997,-0.9201013850824041,0.6526120253700263,0.7099884477191131,0.590527170647788,0.795544963763674,0.0024518988150557417,-0.33735673192831067,-0.24896832113959394,1.4123979390448587,2.1517025572431674,1.2814931830149334,4.043511678611367,4.1713363846345395,7.842715000294332,-0.5310923034474172,-2.1283585186658702,-2.7174165514711173,0.21825052377782722,-4.285519170498877,0.6741638131112346
-0.49012693619102765,0.14322085583702837,-1.6324209957685734,0.9944317566192226,0.08762007558342383,0.8651064522013376,0.390785807357686,-0.34149378253370577,-0.28169614046165803,-0.29052968155289266,1.4923544412000498,-1.3402367978205731,-2.436409545775788,-0.1670400165024374,1.6609389168537505,0.011703929103002955,0.695866566820645,-0.18192332260305835,-0.9154200769674545,-7.514507109269107,-4.606234359564329,2.0823992591239087,-3.495744255827805,-1.042748682601163,3.903495196341396,4.0115980626633165,3.5925042222373724,-1.2565557288918958
0.29711071519596305,-1.2899652523638312,-0.868630589594941,-0.9473154082944865,2.1076990190523746,1.5592798989340808,0.02941229552148138,1.4820200313006338,0.9762355585514244,-0.24254140514025577,0.8681840287236677,0.23158478736571556,-0.25862684860173163,-0.9655493105829018,0.8477115196860895,-1.2784491981633967,0.5946832722023973,-1.253980203428867,-0.6298434108303286,-3.9844314339982625,-3.3626750149848665,2.280596732661104,-4.835270022700349,2.781475221126334,1.1053165524020787,-2.984231938565002,-7.283813214232258,-4.5742039150140315
1.3206579201165847,0.6364019805232479,-0.6994185512743076,0.9468022844523081,-2.3742295810851393,0.03993935585620425,0.783497777239225,0.8242725713956185,0.0004363107979370062,0.25930423924799617,1.0203885836869317,-0.5252074768925407,-0.6489070439717006,2.136688467132563,0.28726954534051796,-0.09860054906133402,-0.9293459736425708,-0.18084706137831605,-0.6359657472676129,-6.225813775519997,-0.9933200265814577,-3.7312487901733666,4.927168080988716,-2.7530412715285166,0.07131573455498819,4.274943086146568,3.922577744362552,0.10963430049180997
-0.44392492436484493,0.3579470462627492,-0.8727408924857863,-0.6647493921897851,-1.1507468921562105,0.5521847766920619,1.5674240580101695,0.2879195845702424,0.03784694350351114,0.4253526768617713,-0.2521995392990307,1.155626967864689,-1.5751664368245133,-2.958934116507888,0.5749050569999246,-0.18562586568294095,-0.04862628854355956,-1.3409490337029921,-0.4580186313262201,-0.29857149724066656,-1.921740579388207,-0.9547606740396936,-1.8018543657034831,0.4308401799385558,-1.941672718149388,8.29692525938291,-0.23175897422347697,1.5513933192977956
1.747683789994429,-0.2884783967464626,0.9256970948610391,-0.43995887167793246,0.3337983187402691,0.1305312039019596,0.3888184022176076,0.3614861788964259,0.9846681627225461,0.09007582557147518,-0.735988089273721,-2.4053395986873025,-0.20444303347102147,-0.821144610896554,1.3233596216543047,0.6826987878555864,-1.4091727344341574,-0.016160407431071593,-0.5935050409426289,1.9755000921502854,-1.46391269978004,-0.5309812626478431,-0.23858916977668765,1.6368531524434378,5.748345060235008,2.2640194051837788,2.4981552950419244,-5.770350110868639
0.7033897732472788,0.5925881422684491,-0.749330191234213,-0.7002816870878709,0.5733497942089206,1.557630072818836,-0.08662061578412439,0.27302512054589384,-1.092768780830597,-0.5367498703836417,1.4025129509619099,0.20997613889630895,2.5933107249545286,1.357551374886201,-1.306499850692362,-0.7144418185460834,0.04732563370775522,1.4807417235283784,0.5922053833931702,-6.1621801411336845,0.6401429288919327,-5.26109630616943,7.129258655164282,-1.156885704142701,2.7158708008132075,-6.157499171677013,1.2041152351058797,-2.7492220823373588
-0.180941669563769,1.4200149705452418,0.02943877691146803,-2.5423779631446632,1.1239003632856455,0.339775650499303,-1.081974435003573,-1.36882113508551,0.44964811925863596,0.33705969624417,-1.277838514429053,0.46776872296414834,-0.4645833302216877,0.047337327084892744,2.0645696119646297,-0.9222284401938471,0.9618299805903171,-1.2895763313058657,0.7162967807100561,1.4348952518571743,-5.4541212843607845,-3.272130071524999,1.4442782589166943,3.0471095827104873,6.252743012874017,-1.7660955619624594,-3.1285899997209237,10.335775793933717
0.7926177278862276,1.2136534104779695,1.3063057003412588,-0.05082499478459514,0.22711935452342447,0.8160035981445743,1.109164451317587,0.09025064536460166,0.921826400262736,0.4072196326514794,-1.4612176749899792,1.1676096575918595,-0.5141323659218926,-1.4352885367890948,0.660277008390421,-2.1384720007256526,0.8296183988475517,-2.3689152041498054,0.44782167948807045,0.14843157716155156,2.869830427849436,-2.6621327194808737,-3.551009623618691,4.26991591322552,-0.5282537291013158,1.8497630450025588,-8.4088794153749,4.579821892618901
-0.1061886284177139,-0.8076069279305665,-0.6124440930193518,-1.122907319103507,0.23402126446873206,-0.39182962830591234,0.033487018828026405,-0.025318597953371238,0.12499332879834354,-0.7298531844786553,-0.3403077314243231,-0.029632718492061467,0.35178092265483585,0.8041622671349663,-0.3534803605135688,-1.0854758394593726,1.2847698956698939,0.4808885240574876,-1.764790011848337,-4.335707045800125,-3.274458570586628,-2.2593666196489375,-0.29086609755388315,2.3078914297591804,0.10188468417462987,-3.9761949548957203,-4.99759243317058,0.14611364701127136
-0.5611221952711728,1.7272533159890024,1.966903868806038,-0.5743326631882271,-0.6928844490532826,0.9088107745239252,-1.3480736031233502,-0.008189659249018023,-0.25050635944076205,0.22368198634315511,-0.819082470345783,-0.4516857904797999,-0.43392726111777596,-1.3318932954532179,0.710394380699119,-0.328845280501387,-0.29401757934488953,0.8248111009104991,-1.5584624126294835,7.418953430310815,1.5397548222553594,-2.552731124724104,7.4294969581947345,7.029104808590209,1.1898975283121804,-1.7683271525495952,0.7482994856430463,-0.38631158520428
1.4551468227442268,-0.8110744447382751,0.6389601754446553,0.29371881764202024,1.5926809313300616,0.36269625784940035,0.8144903131188953,-2.3370717218954784,0.022991154320091127,-0.36262031267737155,-0.9972042873980729,-1.169940610562897,-1.7584733259926508,-0.262399419865115,-1.2467303103522605,0.8544288836069832,0.7232311085531442,1.3397291406305571,-0.9010705133898549,-5.4261930148950315,3.6753027256748836,-1.802708308088177,-10.915721562868,4.869214558288471,5.169560988775546,-0.17306825617225507,-4.921448832471227,-5.089302953561528
-1.8393672458946733,-0.3739453393980659,-0.5308067936538616,-0.2403015955590531,0.42835396260013897,-1.0107225770296608,0.969496371675064,-1.041275702387826,-1.1822306326426186,-0.7159076920346049,0.06197373753068567,1.729508458925516,1.6325083577966513,-0.053052331042564536,-0.7476275258399541,0.2598551882905163,-0.36897340215517027,-1.4043200735078782,0.4008231498107091,0.47016214172734044,-0.8109200161274724,7.6686408121069745,2.1256838054291736,-5.927731467384346,-1.6103767062536367,1.026125621628397,0.7096147526999838,2.8258393259422045
-0.9171558770036955,0.6652942008061816,-1.762880393978748,-1.2451683677948266,-0.48545402164738943,0.03326982716976745,0.17762318182306083,0.5784267366380494,0.45913422037556445,0.0021295378422480893,-0.48321085790018337,-0.5555839425592295,-0.45284361928710565,-0.09033694293267266,0.08844334292078719,0.11217001276979778,1.2200077280123292,0.14100873779099796,1.076307301108877,-3.2143604599194147,-5.088563897420555,-5.762983284907148,-2.3228324423959177,-2.105811754736954,-0.08638363226494507,0.37254083175435143,4.6384603069750865,3.8644820766211114
-0.13172910343178115,2.137640890006187,-0.13370828639615528,1.3816535778987469,0.5564758565505684,-0.6236491094768369,-0.8629793665606542,-0.2924225202124118,-0.2374308503506128,-1.8318957107330711,0.4514387954125408,-0.35264896731057577,-0.11842777867326844,-0.9941760566068388,0.7638328894411822,0.37216331323404117,0.387108555891205,-0.9386933961340708,-0.5693287435839975,4.915850382973969,-1.33957921192577,1.7886430034068916,2.156559900141787,-4.070219146243217,1.3006796049833995,4.600760142010404,7.585273028224279,3.690524217011193
0.7910458406632559,-0.43832814446256996,-0.5776599335382877,-0.8491551072400949,-0.3179858290756314,0.8584394448722504,1.8214360519356678,-0.5104917014443254,1.4182722305976994,0.7433236695396064,-0.09896031187988066,1.0106222844870916,0.4220863594350305,-0.26349661377863476,-1.893383868346862,1.549558648220391,-1.90837891889184,1.1649470557266117,0.33631495504724324,-3.873307284976368,2.2098887410497925,-4.6332217801516595,-6.160229037733898,-0.4495203440901399,-1.7910132861426513,-1.859047317437593,-0.16605306696215041,-5.00541430883331
1.5237282694564618,0.021522277792972326,-0.07705201524117541,-0.09171428939290982,-0.44762425368511427,0.5196870065383805,-1.299753603200482,-1.9302374875502128,-0.2544657620585888,1.7429437193488866,2.204080377179464,0.9201474636700827,0.7914202409297297,-0.19514408168432013,0.6134563696541072,-0.12120854776521092,0.5926947524346163,0.2824291990617149,0.9614314393706589,0.9816776858994037,1.524519151709366,-4.032434703117909,4.760812325730795,-0.03901886805438615,-0.8146121285892811,-2.2862899227335274,2.7560592325997852,5.327580759943747
-0.17099950336938383,-0.7849873670190064,4.218224500244547,-0.3354753358794838,0.5941939827865925,-1.765607133124532,0.5537639854062081,0.16592784810502365,-1.4917328377343455,-0.0919856644149059,0.8874981085091095,-0.07949759498000215,0.6893783663173122,0.9776105844986241,1.1881645500118883,0.4924946064797059,-1.4671107075793837,-0.7789811084990602,0.29892498081773405,6.014564985327611,5.055064549201597,17.3963525523,10.542620775784087,-1.9049206806636976,7.190559746225518,3.8035583166277998,-2.5611010971193675,-4.822615703021554
1.0224283376190246,-0.9421944946384064,-1.1269622937885022,0.8611375987861914,-0.3298917394176346,-0.5432723295009809,0.03503898505157709,0.989129300152897,1.1102180549023721,-0.7726137498879933,-0.8003467226017122,-1.1439424905605386,0.89267164131527,1.5156546634294186,0.5445762267148216,1.3618266119027482,-0.09994200832123941,0.9615155076700173,-0.8714496821972403,-0.19767492841873513,-4.0263622610528715,-4.409650960604058,-5.118081483052271,-3.534227347600089,-0.21489111226124394,-0.6157752292553377,2.3930328608827947,0.2284244120820708
0.7093732172429684,1.0634176452358417,1.2982521398145948,1.2841861828431143,-0.37156614307812064,1.6639856538836102,1.1784868732385754,-1.029809127895426,0.5519229145311,1.9759741374209385,1.6187240239750509,-0.7252774270493946,-0.4344556848298366,0.5071732366281897,-1.3325026829867865,-1.4116481723608394,-0.17772575973595922,1.62622961089567,-0.25509849696701714,-9.672743289337976,6.413730059442184,-3.195855424352504,-0.5721309839538866,4.996327092307118,-0.7631275282782483,-5.670586591010765,-1.7030812102518034,-6.777073448060423
0.2130300883205333,1.0225488572701087,0.5959570110294649,0.7726141459654084,0.7557773525221186,-1.3599407754150676,-1.4736740386948566,-2.0074282415878777,2.150719569246635,0.8876161064921652,-0.29043530644051735,0.33659084733850875,0.48975032175017286,1.88664730129484,0.017134703731833182,-1.4230272268132804,0.48609633330370283,-0.044119051341624575,1.631203759939475,1.2578578103776237,1.8494805838325257,-1.9521060133308232,-3.8873354464077288,0.7881774836455683,-3.4630057034800905,-9.088818425498003,-2.347272937764544,8.60059400214633
-0.9144145698631478,-1.4289481687531678,1.3214738844972804,-0.4215930388712707,0.6136030195255551,0.027026831213908507,0.6442539585090078,1.1283284775723208,0.8509851590792248,-1.8280959721222514,-1.0095408412403772,1.4240384567825541,0.7592336965309167,-0.48896018782135137,-0.08615453660625103,-0.8457277755900503,0.7327222450860738,-0.2936271368119109,-0.8027539685540374,3.302925641442943,3.0599535083657656,3.9266488430469964,-4.964468184950735,3.1367606340914573,-1.7951487246871274,-4.500760704534581,-10.234008762022267,-1.9911889906616365
-0.5718484539288093,-0.3019879200997896,-0.8395914152955266,-0.3201796760100333,-0.18745775704714657,-1.5828517354381595,-0.9499998726650346,1.0725014435437659,-0.11723718571832631,1.2305438569643201,0.8904385357209861,1.7053315676801801,-0.90747324637735,0.5864353918554643,0.40115358692482067,-0.6859920860835652,-0.36412623135313305,-0.15658869239121542,-0.3690757715586776,2.0341401075324974,-3.5455418648679657,4.777736422126749,3.7842295873256098,-1.309490589678426,-4.439437637526527,3.098206331388529,-4.313874488794979,4.413216901133388
1.4425287825270074,-0.41682652224166256,1.6751044074008432,0.2925698156533753,1.0913438378654305,0.5793083402242564,-0.964383095966096,0.8301740427712612,-0.10328381093853656,0.37005299670274955,-0.5371205224899968,-1.438161535884984,-0.02035951439973645,1.198107388732746,-1.659526043804207,1.1404897107464527,-0.942755786304163,-1.3815421686322151,1.2806388005223466,1.8296144931310852,5.679288478067606,1.8377216225538457,0.17308674160122722,1.5842047751973782,1.085132795063209,-1.6205147840663399,1.919547808070993,-7.485496679595775
-0.5355051483825416,1.0090975931205368,-0.3428517680983373,1.7966889187056747,-0.7035425865342402,0.5127607137226514,-0.7960798587376701,0.7601586388495302,1.0513667513638192,0.21888064511284686,0.9735766345188331,-0.23645917103741912,0.3012140237382976,0.22564703327612382,-1.727617294991232,-0.22375346518885014,0.2513028369235168,1.6583914744144184,-0.6137286178657616,-0.631228929744561,3.080569731201906,-5.073842086872288,-1.4490339183155836,0.9550449138203432,-7.843925077838942,-6.049283356503238,3.8756787749491974,-3.087102307722208
-0.14716956377911103,-1.633986535277399,-0.7637176091551902,0.05367106068700792,-1.0808968532069527,-1.180139888210851,-2.099303257488733,-1.4513590085871957,0.7665771131561824,-1.069538115927971,-1.061150406681112,-1.7561915469583014,-0.29819287058284644,-0.5865598788458,-0.07449877969625904,1.2701187602143076,1.0621035893196713,0.8557954883445223,-1.3672775730223337,6.617934826620628,-1.3321350055092047,-5.792594571880277,-3.5658310502919237,2.69796971131348,-3.504989650350577,-4.6338510013221095,6.590654860994736,1.0174108461785905
0.5241958598051766,-0.14441672983132345,-1.3381507590730022,0.0009958065397295448,-0.021234044293130208,0.005377789855706604,-0.01441858872306656,0.6052432186777765,-0.08412320264110153,0.9393005773298179,0.1266123058631338,1.2673280451774773,-1.8582190192861223,0.5893231011789472,1.2156229954059365,0.434179819892328,1.9592176762401148,-1.133615055230909,-1.1655963558900322,-3.4472877252072895,-6.291480031899311,-1.7905990037297268,-5.147211265061481,-1.585618374741361,-0.7392842507515563,6.243840628012531,-4.564749485649132,7.612554050205857
1.95495044723283,0.28540523578161486,0.3676860301429512,0.8235569636233424,0.4525249698544702,1.769683012050228,-0.23005636801098728,0.8920373532039025,-1.4064853571850258,-2.815168098950152,-0.11081868819217007,-0.018907805418154604,1.5624112198029538,0.9205159259126766,1.7677807619237667,2.211691404972478,1.3767736935579757,-0.3427102899769289,-1.0338125328093994,2.401293807569379,-1.4277989460109892,-3.843631962032166,0.8728284950953232,-4.33015789743307,8.45871473855156,4.051655620201795,2.441932385115555,2.773224566514374
0.747827757883653,-0.7459094756800833,0.34386126728254635,0.27246783432210375,-1.0473766971281828,1.1240925180703254,0.754262059438197,-0.06133791701319566,2.523066493849873,1.2943564538712582,-1.4583466437112422,1.1602798561368153,-0.21702019856686466,-1.2967225735619137,-0.38651480817445716,0.6684659646505066,0.23762987153786494,-0.8824593434847978,-0.1502694870198491,2.4573150378487103,2.5138968388189835,-7.682466338289964,-11.401309129256603,3.712737571845454,-7.328954500568322,-3.25649329201436,-3.649949542447784,1.5941700774012584
0.29115689005154377,0.09182704797109591,0.8085919902252728,-1.7053825256609976,-0.732543107594725,-0.8470950635184799,-0.6633581119509115,-1.1271075633099192,0.25909109073388253,0.5405405907305212,0.11275377673707686,-0.5468417902110528,0.8086073325191833,0.7371388128645134,0.36961417131307867,2.054593203144119,0.7581391495291337,-2.465139499599166,0.24425096202087937,3.1718602365771287,-2.968415163791006,-0.48371324629696427,4.8403703647808,-4.400956768639367,1.3401927020983546,-0.11138770120863416,9.726209791707765,4.633678583018856
0.9572409070588445,0.40704114142183223,-0.6677582724802247,1.4170483286755464,-1.4742149100717883,-1.0444767880094776,-0.9632257638976298,-1.2769447055174659,0.7615423174426744,1.5190527616555767,-0.5511081759579485,-0.14893970732466197,-1.5540793608160932,-1.217084738054915,0.15055676472256452,0.5044964631060435,1.5757827606562693,-0.5713382488402539,-0.3588818489427155,3.6983880225112196,-0.7436847804503124,-7.117640889808026,-5.0833856993320845,0.6386031951571993,-6.556292613686704,4.303163697683818,4.17537309142343,8.017342729261783
-0.27581977039262673,-1.3851030991196958,-0.045050767371183235,0.3162494900037689,-0.6364778270034305,-0.425126461219688,1.5284064949103422,-0.6405147250807744,-0.6351836354314552,-0.7883465382393221,0.2048599482957778,0.543157646173797,-0.6020616682311494,-0.11334923813575248,-2.17106941633315,1.229812404187674,1.131262032699333,1.021813072765994,0.7144636474063601,-3.9045919801226154,5.306210904987562,0.1642543654586639,-6.959425025731967,-1.6256634095236564,-1.7919853313268526,1.9591386188466127,-0.09736875325507599,-3.379749770167832
-1.0033654983657956,-0.025115438960447795,1.3636267944523324,-1.6800021777739975,1.3590815025239231,0.36901236479544935,0.3275969099389722,0.3340496660135761,-1.6538945228245865,0.8646789421191745,0.14637250443744695,0.4427763332459225,1.4034603633622265,0.41968605472974907,0.48154216187115595,0.12465493464529316,-0.7256424297469795,0.567628411559779,0.8192436595103587,0.7175658927921766,-1.0771283925384996,7.116330956532695,7.1318879487738185,-0.2758640958273636,5.9610511613445825,-0.6019532462946533,-3.3467800709818993,-1.843343596420091
1.0458486252934878,1.9054823572743476,-1.32479231325993,-1.2671289608168816,2.873472265794943,-1.0125355365833528,0.25081310100155907,0.6684085280036046,0.5433066418485255,0.2905980741152923,2.1301202772579417,-0.0029388915774799414,0.7941183473253932,-0.4099222184312044,-0.5909727786924641,0.8834972830959678,-0.20843059614710316,-0.8410653312234732,-1.9188523191451674,-4.293496132491922,-9.410423739615041,3.660461429294634,3.3322650912754437,-7.9804415927724515,2.5792386524854956,4.306615474220468,5.027022527051898,-1.7579374817463247
-0.7600499754435807,1.5063943653672618,-1.0137388732839556,0.7075352570025853,0.02753160046045999,0.7606369508817443,-1.7405163253258489,0.020615070200597507,0.8394911406029965,2.4395917116223047,1.8251518883896813,-0.345205046629242,-0.3472129007774777,-0.5528737976182871,-0.2562253138591318,-0.02131114432281289,-0.2278439963861276,1.8605561260752153,-1.5517722225073167,-0.022163815881233784,-3.686876359422702,-3.7532501112761376,2.234470675716404,1.9802139659533646,-6.315916364288739,-5.195129626377427,5.056816977411487,-0.7902019026073557
0.9130285202571778,-0.16393032379994738,-0.03294401391822053,0.26674435627333676,-0.012345619549208695,0.4678080747736807,-0.8990941811162283,-1.225037683119067,-0.3533446832840787,-0.32216764780308094,-0.63663221537138,0.230623670895574,0.8727947180089093,-0.006607097823273601,1.6314292465287759,1.3216616356329483,1.076823122638354,-1.0734919718500746,0.1888102129762524,4.8747035492852735,-1.8312079284072895,-3.483322406265397,-0.9557410867080356,-2.134742882775282,2.492477562025945,0.6705643572243403,2.8556037800343543,7.716580333529462
-1.1777125769805472,-0.4412771132082256,0.34635545113952054,-1.4453471832610292,0.3374801503156298,-0.3393198892401883,-0.07450459955449472,1.9780172993278013,-0.7678140766246085,-0.48990706080933066,-1.1088937202169102,-0.08444907285716582,1.9054366657176578,-0.8053178202926602,1.7172587832179989,-1.021961427464416,-0.09314362523814321,-0.12052125935975429,0.7246455586406143,5.93373445654502,-3.4669356720827533,3.482718439854324,6.200232917154208,-0.6375371464594684,2.4091726404226055,0.3819071663647273,-2.413554273018785,1.5184279520974777
0.950753668149806,0.3911006192590138,-1.363806977069993,-3.073835651330194,2.1472657168776204,0.7871829960169111,-0.5467746306695985,-1.9699046143616181,-0.2925861846255273,0.09117873191554608,0.4966933302128669,0.3018275575875327,0.13752269416351703,-1.1471465077866312,-1.1197963624358434,0.8838964164241685,-0.36297940266014883,-0.9153312110868856,0.9441025671770908,-2.6428959691655147,-3.0586093191016506,-2.635388415376512,1.3616732488500658,-0.39456946428053935,5.079368478708186,-0.8095162108011164,3.5121574654826606,-0.3026584351381945
-0.9734383212955834,1.8959960476818019,0.07984548317116033,-0.5933423395528402,-0.6529243403088452,-1.8611570031429137,-0.4095507265730103,-0.15125009066052517,0.013939743559483445,-0.03234111204497345,3.2572698910737663,-0.34389908513074535,-2.553078927391277,-0.27899507226161663,2.1062858459412164,-1.9497735780043344,-0.48706768878208995,-0.5342296302837923,1.2081134909567977,-1.517352091204364,-1.650321501826957,9.435146614405248,10.75879505719091,-2.763511174649099,3.897672578605988,6.611181394665745,5.353091423962645,2.7594655343096517
0.9319227001566113,-0.9984229447712525,-0.3669341653633121,0.17240354246631645,-2.0242047516834862,0.917952053975049,-0.4914346859147469,1.1491436101027999,0.5508569096158755,0.25565933387054424,1.9269250973126424,0.024989552278312968,-0.1351758702072446,0.7249935370344575,1.3243554488141103,1.0171729069646347,0.5919578031189069,0.5041518087697383,0.032722587293597165,-0.3394787751031987,-0.3183337996860184,-4.195608645817422,1.6436146707619341,-1.3900548895877645,-1.0393709724345412,-0.27397074072636335,4.173688377517301,0.453782332401517
-0.24748300100035261,-1.6820235842415352,0.7887621539078381,-0.6149794032972067,-1.7908074918658703,-1.4272023482791196,-1.9275161873852242,-2.6842631244678494,-1.0431441955818852,1.972321830242098,-0.02636675208678323,-1.2206859796723353,-0.38363698872046714,-1.2374699929052324,0.6004464901385914,-0.307823339399206,-2.2487239643070978,-1.2342108257664723,0.6185672900798522,8.869746614831204,2.493617288997801,4.809251314093005,11.21494440976082,4.131827026103658,-1.9713182029342011,-0.34582033179898275,6.385501719491672,-0.6672928541687119
1.0920506979191247,-0.5287728409000938,0.023145750868330744,-1.2940880155515797,0.6359682751114678,-0.9101586335691587,-1.8200206011598656,0.844252414229107,-0.8810630460156792,1.4325224865526027,-1.0316318594568235,-0.5063990161580585,0.9464392918761139,0.19500899083835316,0.22486213606284067,1.0405549571645274,-1.054134870320983,-0.40013479475828073,0.43753124553992057,7.449770046747013,-3.7125374976902856,-0.05518175786407922,6.8348177729637145,-0.8078611140951918,0.930011519264996,2.6099326443320696,1.6039246625508463,1.5754369353311612
0.657083632911643,-1.3724972754525984,-0.4125186559846015,-0.6021755245973242,-1.8780094027058636,-1.228703399950487,1.0058121525238577,2.4761263200107204,-0.9983644785242811,-1.0074100575786364,0.3427518868651858,-0.7565754649621115,0.37345838765245976,-0.5667766269754952,0.47489806369245186,0.8973745181603785,0.055995511301479395,-1.1643896120469475,1.0391989880792079,2.1243160654923923,-0.7914651386819529,1.8892919882484176,5.341212221826215,-6.501727477784255,0.7012090710702213,9.916646293679095,6.6392013582082745,-1.8292473119487802
-0.6411525144748917,0.4696861903186562,-1.326432728011343,0.054857435086756355,-1.147090031505474,1.6907173670446756,-0.3958104397919475,-1.9489419238169114,1.587022758529837,0.9017430295722264,1.788021653233594,0.10262157389728609,-0.6936594508669581,-0.07327482110639125,0.2897382735005292,-0.6441273211662802,-0.05928615489849608,-1.6781730953115288,2.118143020510379,-4.717373605759062,1.3824117875498674,-4.076891530143677,-2.0150345758558803,0.28194036915947346,-3.268775205447712,-6.975345223223167,7.3626369267245,2.7241542768200286
0.0720672604690397,0.8947272861586771,1.0404682296122991,0.4864789475678433,0.18748658344630198,-1.7234242997845268,0.8654129162393432,-0.9765284982343186,0.5286961985669866,-0.014707593170956287,0.6564263741334131,0.7632123001013208,-1.3023637454358346,-0.03776175668986919,0.5472301379148329,1.063935216938621,0.7697276262416686,-1.9496219692240189,-0.3746780928853702,0.6077702377948265,-0.4732065444642619,6.552378747755706,-2.535100872949699,-5.204104588709794,0.5080121793212826,6.9423319122469165,1.9356324371319513,4.684297381835935
0.5388293371501878,0.5022864150129599,-0.48987973325407635,-0.2970087775049583,-0.9887567434722521,-1.5457569993140698,0.7967955202990541,-0.13872890297697837,0.14984942814655955,0.2598974459162943,-0.06520890066926224,1.7295561596608644,-0.9134367463141393,0.0013145780470058992,-0.11360718108540567,-0.5608624607721442,2.2331480535213664,-0.9416746201675897,0.36637509329470186,-2.053715432201469,-1.0570114377829454,-3.018051647708595,-2.4018328886825544,-2.8861221113274813,-2.9859517388010204,6.290019301653925,-2.977439859707494,9.636721391528246
-0.3834491857501609,-0.28843658675164674,-1.596750713277376,0.8760560771088274,0.6944223612429951,0.2433851611181282,1.157142904919739,0.7945740558350755,-0.9649513367056705,0.12186693285821988,-0.7922348581894134,-0.31676864929111326,0.5143284951855437,0.1245565182559944,1.5687793757120398,2.854682818757079,-1.5660468118492714,0.34710386635125906,-1.3648515495943412,0.41601324177800386,-8.560311703886923,3.702747352232073,-3.027956559073142,-7.153913236456252,4.0493264083502725,7.983510191124979,3.411272719623678,-0.3120114128714362
1.2733801760015886,0.18819622312807158,-1.3715868661081998,1.176387495619985,0.5038852110071735,-0.7969362378301007,-0.04594017310462031,-0.6749019844845192,0.7326321794057511,-0.20856530770490667,-0.8635724384731132,2.6386670487630766,-0.5829560385520662,0.6505272823975194,-2.331865664591688,0.10625660005952775,-0.3019647302125791,-0.12634322971288672,0.05617250122543671,-0.8562635131942099,2.631232029087848,-4.27652668573197,-8.54353605584036,-0.9273983071996843,-6.589244550798229,1.6694130380815657,-6.985933161727571,5.135394083096353
-0.30878651174931676,0.46837897964993425,0.5122146871547961,-0.02286515537096188,0.5337492241390205,1.4655447211667763,-1.7447267574056153,0.09998780044219002,0.2928235411400844,1.3995000190723563,-0.7534322267400388,-1.134602726139574,-0.028355152366291072,-1.0431487886208841,-0.0190238237995219,0.49001552090315065,1.1229331384527832,-0.3415194989994448,-0.8560836375747229,3.9921113207502317,-1.4878014794959016,-4.659555893131153,-1.2286183637417414,4.874458239040559,-2.5529294585382734,-4.938920327172226,2.7836186356721186,-0.7614451527133693
1.3920476126848182,0.8996508193052877,0.34446658414303116,0.5782737860486623,0.9100154142740432,-1.1097991523003885,-1.4297607973562023,1.0915886816501692,0.7979433213243441,0.33358135313439974,0.8521767237217837,-0.010966122388244534,0.9731679231283825,0.4324614636301662,-0.6795149502454609,0.6427971641682065,0.05350349653368975,0.876071338493676,-0.40357255284807947,4.409747644553516,-0.3054962272911771,-1.2674866264943618,1.7639229017201268,-2.7830101788361126,-2.870096617219103,-0.420922644384826,2.249993582525176,0.4254497486815665
0.5951902604703468,0.053237952809925174,1.6826657999146226,0.13117207780043397,-1.175005958274592,-0.950914079339504,0.8747014372708557,0.24510208986434004,-0.33322616358996016,-0.9300867293304573,-0.2217580912831769,-1.2861228478559381,0.27465470134731845,1.0594025836039829,-0.5582563845034978,0.3272194848151022,0.7534445532499601,-1.0201487312757185,-0.08299345411769564,-1.109958076026272,3.270076940800762,1.0570818301280622,3.2158981843592493,-1.9384226592931846,1.9030850659937355,2.1506357590696425,3.8352596637789627,-2.141428781870087
-1.0717880295614328,1.8427838164563772,-0.4426467757826595,-0.013848306464215254,0.45932619758703536,0.018809677193565067,-0.7333122288327057,-0.5273108649769048,1.6353455162850548,1.0640998538057072,0.3694023110314484,-2.3769627581806816,-1.3411700504091082,-0.287248907062646,-0.1172672590977086,0.17862003989906014,-1.6169294227479167,-0.8525715294979003,-0.362920496153949,-1.415145402737819,-3.780575223245603,1.536743601328971,0.6278337737564877,0.43688512278295427,-0.4271570098132197,-2.852948178490219,10.148474731699418,-4.489762311634293
-0.060572699983401396,0.7376227868526476,-0.7918612029273443,0.4898231455205894,-1.6225530473304175,0.26046113581215696,-0.15139922432935846,-0.7994688209297142,1.5637305885470494,0.8521021672436769,0.8414445294851377,-0.0663227177785889,0.10150437014140874,0.6060139444678692,2.4484432335324633,-1.9195161831436278,-0.22894086005662057,-0.006335349619178109,-1.1837142173268678,-2.4326188902186145,-4.645720852546703,-4.182867871488663,2.7669820168901134,1.370938804867589,-1.4897564912925747,-4.280354441210532,0.21143616955174013,5.828951842808635
-0.18678567887895015,-0.5456894939258701,0.5232633309037003,-0.6344832796496035,0.09846214796639303,0.5883957236567445,1.050985003459779,-0.31506655778807985,-0.024313678968774833,-0.1540391130837295,-1.2655340341741395,-0.3554849311378621,1.050038949627597,0.028150139097969575,-0.9345487709050654,-0.8375827369684697,-0.24761567089136885,-0.1330750901364894,-0.4244573443397208,-3.004038812795071,1.4420289093793233,-1.3811444052534296,-0.7578182203659611,3.211799483251423,0.44027952824204497,-4.285106944668638,-3.7979315778230545,-3.679884277774279
0.6742887538727234,1.299519776547473,-1.4090366921025645,-0.28335805468793657,0.3424323671549947,0.4109644936059449,-0.9190374601465765,-0.5548238935561299,-0.3099278080324144,-1.381442934969606,0.3875382430834153,0.5138552179889945,1.9028130070717904,0.5252728643684588,0.6533631287372709,-0.41404229601638365,-1.1182593646352879,-0.21091522233426285,-0.11079965575513896,1.0664765208384857,-3.531918475632463,-3.5263965418643437,6.90804523015554,-3.083917537147279,2.726094511342372,-1.598848893642141,3.872167534941812,4.496575766833887
-0.2105429687115017,0.9415847869330766,-1.110305755318519,0.8964437260435001,0.20746478864446655,-0.4240163349478358,-1.4026354048479148,-0.1766823937020414,2.5429525882703046,-1.59700246417213,-0.075546172311282,-0.660198170183045,-0.15359805338483049,-0.4941772939974042,-0.34134311928641436,-0.24410353627088877,0.46053971637738966,0.21903112040445247,-0.1538618145982938,3.037693925347333,-0.41823128204172455,-5.493971708281369,-6.289019219033413,-0.04209558504013043,-4.944127679321946,-5.814886168523231,5.14108981205589,1.9204941328325364
-0.9926307707899654,-0.7184085853946436,1.8767122395630698,0.17060392698282772,-1.1750873391039374,0.9840983730753329,0.4079857236444277,-2.7553321892946006,1.865924264147765,0.04594271777614129,-0.46364976705485295,0.7362195860401106,-2.5385642643283934,1.0730315998991429,0.6089685763341947,0.9179039083150717,0.18380949547629474,-0.5252280689333848,-0.11424224375350005,-1.2865367784289101,5.876293507378776,0.6032040801952269,-9.817276231325843,6.294709056099348,0.5518839595411534,-6.539784834563946,-3.930763266591742,1.3945788604818534
0.20102738414363547,-1.5316200475812363,1.6261104190971734,-0.18759206150893934,0.0080202174211904,-1.200295065899077,0.5143617831759333,-0.18112250785029327,-0.1629389959520002,0.11724472963486772,-0.8079600667322786,-0.8368875452238844,-1.1128756426988253,-0.7378659769290159,0.7100112137530853,-1.972307669388007,-0.8489636424828064,-0.3364503831150971,1.1311831561126162,1.6794550562213237,5.026928431664144,6.901030536557688,0.40549359616822456,4.878100516470573,2.3867499158762864,2.010257292084877,-7.130207344903194,-3.7131947176536095
0.6313260151772518,0.19851112113013689,-0.8586573072099241,1.336551355695105,1.4392183895132244,0.7430049953811918,0.5379199008463058,-1.0101888513942934,-0.7338402462830874,1.7402447211303826,-0.7993841769486998,-0.014754390205038463,0.14694967650030838,-0.03818207670660718,-0.03013509934958947,2.294203255581643,-1.0374138832132,-0.6762530015238767,2.3813452148327423,-0.3097247955432668,-0.7072705965488507,0.6588109286436681,-7.229990695161393,-5.447305238256459,1.7973349799606897,5.092911934556801,3.6958750287920057,2.3611489570091586
0.3185664227925546,-0.7576694348056423,-0.239473151534995,0.6055555538177256,-0.7680714846439843,-0.7396216478515426,-2.379630601165479,0.8282674352591459,-0.08605832094672965,-0.47258231095732106,-0.9398672966601844,0.08780212112767484,-0.28773579688916845,1.295454601758908,0.9499803967603655,0.21380336190355187,1.2313445559738667,2.120316679185394,0.2509754491683786,6.698486628226249,-0.11700580843731018,-5.474680627442673,-0.9986773162616929,2.035663480239345,-1.7809663649310046,-1.7746689791892962,-2.9774389222289384,6.506462394405255
1.9447654770671265,-0.23026037871687258,-0.5933390167285552,-0.7553888716143494,0.319943238850071,-0.14937921129799697,0.9020234984162422,0.12902934851701,0.22552594349389632,-0.12882798988996963,0.3851453566069505,0.29851053770589697,0.2289909738418692,-0.49214718275493696,1.279290791354596,0.6331891963094016,0.3113325221618347,0.46705351156700564,-0.5551903286669243,-1.538225700147963,-3.6978652839461312,-2.859170309527212,-1.5303832608662984,-2.652925966280782,4.537477897788498,5.60129479460317,-1.5661644468248999,2.3857494056989896
0.2574324880038617,-1.7627489857894039,-0.06748355212312986,0.04453307747979725,0.4875779249873053,0.8403375759277442,0.7549633111429878,-0.30416343672314916,0.809767044251525,-0.2536602026045537,0.3228133560007457,0.1039970663036869,0.6722788309544395,0.9338895081459057,-0.3624155551148145,-0.7975039722318285,1.3656145112289555,0.09894345010753312,-0.2944458183708468,-6.6910551323279455,1.2483999412630669,-1.3750862574107743,-6.6246760598016925,2.079982247252312,-0.784117081020321,-7.428568943773757,-6.171837460203512,-2.4142587012203376
-0.499745140871548,0.3727717375913698,-0.5158860217695882,0.33725873266087203,0.5425218525810009,0.34937849526823145,0.403913342620463,-0.6350742692321641,-1.090700435706469,-0.2503615860334792,0.6694728181386437,0.6942412872492689,-0.6925461469729238,0.8807487356694256,-0.7361630904770577,-0.9904294651354619,-0.8736574515315115,1.4623622657072721,-0.17395314996938518,-5.517361410709267,1.6216039684755887,2.471802847360261,1.5872732047846738,1.69131613214631,2.090712467897778,-0.32569379042912844,-4.904284711781517,-2.1597983234431424
0.6290936929164502,0.23434331084541107,0.536924442526164,-0.7611581080911584,-1.9743857780962994,-0.20925579147444529,-0.2754132497228152,1.1293246337233414,-0.5056156382607861,1.7729877299555463,-0.8496133244856714,-0.29611377325466764,-0.20598288222204397,-0.7662467844170563,-0.5903584720378552,-0.9128284545498886,1.098294091091959,0.1497478690009037,-1.72849153249012,1.2840394017312704,-1.0780550252967767,-7.0107816491076775,6.143761203414963,4.796931043403186,-4.677001627197049,2.1319179308717655,-1.3718466299175678,1.1154192644326442
-0.8768369245932537,1.0290257854922928,-0.8383311696221015,-0.9199056868681641,-0.6010893594651118,-0.4039361600435097,0.07273906165279452,0.07059269402837601,0.575344872016487,-0.5802620717670952,0.43263522127501425,-2.1366914699763124,-0.012607837833225763,-0.7697836512661591,-1.8898150403746126,-0.2844223028686998,0.38485764882658346,-0.5486771108571362,0.9201236936191,-3.3967147651709646,-0.1026353996976972,-3.1530107092856334,2.4361429498352534,-1.387731289910151,-1.9904281202562029,-2.0587237071041984,11.770107928165821,-4.813752998941042
1.3754258497067922,-0.4755135060295173,-1.1658518177810742,0.046353221144985766,-0.623856803946704,0.5070019891313532,1.8264812115019453,-0.4571971142287145,-0.9775247421593785,0.49195484171566173,0.10919260142296748,-1.3266880257891693,-1.623192368818829,-0.6932314074280825,-0.19268036159687638,0.09990565430533871,0.2562885250919592,-1.2914925382309848,-0.27041221592230263,-8.933611868678293,-1.5297909044829565,-2.025147646166187,-2.017465348800233,-0.8794982290336629,3.5093167650888293,8.637217787507408,2.642577505222796,-3.146593826904825
-0.21786089874031414,-0.2017140118754175,1.196854243657185,0.5670801191764693,-0.2031476399937225,-0.0146141802411965,-0.4793430201730379,-1.0732513246180224,0.010345040758207835,-0.20865624537656619,1.224661880931066,1.1849253744490689,-0.6738263061013977,-0.6558660542794842,-0.47214427282690175,-0.43834898247669174,0.5223514067741101,1.4215577317355086,1.336891891298532,2.4934053257407633,7.90260689346822,1.5522995831019706,-1.2638973367526145,2.5873967043638717,-1.8887920577311403,-2.327328598339106,-2.8697037676311474,0.02672396121253226
0.9750233983738978,0.5641574857183355,1.240382295885066,1.4721922330730033,-1.2898514171215334,-1.2772695723654446,0.22001863254043877,-0.14774298408792794,-0.6050827096875233,-0.6767701069100728,0.2005827022845817,-0.1385055962812144,-0.461856440662841,-0.18955433707381023,-1.7647030726910602,-0.05542895661991199,0.21875473432204948,-0.31101032197375544,-0.893435725423691,1.2722074391060885,6.104052571102058,0.239936288329678,3.1463261642095937,-0.12070819812217515,-3.4500924056326157,4.379372988665058,2.523927199809027,-2.0660513164222976
-1.017156196355377,0.2283739490927406,-0.14084253170140895,-0.45888667096733365,-0.7272325497434604,0.21788879441236092,-1.250444428046387,2.205829766303168,0.13033418648516507,0.10936129879701377,-0.7561147609590754,1.8133528051997907,-0.9893789664035875,-0.6682845215764741,-0.39415979672025747,1.164550819872709,0.8847049675312176,0.3991822136654445,-0.03283165246271083,7.2316282227177435,-0.34769945289521265,-2.9963803290327053,-1.6730593384089094,1.0816716507063255,-5.601310445173356,1.9636349963586448,-2.181614279826792,3.6626571234584366
-0.646532454616644,-0.5345904639844561,0.6517804881902527,0.7557765592803211,-0.09591331799014735,0.730634363836954,1.2216651346334964,-1.1455948824330406,1.2290510542593178,0.12099683326818089,-0.17429264415279486,0.4637291541552893,2.0636647880855556,0.27815947812544234,-0.6212165345323271,0.40478670865018207,-1.2119477980802411,0.24120775854460114,-0.11846739496166896,-0.7806032751359271,2.9556918927860076,0.6453831722503758,-4.173071624817537,-0.5691062103627023,-2.7016328167663417,-8.07060169837051,0.08307860911910248,-3.0068671155214015
-0.8516586166710028,0.5229127947344984,-0.03632336989907379,-0.7928827638205126,-0.5137092943738119,0.9065744483245282,0.26324988414818157,-1.0030753073655165,0.10821938388003216,-1.6136874404494714,-0.3461541654208321,-1.4049011649203065,1.1640339371017452,-0.6868690513432846,-0.5413668083302623,1.6298099449170165,0.11741538510749404,0.6511421464726208,-0.01921451376639338,0.718804315350279,0.0448260023230493,-4.3730069727063725,0.3985262833679221,-1.2135363684386484,2.726671827887953,-4.143907738802858,10.156748995068185,-2.9066436860723104
-1.3094479501940433,-1.5334889195312054,0.9429980946674884,-1.2452590285609846,-1.7718457336303617,-1.3775748182925047,-0.5184767632778486,0.2469181624642013,-0.15716758449861865,0.1576825158554541,-0.7436521069577549,-0.6959705910680576,1.489883044077679,0.18690536704249078,-0.11167888555209679,0.48796795470417564,-0.8597277115986216,-0.8837367409904251,0.09941779727715269,6.781010106232562,0.004907919202609013,3.3635724156107543,7.889470655964322,-0.47009018809809033,-3.1805303312398685,-3.1249200683172766,5.083972798477856,-1.5476148140380495
0.9745680260181647,-1.7570721064441448,-0.253602727225908,-0.3648839527396588,0.37134167278802005,0.7989895793103843,0.9054800686202601,-1.9222812048484408,1.362067896414689,-0.9271693947555518,-1.6334759903701284,-0.2153074649931118,-0.9380085780824209,0.1990145348729249,0.2740157645637866,-0.27455258716906283,0.5046307823025207,-0.04019134225169805,-0.33009895434954734,-4.425937647449866,1.518410019830989,-4.627873683385201,-11.872056821021356,5.347073894803929,3.0727232839309964,-4.418711433682944,-7.636346645993254,-0.2150410867148893
0.6798229137848797,0.1599873918828467,0.4983322388349223,1.0800586970826502,0.31720041951554123,0.3981274846711149,1.9658821030113465,2.672433527563542,0.15924550436043974,-0.7138126278915086,-0.6935753392676981,-0.9341754515061889,0.8050548993081104,-1.0216032154127652,1.5416430315843297,-0.7873732322994497,-0.30420891626975777,0.13748811829517332,0.536327068364521,-0.1543533949544108,-0.1658561867355241,1.757431684874995,-2.437962634112303,-2.4016556416152754,3.342149741091145,5.843328084193007,-2.4582363773352887,-3.249361468694235
0.6598202836001762,0.4937687957078505,-1.3300320621138513,0.8950744456049587,1.1556185952714797,-0.10661224711928212,-0.08122502286221543,0.9736573472646366,0.3827988127586164,0.7536135995303923,-0.5254397315210607,-1.1132128532557855,1.0329065996597808,0.8274375180573156,0.6606177266282466,-0.3189609022027639,0.6236574627770679,0.3029066818994435,1.2445073190433582,-2.6019571775338264,-4.547421730410664,-3.3908440167658003,-3.887360495402863,-4.108077345346198,0.5871291088550227,0.02828248265131783,1.1653487012894308,3.3897268059955366
-0.22695051489467366,-0.6481952272812719,0.03386738467571054,0.32799264228283065,-0.3205709514747521,0.502962792684872,-0.29488487308676964,0.9962111114421518,0.5994539934376504,-1.5909798341113845,-1.3841747502490755,-0.45638370704746356,0.7583632264912594,0.5122510875658673,2.5259923053536935,1.347552430671467,0.12737361698898605,0.4263608034714738,-2.4515368029892697,5.197763405076393,-5.625037668059281,-1.4724389500410942,-2.336998066408956,-0.2929650264005063,3.000335821529418,-1.126184831182514,-0.6280250877279133,2.288608479682748
-1.0158382290384842,-1.6236846025373968,1.3606931323830305,-0.09160196881699466,0.38497175371915193,-1.1293158263866083,-0.661667000686124,-0.593246298626897,1.0654297389762353,1.4222745272249522,-1.1599768586574033,1.1731631908063092,-0.6793520571683277,1.7154710271258689,0.05698989285419975,0.9685860669355643,-0.6477324513847692,-0.802358506723521,-0.2291498253587923,4.268633226233245,0.6169165817570061,6.692091965433541,-5.284804098860172,1.9846027632851384,-3.4550505812313013,-4.414447771957029,-6.869466325099092,1.9691794242150822
-1.36095766959758,-0.6900068187724171,-1.6097182156600898,0.4746281447319735,1.4162755968987826,0.8839676369610749,0.4398381618413968,2.0448671996315904,-0.7058397820003021,0.42901853804002416,-0.04250798502385311,-0.2328674165546478,-0.1761222643578383,-0.7020861181754425,-0.3582807381631783,0.31357576278255206,-1.1998701299362102,1.3921834706064726,0.1752111818493977,-2.0171364508963983,-3.0149625737591546,3.9312545049777365,-3.6915110903919013,-0.8886017484493209,-0.5422347412970913,1.5386935614321524,-2.1813631268140337,-6.769165822574401
0.24817902242983658,0.6499529804698032,0.5725585011745882,-0.023755032496488183,-0.16913749680203602,0.1372984620079628,0.5004606362376882,-1.3251427764526873,1.1260172098863188,0.6820330894414388,-1.7480031477157305,-0.11356756437377936,0.7794655372548658,0.9935703474337675,-0.08328368349618966,0.6506375412859968,-0.32602436308642607,1.1852497376826752,1.4393171160741645,0.2516077762868598,1.7363274228673937,-5.989143304798881,-5.246811034966904,0.46300584055033944,1.24823966511219,-4.372442931315327,-0.5248761786782394,4.223506599647688
0.9478255708375527,0.414747837939544,1.0051328603204877,-0.5626114879596568,-2.306823561017295,0.8932794867622599,0.10448259917581022,-0.1310431800868209,0.06662476844341146,-0.8849630394122968,-1.7408782550821214,-0.12044759347505747,0.3246045149115458,1.5206156636338288,0.5699089953841565,0.2650603434029289,-0.1865788762956864,-0.22136688403687832,0.45969451977074816,1.4112685410802106,2.8518058086746247,-8.419854124804406,3.055039753400311,2.507924471301024,3.0913996857698303,-1.3328388017094173,0.6263367262859829,3.980549805054579
2.146368456098409,0.3189951090237412,1.0820210414508693,-0.5964544017982454,1.0694377254531338,-0.9249263601432678,0.16097801994761685,0.9811252370963474,-0.6245561233604894,0.3530593389735095,-1.1947098217215368,-0.2912423767425347,-1.1259262253251527,-1.2513252121623204,0.9094525887095454,-1.5381396995808825,0.591554333132045,0.3785365052473658,-0.759460791844952,1.9564269396816862,-0.4403347963409475,-0.4335901742036381,1.2309382199969563,4.279041488188436,4.612029742747762,8.358738791062402,-9.573320127484884,0.9238751299738763
1.3695702383101889,0.745940861556664,-0.22767165122175637,-0.7781620275568703,1.5661284290438753,1.1634257174902034,0.7977455643252727,-0.9354929128702857,0.3152475013091433,-0.965566110989956,0.08498607456418372,0.3895488122734405,1.7100743792945945,-0.1524948039942125,-0.7440954062689712,0.1779038045694317,-0.044040924917628066,2.0184718284656737,1.9953613712195533,-3.3984359140874116,2.7082013029377965,-6.254937368090283,-3.7129405410913185,-1.1695305617427936,5.499917123142804,-3.52987830198876,-1.0328560799606592,-0.06070527846669235
1.3967203703726638,0.582412247098641,-1.6340620929788072,-0.7803961368611325,0.0917639725745528,0.6748618676063759,0.8012852120519283,1.2180918404651238,1.327638671851562,-2.3833396830391727,-0.1052033851933965,0.2581239967338517,0.350196215024524,-0.4124991436979397,-0.5954445053158025,-2.1216226352304104,0.5428058707215926,-0.9704789408908454,-1.4460664667669603,-6.339220196251682,-2.198791788146225,-7.4535283228293645,-1.2678105943729847,1.2535688163204979,-0.19524724771638186,-1.0883357267221168,-3.5427050594910976,-1.007131122203558
-0.21617074274893386,0.691110111881047,-0.668862492372338,-0.8842170167457567,1.2130714665482218,0.602924463901408,-1.366581810117004,-0.6939113186008492,1.2514095235443365,-0.09414335118788923,0.619846940569478,-0.5168392950973467,-0.07066103405299412,0.958557720840942,-0.15479948902424528,-1.0192694084058431,-0.694463583330381,0.9800686648648262,0.4933066041594801,-2.586655359399452,-1.1443832415129804,-2.187152667066625,0.29826052964319016,3.2315023633911273,1.425556885322687,-8.822053293917003,-0.2326851718557036,-1.221742152528096
-0.5566215672791062,2.638040104045591,0.6248996678691016,0.3291137358266665,-1.0363674104423817,-1.007432942340742,-0.43157601931245676,0.63011861026115,0.9412809567428266,-1.0356296789032469,-2.427211392486431,0.5731432817310905,0.11531422160018467,-1.3472497337747888,2.1822279503934148,0.08952743240826559,1.150865830537269,0.5509819549157903,-2.6237693208277935,10.061790896083279,-5.6094461656776335,-6.066985273352946,0.3318882874124313,0.19637009358659752,-0.9608463711890279,4.394307223641689,-0.11000861276613563,11.313357590688103
-0.4799526674148112,0.30876689139257224,-0.11882571115890819,-0.23382182969799128,0.5367528780434864,-0.748924682031625,1.036394723179882,0.0784856238322375,0.041059712407868584,-0.870591670122686,-0.4516794723146741,0.52485109835445,-1.605667379517674,-1.5924386579003615,-0.7303153375486258,-0.7436531998749061,-0.2331806024911361,1.1695564443782618,-1.697136697295794,-1.2734031224045348,0.10960367997218619,2.447444627269669,-3.1964854103404745,2.9687799689552032,0.03203109068736797,4.088741525215899,-5.709219303645827,-3.383060835199672
1.1075577584069682,0.47850776113388405,0.03073921834337612,-0.90609545509255,1.4025412222504088,-0.887978234926892,-0.32162490739097627,-1.7961402818766792,-2.1884269102773857,2.2949667959299505,2.0983083755234224,0.6150781161241402,-1.1334392010715144,-0.5953084354459038,0.9323150280375092,-0.31057482638498335,0.6103735607703296,-0.3071903850451269,0.03667565164018358,-2.763978503188996,-3.2449309663209647,5.9797950783019775,7.229117094573382,-1.674449597799296,5.469887081190805,8.469216959734709,-1.5237537752096597,4.197130970758986
0.8689187757078956,1.3791141283628106,-0.9822615995204735,-0.5093922172159597,-0.1817742579950126,0.38763749997000263,0.32795700808447964,0.9803736735710651,0.12211513823205486,0.4592906712242139,0.11042483439733833,0.5499478504606963,-0.5514764185639626,0.08844435157899848,1.5483138156334215,-0.10421452485649414,-0.12644198340312407,-1.9187394862432896,1.2232167121692605,-1.253546871052523,-4.52557456587345,-2.0274884968700273,1.921404637196715,-4.063621470755454,2.915699882454327,6.874829716732677,1.807713094951009,6.388298629186514
0.13470109183872497,-0.04010212134356736,2.2434516135041562,-2.359658778297322,-2.833796350681957,0.9474700182295486,0.494845750706436,-0.7453871629974168,0.4952294350754598,-0.5579195679471352,-2.5964350854839187,0.009455915426930006,2.2899185086155045,-0.3860825411091006,-0.9376778983698211,0.26924055768105803,0.6481286846061685,-0.2071910673535777,-0.5930267157469357,5.078941393555342,4.437181895241013,-11.803206021400367,5.092248099929499,5.928466385558913,-0.996074848345848,-7.605258304997255,1.7056149680938026,1.2188120360843053
-1.1852283190095032,-0.6268546342380459,-0.11549123165183686,0.8621820398233827,0.6324335830394066,-0.5380997781986199,-0.35881582998763,0.47793575831629415,-0.340886133397009,0.9800714427710976,-1.774746993165273,0.5394980749931008,-0.2915393585931518,1.0740422126029767,0.8986754763896287,0.427198887630113,-1.8558466739713546,-1.5006794497485747,-1.0726839662465126,3.596325023147048,-4.2225325136756435,7.538478734200745,-0.9960121705092555,-0.2930820005369754,-1.6860590256243169,1.905956584974075,-4.849585501159367,1.5170121359284727
-0.3145309709824445,-0.6734037746696725,-1.3587277845447348,-0.4404778644072316,-0.07036226492318787,-0.6450485188473516,-0.6437580434867696,0.25343844288432427,0.8567248061871452,-0.5862006273385236,-1.2768767201447973,0.10825577961738672,0.7928877484414925,0.4035625436833545,-1.1089781064695063,-1.7897447446061066,1.8359648205370522,-0.5740433862952369,-0.006825419295805487,-1.7325351619061835,-1.9084976858611475,-6.349892168410391,-3.9427939403562724,1.9372802803354665,-5.858519370446399,-6.00532628893116,-3.5922300359594326,3.822578817952502
1.4040813578471174,2.377228773713302,-0.17705535471662626,-0.6503793900144849,-0.6656718191846737,-2.750546458545715,1.2362004369488344,-0.5635090787767917,-0.8269188908846654,0.5333123363426273,0.6030769310696795,2.534303621128121,-2.752739031453817,0.9925636712793349,-1.8973489922178053,-0.587086946960353,-0.6637932867388547,1.8063324639709286,-0.22212376258631336,-5.148029154854908,1.6305362669773458,-0.4392009862251539,3.9360873982862667,-1.808004453045473,0.9038441055133515,12.88272677398293,-6.410822399696505,5.833838563187308
0.0125158317073436,0.5700335135814516,-0.05627241006989289,1.4455509566265103,-1.1789970150113902,-0.47704490185710496,-0.27702669430612964,0.8492166125635776,-0.9630723479479699,0.34788637324413857,0.7094304544826383,-1.3300703334322606,-1.6719484660376218,-2.4217162045028036,-0.6971878082928139,1.2132259351205663,-0.9048770995987011,1.037363186383639,-1.2930126472563852,4.308361294527223,1.6807818151353284,1.2873312194630309,3.252090508339978,-0.13276133874137924,-3.418422601121579,8.704517624255132,8.553349036732872,-6.6318940368535655
-2.124924303869594,-0.3371047475902798,-0.5989484914111124,2.5340093577068523,2.0103214521450847,1.2088868457724884,-1.17242387178557,0.34264133386448364,0.5276017066079353,3.076632249556391,0.7940597122846588,-0.7654348174701854,0.32830904125156724,-1.2049264514077869,1.620695568681124,-1.3452230763632587,0.0939797099881996,0.22041333650875225,-0.9554374099767827,0.8025393945604734,-4.844415325679335,6.300892066183398,-4.954444990270155,2.417967991360416,-6.40130573055933,-6.846727228006143,-2.670742459051452,-1.806435451574657
-0.32897795034808625,-1.2602417728507065,-0.6141967546199489,-1.2273519540921738,-0.8295268548687699,-2.195739184720264,1.0998409814130063,-2.1057612296123502,-0.885868171651021,-0.9231112997672793,0.24504607613312537,-0.8756235751129562,0.7765359405010234,-1.414934002912636,1.3214373964771267,1.13456358805008,-0.2454968185607516,1.3635628351800766,-0.48153800583668394,2.079431406466698,-4.147468069852693,3.1307112767664407,3.2634289965013643,-4.6927507840939695,5.132596183601117,5.177929627850033,6.340945934162801,1.720299486344663
-1.4396008664701787,-0.43884993800376226,-0.19268076678994847,0.36062083959145025,0.6733173609024827,1.0689464462706182,-0.9598302489514869,2.0119437567543055,1.0299251350749303,0.25941580390424124,0.3514325554190615,-0.32636377802433264,-1.2361402660199081,2.109725612279842,0.0765101394570463,0.07953642290258021,0.6516570529178095,-0.5505870785875584,-0.9136082567915004,-3.501269676144676,-2.685455955951897,2.6762163691041967,-4.496796969326966,2.1676275334724098,-2.3051031695349464,-6.09607138584258,-3.1295722122591827,-3.212219907845773
-1.253288467074956,0.49354174203297735,0.40440341090849735,-0.8625122708565002,-1.3244902788782316,0.6772805515987177,0.02368307131470032,0.30940130869230487,-0.628821591010128,0.8768379906066031,-2.288475508889549,-0.6863518949364932,-0.9644468829512262,1.4973691678221825,0.5835019089503146,-0.007224338804510859,1.216076233392624,0.9062026211286471,-0.03814397398855606,-1.6209708973033339,-2.3949126882092604,-5.8287504100853,-0.2620930782290191,4.133162224619206,2.009427654255443,-1.4584660967880527,-2.6016988198303825,4.478977173916357
-1.9426414731282642,0.30889010375017817,-2.5565497663793786,-1.1635366101764169,-2.2871498651522004,1.4319000384699867,-0.8029241522050384,0.1444539335887063,0.11037652685974148,0.12060522605673883,2.2131718600782273,-1.0621277104392854,0.8008274209500239,-0.7178609534947653,-1.6875794781087992,2.1903254480790193,-1.2611259259488807,-0.31549198492439595,-1.6633833352026837,-1.9727238693565499,-5.450441552959882,-4.67272940941849,8.594184897671663,-3.204641747480894,-6.2090526163526185,-5.031383183489859,19.730987718524737,-7.075526582487892
0.07716983186996283,0.9251664778729781,-0.5019382307839824,-0.887555296950734,-1.229638300414761,-0.739643754530443,0.9660700918687202,0.28800453305573714,0.6841318585591228,-2.642215693170614,2.4657385490789774,-0.12775011541314796,0.601815984408968,-0.640000113637646,-1.682006399232947,-0.20282992759272697,-2.059693161246934,0.6602963912366773,-1.189366862357296,-2.6080146471674888,1.9175622807417039,1.5564886235621365,8.949045490697399,-3.1138459951988766,-0.03809289950963948,0.13182327941982494,8.868179012883195,-8.75410584393617
-1.1767261046380446,-0.03218064676584222,-0.7634410003449699,-0.5847326605367681,0.11779418866552471,0.04035199303080996,0.5187578177967909,0.5852237501400287,1.2766880878083917,0.1959224761463492,0.42864738332018315,-0.4428600002088934,0.690321602879595,-0.5824547031395255,-0.20216614793469428,1.2463831410266313,1.4472901849016777,2.957695844375623,0.10620242532608626,-1.4048047826987142,-2.948341809883523,-4.436049241079684,-6.8331638482568495,-2.0568339569613867,-1.8187322399352133,-4.317902440531557,3.5461547579196195,-0.6494790801768763
-1.2612459965143428,1.5699325370555026,-1.8781053647129087,1.0740969392695217,-0.20173099851465712,1.4596114603640349,0.17335248740507053,0.3679989352805061,0.14760623609104107,1.0643634430009852,0.3148682652291615,1.1447651280852373,0.2844358736047296,0.11257865036056107,0.05781980476403501,-1.6266137164363659,-0.12447491995758493,-0.38892095250945,-0.965060618918943,-5.167978401031957,-4.173800139467099,-3.204481320383852,0.37363387109587576,0.2506985039052255,-5.298057873859234,-2.5864194558031772,-1.546971139857266,3.6670655284088487
-0.18560305729427906,-0.15205089998867935,0.5273877499977027,-0.22024262173597423,-0.9298890289818235,0.04995397733733994,-0.43605249904856275,0.17874013336224642,0.1874089890547533,-0.177010156848345,0.09936187382578116,1.3695727856556934,-1.047762526835175,0.6659858911703909,1.713683515770076,-1.3099892486973554,0.47025242084214264,1.3190359269346792,-0.5958056559427263,1.1076536257499614,0.5408894308554368,-0.6652931705002993,1.2209706055990057,4.4741170958398495,0.9698904062271129,-0.9264416270370541,-8.587490476326263,4.873236215403886
-1.1206912989549545,0.26877848283616784,-0.6471968115663146,-1.1258027686205287,-0.016417867072958406,0.4416509640113892,0.7300097367664407,0.326639739182124,0.7368481025653464,1.017232686559474,-0.27103600452411736,-0.019937491142520993,-1.179929174542742,-0.14438566675679843,-1.6710702675388622,-1.404321531725081,-0.2508013712223335,0.5396909528400009,-1.4029679981562468,-7.294749335977143,-1.539231062975646,-1.845171737190565,-1.5788382569261112,5.2239824748714305,-3.413174221172025,-3.814793060378668,-4.433352964850935,-4.728669199709889
1.0180328764599265,0.04883150275411743,1.2380928665562534,0.554781090989569,-0.4536221216700456,-0.28417559862392466,1.1279599165551848,-0.5180988435355324,-0.47035630009775187,-0.6781908852509826,-0.986665197852908,0.9664549929372418,0.009698417933503109,0.9584852050174526,-0.22496640232233153,0.21879093233121086,-0.2671761865597102,0.37937282001653755,2.7971377390451626,0.47313313097319337,7.37283196251116,-0.5758254352552172,-2.6642240335319074,-1.4361063986562599,3.2160574461652134,3.3727960372161854,-3.7901010587955226,3.4223579731973794
-1.0645678390129847,-0.15100679385862845,-0.9311854067772605,-0.09750674839264561,0.3769708237699763,1.0301652597364268,-0.7661286231800502,1.173686300721574,-0.7582394923122431,0.355072441177666,-0.2449298710533873,-1.06889232291205,1.2165600690531913,-0.9677476818043992,0.5870389235685674,-0.28385076964720357,-0.6785877257650873,0.5377605777576564,-0.7630254956336431,2.1846193549507897,-4.35816313429652,-0.2585420576609059,4.199095864256586,0.9407913020896259,-0.5251283697356722,-2.291748351038264,2.8731850568861788,-3.5544162332798406
-0.4031754604600716,-0.17671646421507872,-0.08970244094823183,-0.4163630268277237,-0.21205213897644143,0.8383517383635374,-0.695410620436078,1.46994500998286,-0.7249962345228643,-0.8302942956694711,-0.5006415397960502,0.6149911268881139,0.5549938179133478,-0.5832107647123903,-0.27928322050177695,-0.3609848994617332,-0.6607476012012953,0.49271019541082123,-1.4231947951281103,3.666137773050712,0.05496378243998806,-0.7748159566700654,4.660887588399296,3.1566145384554316,-1.3779175810818798,-1.0784259542361003,-2.852534839258196,-2.8933157436397554
1.9898183655831296,0.1790397277956259,-0.8727350846216696,-1.8493264796722038,0.4826076553334429,-1.2591217543314095,-2.2642297505189304,1.3387144032864855,-0.45113783012316994,1.5029920545352755,0.251334198564927,0.14739958743902956,-1.0985303827234716,-0.5027110483362072,0.5963965704414986,1.258309133321268,0.6953901941962883,0.2392254785389086,-1.9484849220288405,5.344828432220858,-8.259579373343836,-3.7475034830624687,5.615872899738355,0.16130985320289024,0.27095728592259904,7.607358388285181,0.4692333764814698,4.254397908082338
1.199473171863695,1.8862679145585157,1.267033304384721,-0.877487617929412,-1.1074278866719063,0.7592703575013809,-0.12892748539335733,1.1730043142887472,-0.7348754584667199,0.7559145784743327,-1.0635108193664848,1.0928914690858025,-0.7327218359998849,-0.290969442045598,1.7280852996873022,2.4080541228708965,-0.5927617994363116,0.16510934817025893,-1.5090360872731432,6.841933524626955,-3.292970551822089,-4.131771649891264,5.593417500144326,-0.3888119205650372,4.595639018913901,9.832122362590137,0.6597731588005378,5.3600749407876505
0.47108937306248844,0.8847266127253699,-0.6283697385761776,-0.17761450173995888,-0.8934896130118226,0.294798892766486,1.4612996296059229,-0.6793000483135739,-0.18971089057200113,-0.5660687021892393,-0.8157008997443501,0.7119277260078303,-0.6645065263920091,-1.252055957783474,-0.481267456186744,-0.46064775348942766,-0.21225743253672855,0.05242024361391917,0.614255027245139,-2.238857853412804,1.8158186413045923,-4.8061364222553395,-1.770677051699108,0.3824942133690589,0.7932949265088434,4.823373848600053,-0.7802985952447418,2.3760211269083427
1.7352610277298703,1.365871983014994,0.6356572393136258,0.47757592227994095,-1.7575510566104493,-0.15188569397767526,-0.003511097492480735,0.5643398230202611,1.2608353987388412,-0.08321082827157267,0.19963934784308027,1.4902858864694657,-0.15894818387748313,-0.6342536710430389,-0.8440992198410382,-0.9913753093086611,0.2824894388129424,-0.6654317280185629,0.1836777186247965,2.4528608291172618,5.184297983801243,-7.440372373627915,1.4120992521651126,1.4607617308682364,-5.71782393822026,1.6631176839267126,-0.7708372793430247,3.9378499607002397
-0.5797202926822859,-1.1303403507818421,0.47409496368471726,1.9641058814199233,1.111844504490908,1.5098192756439455,-0.39301008620607336,-0.36325823421849496,0.5247908829709048,0.44968079559832486,0.1537952869040994,-0.05345208484591597,1.89870430162589,-0.32600580463261986,1.3206580015775904,0.06076180174591602,0.48660085918843127,-0.1695276213069599,0.668673090884547,2.9980393855417895,1.5669964962732434,2.0489536710192304,-6.18286972190856,0.01868034906977141,-1.983412053020895,-7.634993223251785,-1.293768876917665,-0.1420031321566551
0.5843671615495861,1.4887332819447718,0.6530599861481738,-1.0231931651186292,-0.4416005397977036,0.15096960788476207,-0.6353695553982633,0.4332886527319342,1.002323629874608,0.5632869472502717,-0.9698792359469838,-1.546486933846701,-0.8324004425133797,-0.4936113720025356,0.2557987592896499,-1.099313246287676,2.4044270753943495,1.1599541115160181,0.3427180186025317,-0.4699840078191491,-0.6636915639490027,-9.913056466536895,-1.3932114163659226,4.995359445184772,0.8260786968879659,-2.282570646974585,0.7225045780198118,3.1381791227512634
-0.30385339030748926,0.3304688075788506,0.33605040946598336,-2.0239428297962636,-2.6302571479349135,-0.42085689612829935,1.5881459046511823,0.08551637404176483,1.6075588510627372,1.3194828485610253,-0.8351718416486384,0.9415577695838488,1.936492069912232,-0.16549728138699496,-0.12073103355873543,-0.6648875235980345,0.44432092976547005,0.2484039999498418,0.1297216436152488,-0.5609053045264042,-1.5878194373556458,-8.6562199717379,2.7719852616422287,-0.17275493379315487,-4.368732557261782,-4.090849685976312,0.6499725494677645,5.26752004340862
0.3349939494110698,0.2899845955059607,-0.43910792085656825,-0.5953060451044272,0.1181508206615208,0.9303729922529422,0.8101564552591177,-0.04547613096519814,-1.3512312084123845,-0.7389354080850038,1.2313378983909713,0.6195796268973578,0.6188952026125021,-1.3489429289735233,-0.401445111154381,-1.326798674225381,-0.7627534709465674,-0.230638712402632,1.2371197652268262,-2.7974952435190104,3.1325315449026925,1.1334056177941112,6.164072640480399,-0.25191268524662486,2.8320186129761304,2.549436599584355,0.34740876313417557,-2.935008381181557
1.5311236295840165,1.0838204620365737,-0.5880654246579812,-0.5778060096558406,0.21120227347563095,-1.278310508396323,0.5970810853354074,-0.9427385403724247,0.44135996986635206,-0.05006647317163355,-0.08484065244406407,-1.6680953634801097,-0.7927592592625262,1.5960344136485705,-1.6078203460942684,1.8787970693848135,0.5049149816970298,-1.1314069567669804,-1.4709949727992004,-6.804614874279999,-4.194358530273404,-3.144735988060402,-1.3913235535692752,-4.78679564820994,2.686800678764033,4.054609378793126,8.074125325238722,-0.7446262932487436
0.14960251806686706,0.4332148440384448,0.5443603810362398,0.6138710238550205,0.6071258270434072,-0.8341736965134954,-1.1764623580784856,0.8679180858451564,0.7825450303707229,-0.6248227392962251,0.7030484980502909,-0.5003097110756428,-0.17033293584548365,-0.15144597586915548,0.07941967620942901,-0.5386772405563153,-0.6108525896841759,0.13645735204818707,-1.2455604883501301,3.8508996676540215,0.20741811887634046,3.5164505110566466,2.702268675347767,0.9625734674831153,-1.7717133562623337,-1.1536134046316673,0.31054372553442705,-2.973592662900141
0.8148315852138305,1.272652092317735,-1.561112848623099,0.05112043591388546,0.026360925451472797,-2.6634671021610403,0.43265919786647533,1.503921122524302,-0.10749754575702745,-1.2953236376319037,0.2637250914952812,0.0855161065594736,-1.6901550763463116,0.11359083666592737,-1.3328569253038303,0.304906395304406,0.4325443430562682,0.6723968619313581,1.031518599858614,-1.666915024318764,-1.5204440797658945,-0.4784884411352899,-1.2632175831156165,-6.645656064748632,-0.35963489878897026,11.333116542680523,2.955865484679257,2.606275549929442
0.8732849235160501,1.5041330019160348,-0.11367255367700842,0.5698894685932124,-0.03835294834322648,-1.753165761064815,0.17979534694172192,0.07291005029871304,0.9544904992840817,0.5383534471825295,1.1152741274025715,-0.8090902456465427,1.0492462102937263,0.4178698611183763,-0.2867154188979292,-0.024540054631647153,0.40101780056777137,-0.9569699462437964,0.7807839013133677,-0.850004355434179,-1.8170765576001078,-0.3307291581880437,2.4904151740567833,-7.182700895250038,-2.1790114145342674,1.9350055505464092,8.202444927820885,3.090347270146282
1.3499359848116252,-0.507090469474753,-0.028162982325415576,0.789923794215973,0.5368592654720906,1.140142495392948,-0.550351086362691,0.7148296032430295,-0.40391890853749685,1.2471441586489145,-0.2229848407992693,-0.7215558576910039,0.5525352524724357,-2.440499193299882,0.16450863005921673,-0.47127006191395937,-1.2068469805683524,0.40386585539722825,-0.8822617103263739,3.8072074791548145,0.6708709085526268,-1.8543927894886778,1.3522060879802456,4.101283727016232,-1.868173585793423,1.4000214989808044,-1.1684533324660358,-5.639957225536099
-0.5697874686611383,-0.47401352347726666,0.6702574441796276,-0.3636679205650785,1.391019981160527,-0.8241415630596183,-0.35791825892029305,-1.4532767637235162,-0.30546021524957556,-0.3762945546226591,-1.153205469706404,-0.6087691069715925,0.8513653787078004,-0.9979371955688218,0.5651987477560502,-0.6236490473706411,-1.6818056020229666,1.0298517896897121,-0.41498818751391764,4.941285013918266,-0.18139620021283717,5.153728396232688,1.8855116435335946,2.766660938778074,3.4748356613695894,-2.314535773914255,-2.972656469760319,-2.103287426063176
-0.6303167166864615,0.3107299230476365,-0.02714214335735224,0.3941320120915822,0.3191375098989003,0.16538943146940116,-1.2842337763127154,2.487927750768088,-1.3704269684484627,-1.1145404281856834,0.8139869723955397,-1.230984291746858,0.7842186018631241,-1.193079374048107,-0.4728731185530365,-0.12966392529547438,1.036483852577221,0.7771231980790224,-0.5780594816470092,4.279478901466393,-0.5734084186717716,1.0259785923115348,6.321191688524965,-0.5150460910362256,-1.4284133388040299,1.2368923274441999,4.82601317438623,-5.229337862151653
0.9940803691117299,0.7455407338824122,1.3493157586815276,1.116800793012355,0.43363988551264704,0.5581608686179405,0.88401502385511,-1.768190756694371,-0.5956416450887988,0.09616443662705193,1.3272994168077854,-0.17427191371641212,0.6232318999872302,1.276624999586297,0.6936153453053824,-0.004034599476964624,-1.9543846767689557,-1.4910631571311852,1.0395781850661847,-3.1912032392767764,3.986005954560995,6.552539037674222,4.812388726095118,-3.0803301698460195,6.165363220525454,0.8741546917432573,2.5905477791814038,-1.5642194774600482
0.6679167584709792,-0.6174615978910324,0.15037184225508243,-0.08915951991307852,-0.24721724656851254,-0.24360859103476346,-0.1350967356759615,-1.844892345235264,0.7397269904912079,-0.6571748182540376,0.014064491461963799,-0.3945508578743166,0.691987467953255,-0.26042776613988233,-1.7794785139692757,-0.991715345215035,-0.5747569249559895,-1.4245286434661266,-0.30593354708579,-1.1910802309595931,4.356491802570657,-1.4115230797479532,0.7710370429072152,2.5768952962551794,-3.2804810623724805,-5.6707598505382935,1.6978960257428157,-3.4216143207144407
-0.6720376587565975,-0.05963737338840992,-0.40191958780593007,0.6778663062042666,-0.270407761975473,-0.4782726326087756,-1.1629060905936983,-0.8704924480456095,0.27711422293882076,-0.7872260721058582,1.45304889057462,0.6192715964987097,-0.527190645653573,-0.07209216538500843,-0.18072612756547957,-0.8082698160832109,0.08749359768108537,-0.6724415924819614,0.8584885462606843,1.5100066990907826,2.9619912247402036,2.923509949232836,1.222110425427371,-0.26775469557785264,-3.399605980354487,-2.434290774748125,2.3550604766417083,1.4428299047716386
0.4298661989849325,0.22258085917635317,0.9009917681648807,-0.23536723445805263,-0.46388224963524144,-1.273480577287195,0.35976903188741444,0.31661640095152876,-0.746354552482882,0.15179151129366159,0.11445968916525011,0.6538264104286017,0.07432494184699225,0.22421584578671383,-0.81780229210114,-0.15964798807552646,-1.462880758166048,-0.32478487637837283,-0.5394417968063132,2.019726407745684,1.9684213206138683,4.420168299669148,6.827800685965247,-0.881796556817777,-0.43008378223333255,4.351891245054981,-1.3909825354163665,-1.6233468671888858
0.02075443361679526,-0.7999669364307473,-0.7613448408421843,-0.7970075695612056,-0.15150851938601112,-0.7470044280659763,-0.911644317262573,-0.09834169133457447,0.26105929750387175,-0.19639626635094193,-0.8470565139305359,-0.3745931842503105,-1.2770751230714756,-0.924378311574267,1.918841761336706,1.2558189153527841,1.2217897276155338,-0.4760166016124534,0.8043892858550117,5.2930246126408385,-4.241550456323627,-1.3798864441495715,-4.351457891773825,-1.1714678987214793,1.9578346284538972,4.559805291961554,2.476152337240042,6.279272041130739
0.43494009791102634,0.4850380323590126,0.25267654724101074,-0.3964755706085406,-2.082922002541528,-0.7417522686831541,-0.30898388826394574,-0.3955349673141783,-0.07341949753859754,-0.6592521637652422,-0.2251352331030181,1.0109026799671157,0.8523483633730694,0.6809578521318532,0.9271272568284047,-0.609798007206709,0.24595811191526584,1.391751842393545,0.8423308828944063,3.6118695038254494,1.6066886484585212,-5.763238320922485,5.358578770457078,-0.3891982910586154,0.3072948933299088,-0.052531120554839314,-0.15380239079840255,7.976429143219588
-0.3856267033341507,0.24060867757689655,2.4179385239229685,-0.3342114298158745,0.3921842523017263,0.36904266153730886,-1.172211813204852,1.8148939884304698,0.13441574890976424,0.5427373120671264,1.1310393246837003,-0.801994817344295,0.996912808567651,-0.6336005838386848,0.5671359603037341,-0.885717402065746,0.24148315057571987,-0.08383122110954674,0.16649033669794389,5.637654745500768,2.8400108735586325,4.747945497765822,7.662369145208435,2.54361220292727,-0.4567805893909073,-4.383324524616763,0.6201578897802805,-5.137160026315308
1.0874929339589678,1.1531415767608024,0.5099290373111132,0.6928144023625223,1.6763116655094308,0.35937351361811126,-0.3337992368143008,0.076024514496566,1.1386385737952671,-0.45658542959662257,0.9154364914561272,0.7038898017317768,0.8086995280104742,-0.568059023616547,1.2478535100575892,1.488728174321773,-0.806864887893323,2.9516106526440793,-0.23347594302517033,4.694053024500069,-0.2502621002873948,-0.5259060190369207,-3.637292345994122,-2.2562572003594394,3.7469218002335896,-0.17866526336243743,-0.7219109898210834,0.4726766476268933
0.33635181706339257,0.10567187141013942,1.8398417293960687,0.8570084038487785,-1.0371375073960944,-1.8869397143039337,-0.7895303499299127,1.0448327853558654,-0.0901924723313047,-1.2514515372983919,-0.30904291560308117,-0.860738559506027,0.06651061454883539,-0.0647552729653758,-1.3285780839244878,0.9411098719951098,-0.42429055368544244,1.2679614746751102,-0.6088315129834591,7.993458877626805,5.79463847161886,1.6333088784683465,3.995105574043572,-0.14296569214894086,-2.586036304279966,2.0457584688827395,4.134726396813148,-4.233130317247693
-1.1701237032314487,0.5253268729747254,-0.31971451725635436,0.9579420129510565,-0.07143064521865372,0.7577988037753373,-0.5713899684316499,0.8224536705277664,-0.29466548975592355,0.7620394084396778,0.2843653147365171,0.6813011752627874,0.7939867094431291,-1.3418602717829509,-0.001241688459544023,-0.7091885237720472,-0.09246659897483846,1.0602686319609784,-1.078325282011443,3.125640743911293,-0.6407716498198084,-0.5521769327317805,1.8437961223080406,1.9232358414063202,-5.337561379346956,-2.3412056931483227,-1.044448906303053,-0.4013079390786377
-1.7574446468738862,-0.08651790220131265,0.3880656201218057,0.46640234704867156,1.132608715289327,0.16802282446546635,-1.178446747437686,1.1032774615128869,-1.8386573705049825,0.6746898276847897,0.8677784035497065,0.7646013922296315,-1.2754995936299465,-0.24400231602018493,0.02827879837154809,-0.6549581043796392,-0.06192521566961544,-3.293923839519984,-0.4147804649864946,1.9418668035530278,-0.550579281697033,12.413909132983033,5.396663213498531,0.17583604931553184,-2.5164086805326633,3.638624282342008,-1.7171588652967513,-1.783166096743605
-0.25489181222392965,1.4621827891739367,0.07472092043235593,-1.383916721163218,-2.145181414507254,-0.9399817713210459,0.14526352171658075,-3.3108035739043595,0.011208060251201385,-0.24418166517489126,-0.5293228525046388,-0.7103043312345781,0.3220203368257329,-0.31431355266508104,-0.323566360121742,1.3593100804260339,0.21005928741915567,-1.5004066743714728,1.9691356228824328,1.9379580266640988,0.8685517550572902,-5.345403605897454,4.607713535948103,-4.00374937951354,1.7881072319884297,1.0872021852758489,14.712583730104539,7.634123021208228
-0.21525407884468015,-0.5700878503571348,0.4491901936496687,1.5966111503131752,-0.11904769124832296,-0.5830778244224653,-0.7176394319444278,1.7963641734291182,1.9529044683899888,-2.1061331985601135,-2.1216464668145867,0.06354478286400453,-0.7550906200259474,-0.16800429693706143,-0.7805058666784143,0.10497672558827897,-0.43922554832191185,-0.2408965469952802,-0.6830324787474333,7.214549886370976,3.8607283310879237,-0.8223237076872392,-9.091852886269205,3.1225770422014443,-6.233176167285585,-2.1217694549967088,-4.087958213108505,-2.4542654356498863
0.06484640162280556,0.44408335670896204,0.2790267059250847,-0.7726675471043515,0.3334109064404496,0.8668995663292967,-1.1319964907746891,1.0880401825905797,0.9657861773944971,0.26110161752867594,-0.4220020577501765,-1.2014275756808823,-0.017433935893786168,1.6045631070388777,-0.35838909330864815,0.5795433356052242,0.4385190297917707,0.6540733019561193,2.2039311433424857,-0.48100978299269903,1.1186803161058498,-4.983687077089524,-2.126036348307504,1.1054512549769022,1.4940950260096566,-5.697675289262338,2.779262110192234,-0.6954829785257468
0.27994323628592416,0.8727289409458818,-2.3854854821806994,1.5305960329422519,0.24733306344028738,-0.4149541868625043,-1.375462281078168,1.0102046627405465,-0.9160489804355885,-0.3110995356159102,-0.16731312339110818,-0.25933838610027676,-1.1329689430733865,-0.5322098413013054,0.7092067843088183,1.1719736001001346,-1.6856106164844022,1.3785844499292403,-0.76033966600378,4.411460646461676,-5.193195698521954,-0.8031007261221781,0.8294705198068131,-3.095734045502104,-0.32448162660357105,8.417943282496063,4.411717626214365,1.6239006491487824
-0.7037166319719601,-0.8873715980164285,0.6355181460239996,0.5865645190979519,-0.3797126967613283,0.8402163712913033,-1.2370113497611113,-0.4836590468475381,1.094809549616822,0.15087314731801446,0.1103035367259777,1.6678454104388094,0.5425094270336397,-0.26169416234906506,-1.6262934748976536,-2.0504609000386105,0.7315025845250482,0.14364078623023258,-0.9236611378692193,1.808964529655787,6.348092249493913,-2.8715280158051155,-2.05679033912213,8.250446035574031,-9.840529671823024,-11.939131087260622,-7.954128891234506,-0.9745354672938454
-0.9421942799362063,-1.4374333882236607,0.08316661870438648,-0.3168101066548065,0.49844462965853925,-1.0390115218212543,0.36741372910723435,-0.4001768482480345,-0.1087196799239182,-0.07619803405356979,-0.6050936792383806,-0.5299632137559813,-0.12928540286923482,0.40219919770386836,1.2143100405750213,0.1301567814013793,-0.706896900920601,-0.2066399874248686,2.609229898902084,1.6203903586994763,0.06950015865867587,6.957466813860076,-2.8056498075990444,-2.186317369127896,3.560491790652591,0.7910352769843565,-0.8235918030227733,1.0731608042153038
-0.8722842385664547,1.9961705663442675,0.5933959001756528,0.31256333894901656,-1.048484481866834,1.2433885809684153,1.2254689692539382,-2.5664359098222302,0.21027931272526004,-0.48058414158726304,0.6109785308761533,0.5619450300614105,0.5546947033636994,0.9203974129793097,-0.04343266312001565,-0.030346142520327656,2.2589574677985333,-0.47762279246275946,0.5374870790092439,-6.743846540435082,2.1385831260167296,-5.440291558370352,-1.8047957147037585,-1.787366694530382,1.4868261270108356,-4.6660481181522035,4.461296331870629,6.710270557649693
-0.9744971437426826,0.9053644925384792,0.39778236942874684,1.7188552654925018,0.012923648012303987,1.3189624521391412,-0.4433146180857848,-0.12359702940258999,0.44585438760875495,0.9426655663941558,0.8998741435662568,0.7281657101841191,-0.10363113983990285,-0.7631757041528311,0.4646705455900888,1.8806938469438104,0.6254522459056736,-0.09656973924995914,1.1908052128130673,4.040878297078226,2.0427290904733817,0.2620630055435597,-5.1894589264857975,-2.895530079427367,-3.7602701416460342,-0.6988679555082123,5.736667547051861,2.347816991209654
1.2201084993234865,1.9583784129584632,1.4904619153197765,1.1560672517552992,0.6354649603365097,-0.7984569887072068,-0.7941885448971465,-0.5512115846432853,0.43869491047057885,-1.0378168394457754,-1.1683540032923505,0.5668043172408181,0.48895244702563534,-1.4381295446555016,0.8445846004017646,-0.8119498892310218,-0.09542321242303486,0.4375990699686512,-0.5816851895092383,9.278962048693185,2.916005423135904,-1.9624506043889272,1.0940031064354692,1.5492307666260126,0.6687167258749284,2.422999365188358,-2.6688995018930384,5.592974950239348
1.123471596553044,0.9420284337868531,-0.5005896668457347,-0.03111511327559312,0.31045456672605276,0.9850144050259779,0.7251668928352514,0.8079417393791657,-0.06161823211113165,0.5362307504831977,-1.409244253197582,1.4284696692067975,0.47332352319233406,0.1924620935687248,-0.6210599934232371,1.9135033370271606,-0.23900753782767845,-0.07751230941964114,1.289145495697147,0.812949967251453,-0.3378428141519983,-6.099168617210876,-5.082020207293674,-3.388670134902098,0.07041070011693162,4.713030922905218,-0.8252549704664434,4.546384293078132
-0.49063920957649065,1.4099659319585645,1.221619266290212,1.9291541930119234,1.1760387756853363,0.36356586932082247,-1.140447666876419,1.337015187731988,-0.9786886143317504,-0.11681097272001,1.2909554165059414,0.7785132890138607,-0.05700361955021322,0.36383932264462876,-1.0368151568656627,0.6427983659767991,-0.7264379315176213,0.9048841817883871,-1.9205004027853074,3.369087998303696,2.8502576666222335,6.15189729242728,4.27924856642329,-0.07811712726276401,-2.3888306814688316,0.574925886002422,-0.789727748897913,-4.801146647943337
-0.37119632215139137,0.17992994586235148,-0.13008716329956,-0.903844913434815,1.840356399056545,0.09030818087364822,-1.2880019331875143,0.2255843378902244,-0.049573704356363824,-0.20429592643735042,0.47152475239827263,0.13018119741725245,0.0648216108222124,0.04636335660802758,-0.622318581103205,-0.4009814285245557,-0.7906472296752837,0.6491533692091478,1.7359559362944699,1.518507725053692,1.39003535339578,3.03756822328041,1.2489231648200663,1.1502588966302607,1.4923510636198332,-3.4252292879257467,-1.3442918351372901,-2.1189964389539235
-1.2059916410891054,-0.79006149288589,-0.1693181832079399,-0.3597173300839137,0.21353664536538672,-0.3962678556290935,-0.5491401653232553,0.09465193603926561,0.5926406695451303,-1.3207394586199581,-1.0824421985504946,-0.042087343277567725,1.096926468651221,0.6897013364863233,-0.8426230388443956,-0.5137313801916327,-0.19349113542738294,0.17148486225821374,1.0821119848275706,2.0133525525205047,1.870465945864404,0.18873720931225052,-1.9131605495154542,0.7624612140787866,-2.2051696534363243,-7.096229727903867,-1.0714610538871727,-0.46871619329974457
1.7606298986420972,-0.4906477556143119,0.42546887820235585,-0.15369030807748957,-0.044801122253420256,-0.7586719768865101,-1.268617360237205,1.893397364132235,-1.5756698028404628,0.7877855234547474,1.6954303705910323,-1.5062238643248291,-0.12795082965556875,-0.054719826420327716,1.348769817461462,0.11055826577777884,-1.55516699601109,0.043076335166429607,-0.47017632823263605,3.734504157676152,-2.0293830015449448,5.668793577680082,13.04853850153573,-1.6127921032167065,4.12836660407703,7.59837786538165,3.8509631117815277,-4.9324496513218525
-0.9093332939789939,-0.4710779059169427,-1.0966360184592794,1.3331835855942606,0.7057333877813416,0.17230881383585706,-0.2860947319380104,-0.7702361586716074,1.8081356470504106,1.2622674280509787,0.04118840794774956,-1.0384494014896806,0.05529356897649909,1.6536172110602618,0.7811055692650131,0.09037159776676656,-0.18611455557892578,1.6050547287078993,-0.44727908297395075,-4.1237341016965665,-4.386344898552197,-0.8416301074589246,-8.86103868869372,0.08583180433233742,-2.0628902193790495,-8.375363901073452,-0.6628745236374229,0.3749252420924659
-0.1820511526040066,-0.7870542999776293,-0.45072547047619665,0.43666410922259796,-0.012280012203712417,1.183108419421672,-1.8242395388251638,0.8425513006913122,0.49261050792652095,-0.5121610568393085,-1.712038474391201,1.3299905520740452,2.6602970222237072,0.6301903057025191,0.08295412489788807,-1.4416738039109227,-1.2285650935229289,0.3003529347893876,-1.8849675027542696,6.342110459604182,-0.8772296496986345,-5.051883111251659,2.744976635508298,5.403786396407359,-5.8987520969504645,-10.491848061235139,-7.728531470358503,1.5015277293451326
-0.12212447461795647,-0.5042632970043521,-1.8100157833434614,-0.6413605883376818,0.6128640199798379,-0.04682550474246216,0.923173468263063,-1.8488910770960572,0.003986785663100229,0.9226855838775225,0.8118096283892395,-0.0070949847256888375,0.9412525367565762,0.7335745067258164,1.66765990441157,-1.960868534183935,0.8911464051313925,0.7635465806400711,-1.0341042601075117,-9.269325726473776,-7.870449719002967,-1.2542883618622898,-0.2474189264033741,-0.7935484016016706,3.345141876030098,-3.5230192846923454,-4.584456942508317,5.07418119990968
0.3445187991779449,-0.30794195977552513,-0.7378104021671933,1.159106948904006,-1.5158106230723274,-0.25974347806781084,-0.1975442197675956,-0.5457329053858739,-0.37158320706043535,-2.168659122998517,0.8079318464871335,2.1945792625846536,-0.6214123257840325,-0.8549914480942927,-0.539784934267726,1.2087846858783562,0.5933653970332721,0.3034121285946242,0.09060930307110504,4.140675485645977,4.797618164814095,-2.367536469803541,-2.6199814083356823,-2.5160882222374004,-3.6707781187808943,4.572986605359862,2.178393354620127,4.337598772984105
2.026031185026436,-1.07279751916712,0.6003463753268193,0.6251203164202412,-0.35240793432080136,-2.148678584542817,-1.1385759179562691,-1.201909176106054,-0.5530021185654695,-0.8106871910731879,1.5123591251205484,-1.129453288134332,0.7243145447405106,-0.538082276062525,0.48456556618106317,-0.5862900304127984,-0.1917599714857638,0.6579380580972026,-1.2524249889585888,4.328094690430224,1.613910672613733,2.7021079422309047,7.690704644810872,-0.4203226071504955,1.0281227808387594,1.9583993691642612,3.1330527570174214,-1.498676970566194
0.2681861924376648,0.19486679924210212,-1.469337497715404,0.8944714169965747,0.1457491184607109,-0.4208485734546976,0.6131789208400531,0.42011052655047815,0.8996771603638012,0.913739348321003,-0.2603969968032705,0.19706650883534604,0.2679436669558206,3.169239262909348,-0.277326479896139,0.49405296348445493,-0.7880148257205426,-1.7978036499109828,-0.13808893746899123,-6.918099613642058,-5.42731367193524,0.304177453557545,-3.487550848995295,-5.999787781776666,-2.148908920134105,-0.24284455980728967,0.5073338259920347,3.298795634761865
0.48601093072736723,-2.789436476481148,-0.7749009218229781,0.07888272643095001,-0.9251473323292595,-0.35007611426790636,1.1577342561260568,1.5318839122430277,0.7157598298093637,0.48328955969220105,-0.3518291851686209,-0.0414585580224692,-1.2234363911872919,0.9537033508068437,-0.4235967319026481,1.0394825495197797,1.5488515353798353,-1.0306207794026696,-0.03131793549353908,-4.873802642835144,-0.9263970084395723,-0.6548678490282778,-9.958127051448496,-1.3975701108384102,-3.876872754643235,2.714978108140854,-3.4079064848417406,-1.6363116846539205
2.2662984753320226,0.8870065197894454,-0.7129730200878398,-1.5736225969531061,-0.9859996927663117,-0.21118612786588314,-0.8671126857924623,-0.9375942066851911,-0.6267243703081926,-0.8183881192744926,-0.5848006622912505,1.506912956709973,0.7585768174916704,1.1435543257519847,0.26201902485875905,0.8402438853527743,-1.5031386050592115,-0.9700548189521048,0.4128348102779986,3.5610067800111773,-1.20158636281418,-6.594009603540807,8.447630840696762,-2.384149998615917,4.225826879371126,4.171491456225674,2.106296424218383,7.957410440386374
-2.541654531663136,0.5841563648483212,-0.8971740785189889,-0.2611456301626911,-0.7290283221895223,-0.2306591547517834,-1.2231088198817308,0.26894639550683874,0.5783796871942418,-1.0370551996109643,0.20859308592222234,0.48787613278781394,0.06887981602808502,1.0760170243462344,-0.3256542789112224,0.06735927475634627,0.41994505963601975,1.4457389578899624,-2.1138351371308977,0.934237129740762,-3.74880081598072,-1.2006801930015683,1.846720833570652,0.9499512656621804,-4.200037430099241,-7.156892265757778,1.7823237705768822,1.6507551516410675
0.8045130665271883,1.8653077468443438,-0.4979677900351327,1.2879605538829084,-0.592836203214451,-1.1075027860408957,1.8221158666989965,-1.38762523112279,0.832522135410271,-0.6552815203517224,0.8677689133862642,-0.08264259126504098,-1.7057822569747554,-2.5936629806842886,-1.5597147918014065,2.0803765326194417,1.1410907949796274,-0.6379634325728439,-0.6430933569887854,-1.7961147909796402,1.481918718521544,-2.4134293675573057,-7.920254298943463,-6.260720062618827,-2.8171089036146015,10.211260329083627,10.72747645361616,0.5993910932338272
0.33678681676881095,-0.17075682880095616,0.8666603993038455,2.2546485438238224,-0.9942837520225993,1.2866305882135836,0.33204672752988984,1.3633678934391968,-0.8126751463551821,0.18418958378960235,0.5492920265822683,1.3156494882106622,1.0559096629399958,2.24534187872042,-0.7627831547302374,1.09588310695126,-1.050956716994337,-0.7186154647858131,0.7253266925436151,-0.23317115772902877,5.858334021452732,1.9258894635667017,1.6104881937494513,-3.230254996561203,-3.0946280694020563,0.12950701015058708,-0.3671006896533497,-1.7410881845381203
0.7051140657047528,0.5938842567821205,0.2789530600452895,0.48057421398780437,-1.1795803012908053,0.7271964672179833,-0.6502407802612471,1.9604484174002546,0.12637277725632426,0.8954969963296202,-0.5815375568190398,-1.2249129770136922,0.506088086444184,-1.6533917521794745,-0.12448028305504065,0.761094191963231,-0.8513146210358014,1.1499855247934356,0.7505308882790391,6.689825804584632,1.7329572278398715,-6.416148114208825,2.695837894862598,1.0654217482371517,-2.8535817889586657,1.9420776682114345,6.276723570258337,-3.442237616552018
-0.5928610931038402,0.7024200722847699,-0.9988154261712668,1.8943565537680376,-1.5594673524686882,0.006962798965802053,0.09278493766650424,-0.6324513183874635,-0.3218906657342064,-0.9332454463132905,0.24727753635760463,-0.4684550273415885,0.1810176781089392,1.220146434997306,1.0834893791462514,-0.9583978287744624,1.0014400366949392,1.1285991732257639,-0.9136344792849517,-3.4011108803550902,-1.6562526377896787,-4.060402915717718,0.5168476826234142,-1.2335546733209444,-0.4498403531339249,-1.3016068502998706,2.276801373720984,5.085268123735225
-0.9919182995169458,0.6328052659376042,-0.9496830999577203,-0.084762242241488,-0.08858875876381217,1.0520582672854646,0.7435428468308313,2.153030350289174,-1.0127384842584382,-0.26015611224007623,-0.2586102852196143,1.3989952209221168,-0.4791580130771502,-1.0233682998445692,1.7259436713150544,1.7768276726158494,-0.8619818929577855,-0.06320920251538652,0.2168720628963325,3.346380834523382,-4.814103295847366,2.6851645682076,0.057475481681993706,-4.609115849560119,2.6279456265229673,9.408779194186211,0.7348573573253889,2.3403713587796933
1.559070103906893,-0.5252957338366087,-1.3956578088706784,-1.810042158599445,-1.9594014393544459,0.8171316669312804,-0.5498529246410225,0.21071552322403944,-0.9592096056926944,0.923600188072393,0.8985395166795725,-0.09884166821734364,-0.4465222384023309,-1.5123709444904805,-0.986762901692358,0.18873033946008802,0.6324025546436205,-0.043284383271029146,0.09953178900485131,-1.405760147055058,-0.5750599646538885,-9.754209103352707,6.598839504580737,2.0371066569763006,-1.9703892714395073,3.5774824574532187,5.55027051638345,-0.8473025503862518
-0.20548765483384773,-1.4496028703339492,-0.6285566719368314,-0.2120381759996381,-0.6520123340968826,-1.4508217615845216,-0.5109205250377583,-0.6733375216273861,-1.5540328301649133,1.2511421876573077,0.6083675819318566,0.5322631436679098,-0.7044903068721758,-1.1485544051084025,0.5298274323127748,0.4390449468081648,-1.1778420116818344,-0.5473502935068096,2.5829480826102587,5.270477043836825,1.2726613925758805,6.16500671228203,4.082579817717665,-3.076730411978153,-0.5809918761099045,7.468138116999275,2.9872088040480658,2.4954161160435837
1.227152620285233,-0.7934938974768337,-0.5454394156082925,0.8083103969198571,0.009278622044706093,-0.3475340751699422,0.9113884809151335,-0.38900481349821764,0.2738960489963494,-0.8406658074137745,-1.8760390489066314,1.536840596189901,-0.959672739553705,1.4742843307125382,-0.7173892709441759,-0.28571653174427253,0.32739227770164203,-0.9898992586629767,0.053378863465825724,-3.565700568115447,2.0518532138033736,-2.879961408146591,-9.05949387908171,0.6481782603984654,-0.7998740838876167,2.7659778734439904,-9.689421869954115,4.695418182366881
-0.32021046219909116,1.4500914815928536,-1.6237406291464116,0.39309134637451165,1.9644492401613063,2.4482310492745527,-0.6900441363617495,-0.5974380426331746,0.9751515882175595,-2.6829833159622765,0.6448290633577641,1.0898429646096552,0.34397395352647825,-0.5135673145913141,-0.3360891980713084,0.8228940321428062,1.1575121489475122,0.6784530780201681,-0.7050656141766733,-1.9851508398508624,-1.2072278399212975,-5.998000176792976,-8.397176248613485,-0.472426018384866,1.2392369727799284,-6.219815062793302,1.156672666021833,1.3240793253754197
1.2215169943310684,-0.12903258551925997,-1.1396854900274234,-0.49981545420863205,0.5045700071658007,-1.1277380618129167,0.3676384300271606,-0.7624662536083646,0.9698672180871418,-0.5702391462444856,-0.0968812836148179,0.7668113540974734,0.5857865118496549,1.1389339141625183,-1.0347909790743492,2.484852182423462,0.31930733798224603,0.30145934932841856,-0.3431757693337298,-1.3175114294825074,-3.355021983566683,-3.6351528103596635,-6.283346760671654,-6.307208372036798,-0.04385115967855707,1.154430405770061,2.8828403657526107,3.693646969997844
0.04182521965986574,0.8209874321343645,0.6502191153725202,-0.20438187067065539,0.6427785386588064,2.790350675208207,-1.5475076880806664,-1.0134230709874095,0.3405637028395527,1.403852695284091,1.3816690105103742,-0.31449576850256594,1.2569997642427095,0.11711409822408189,1.7494652117103018,-0.3884493759066805,-0.112118652512029,-0.9973362895453891,-0.583591295232248,0.35867439866663187,-1.7827550594392503,-1.9260636662947972,5.211228265674085,3.2354490033398204,2.057808715521737,-9.07677197036866,2.7939099606957742,0.5593629443364733
-1.259984465966442,1.3809976887207704,-0.060060081226153104,-0.40856572804256186,-0.24398102736722968,0.3550635874422825,-0.436893854193734,0.4256765416772458,-1.4038519963947078,1.4524039306410716,0.27634671752473833,1.6245356471081875,0.4540668627368919,0.723430455042083,-0.3720712220947342,1.1088372444066392,1.1530448612500486,0.44778868529314875,0.6887245854722361,0.7322518061735034,-1.9332571270963492,-1.2424698782390684,3.636259170650072,-3.318244449660658,-1.6957331366095683,1.4172671969488038,1.6074558015184892,6.618985586848596
0.6263091207680324,-0.4884979727320434,1.0745635357039538,-1.0304533824710984,1.8298895013883454,-1.8400639311293179,-0.7977765960616375,-0.8821543161281488,0.5189107804686431,-0.05779097177606069,0.5599809052608146,-0.99546511705686,-0.8860852740818396,1.4375394740770688,-0.8495304018909255,1.0596555092879325,-1.1321754924416376,-0.17298519536399,-1.4460388095275127,-0.053499645348882297,-1.080651201077554,7.884365147327571,1.6130556315912026,0.1946781825144296,3.7841043869814186,-1.1607825522803137,-0.17363507476806658,-5.566712421472328
-0.3953289503139948,-0.6518858040805459,0.8599653250287371,1.5074567940007737,-1.2711380723842105,-0.5371463592836629,-0.19324928010045142,-0.7782947452349751,-0.8261888711395518,1.3332000869812441,0.0816110401754637,0.1264239029541129,-0.36102966236161144,0.807861251381526,-0.17859609152327682,-1.3387018170901959,0.5673444566527782,1.0572951472405803,2.1895225891182064,0.02091831947260179,6.734369097864803,0.4112693442282572,0.09615266779035382,2.196638867356975,-3.004934015492536,-1.24861889521851,-3.129251842573974,2.6220469184412996
0.3927831800081878,0.06457541763105641,-0.7540291073159905,-0.5535543649274022,0.005870717600962604,0.45878896532766755,-1.7591659442482792,0.6859413493491057,-0.3509680804546962,-1.2656558108586016,-1.7687456513555266,-0.6189275613884135,-0.24696527020169662,-1.1908233895164329,0.06966813875071466,-0.3710691712073237,-0.857092618902442,0.3485587262908762,1.6873028563486174,7.378479012970436,1.7917838068192586,-5.4123745717333005,1.7471532900354942,3.5376412832674466,1.0149981899248748,0.6160379113063411,1.0221482804881128,0.6137863978155882
-0.5938693741810449,-0.3424211783015325,-1.066683979963205,-0.05661910464047216,0.4069117672597053,-1.4547688580269214,-0.7527530987438024,0.9860118210353879,-0.3427691388536452,1.5189981386296734,1.7275705363363327,0.21490223123384405,0.5712700318587086,0.011507212584673666,2.027463416885171,1.3320868737426526,-1.8943183584145893,0.46422179327618723,0.9936386061050576,5.199771085557732,-6.630243509671736,8.513974429131466,5.669328787986113,-7.784896331359878,0.6437547202809764,5.389528353986995,5.6600612268815755,2.157174888096294
1.9915821578948318,1.1697418781742026,0.3678356994049978,-1.0049413778559968,0.31645355930119656,-0.37104313243780973,-0.023971618552403807,-0.15206548528007877,-0.06187177030787904,-1.1828004878205072,-0.8529485467970652,0.2571151163160625,-0.7933843031207884,0.1280178067469115,1.7416386527968795,-0.5889394543759707,1.9655526235197294,-0.9524186582765444,-1.0294809705716155,-0.3877317221534043,-3.502912190605791,-4.808502300611638,0.5827473630866962,0.65246116137598,6.671854418409008,6.247167681418986,-4.249910663065512,8.380106399366523
1.267628000725271,1.9512149034480462,0.4557983726668676,1.206710029483403,-0.8811423749712054,-0.9370471935063903,-0.8087166981518451,-0.8075488172995068,0.7067767508811679,-0.01062412656921885,0.6891969353062287,0.10656491183490731,0.8569931065644851,0.5077968360494766,0.3513199844113291,-0.6365729794187495,0.38241646688045294,-2.195865803296219,-2.474383360059673,2.0435335552332705,-2.168139751136706,-2.269942171813396,6.534698652769868,-2.546142435670035,-3.547014299294731,0.5577116602842135,5.096353055238556,5.753971654966936
-0.12016817969717572,0.21227197456205224,-1.063034658271603,0.6029323633867384,-0.02000720739110035,-0.09769156667303686,-0.7493451040575951,0.039589159404034374,0.6142413001343382,-0.8665257521532718,-0.5071801408613982,0.7430712307808849,0.35691399968003795,0.1624521596978127,-1.3685273926462658,0.35418592671272253,1.0971490286049317,-0.09303401085031478,0.6327976133901997,1.347550335447158,1.187570116929225,-5.273560269721973,-5.14548032866251,-1.3305506113676486,-5.178705617438297,-2.6840340659972726,1.382621268076752,3.6262166846793287
1.39470338804572,0.32028581234154097,-0.7942955163185484,-1.0955993685016225,0.14831928983408957,-2.8561603194526337,0.06080871512597857,0.07973879012842347,-0.553903674382651,-1.9470016226442108,0.5485977071766824,0.4298453168341748,0.10545846537187287,0.07241651126500132,-0.5048922801601137,2.559778627900492,0.5735205228852119,2.1554507209525733,-1.423757334626656,2.877451424916138,-4.286051502218319,-0.6911643477422607,1.9779869135292236,-7.736283318234006,3.6465057900904077,9.292448026023312,4.668751477272821,3.228838576494961
0.21962315856880038,-0.6922735858305307,0.8403334675139944,-0.576167861269742,0.025763636258884063,3.0342865746926315,-1.808359634291877,-0.47395059641296955,0.21441469064258328,0.1121659639055932,-0.32645230018609395,-1.671895180472378,-0.5492653426008073,1.1358591318440467,-0.06779589989875286,0.8162030123251807,-2.1480839384204296,1.2720190195231782,-1.7305755168523047,0.21012497535916513,2.004468758888764,-3.716497665040292,2.9346671905006243,10.001503294334226,3.765712652785795,-10.500649960258283,-0.004621225109345178,-10.119383662331858
-0.5503785549533544,-1.0583138644503933,-0.051024987373469693,0.3712637249652407,-1.5871005243421679,0.4843672269292055,1.2405895248639416,1.4440136031563309,0.5308415877334447,-0.5388667770211166,-0.21220340683287472,-1.0144612201350955,0.5092613445330112,-0.9224606121510653,0.08319772366634126,-0.884570875895901,-0.030240217618142006,1.4240312565232476,0.3160191502396728,-1.0672103667764263,2.2586007320262658,-2.539298732648688,-1.587551703661609,1.946490599783163,-2.0044721836126276,-1.9897295870368854,-0.05270425162389217,-5.55124346479478
0.31106135815078795,0.4775432093665613,1.0867371720896766,-0.34520317753614904,0.237559965386947,-0.035512317642671314,0.8725773869985897,-0.3013578662000483,1.6825470495258865,-0.5189587633862276,-1.793333248917623,-0.9635454890642416,0.24689508320606177,-2.0264313321906666,0.9453207613874696,-1.1731848437281722,0.7624691416384666,2.2967564567334913,-0.007268369734830835,2.831437887062812,1.3448484893265575,-6.15290652370653,-6.869268919010979,5.112104994777268,2.0966713539654647,-2.7866142631846795,-4.474029156591274,0.46361926913155216
-0.46724500827285914,-1.321068307565284,0.37523575150804245,-0.23888426265837723,0.7102189351426847,-0.33359930044687636,-0.32267447159942203,0.4602710124957028,1.602743162986771,1.8839562175846098,0.41356394813654185,0.8821643880254715,1.1168032444530405,-0.3501657255750319,-0.525071988056686,0.6052070830768564,0.6198785142151351,0.3730704751015242,-0.04266256166041717,2.519115349717755,-0.5787773759230684,1.254057169026675,-5.6900055183685225,-0.06274183896780615,-6.795663709164948,-6.285099013917247,-2.88177027638515,-0.6416013967596463
-0.5625653712797816,1.7631457819248162,1.0663823242578767,-0.6189702789928164,-0.6316646084421756,1.0701853489361806,-1.209930681943227,-0.8389308288552783,0.14408269978503085,0.7034504459163103,1.4880854688546743,-2.287652156170787,-0.54491427342664,1.5662662423588753,0.2582078265049652,0.38524116037866707,0.3671988922851301,-1.4415373716026734,-2.129199746810862,-4.047285757269066,-3.023816559507498,-0.43264626247654064,9.15542462378845,1.7629320182885373,2.7010819858493753,-5.566290557849976,10.426655355471297,-3.2864510056276464
1.320684901083575,0.5553614816826568,-0.3007131749354055,0.6625376184433358,-2.8988556971826305,0.9301250529667174,0.3704516716679188,0.018101612731642003,-0.7147599883420689,-0.23431663459272306,-0.8956933593906142,-0.9577410128381849,-1.2461191973719818,0.18387439884083964,1.0054724702535855,-0.3322251849609751,0.27433948946338454,0.3797665384933535,0.1968862103724448,-1.6222365058746517,1.7255432592626692,-9.739816908302867,2.5392438732624356,2.525556385808228,2.3829259386333823,5.4263279410393395,2.9169853692210967,3.2157616326963634
0.11506935677071214,0.24578307608089195,-0.16800648000876844,0.31993142395348084,0.3572089408690913,1.1069789306462041,1.1611908573231797,0.22273370376613533,-1.5056409476943258,-0.7652382608545351,1.452772907748653,0.5979721307716782,1.0260970415878308,-0.1822019528580054,1.2391015459712607,-1.3832056244994677,-1.075946004134984,-1.4443330494339268,-0.6432461758184707,-4.101947295743954,-0.9719382973275674,6.054434509523618,7.839347523237128,-2.2154308296994296,4.69842178342385,3.1687059046793515,-1.5342026202259895,-2.14434238648254
-0.3696410736393629,2.0575948640029607,-0.9667017521658299,-1.6686269874941573,-0.5556557562568648,-1.1312020476697011,-1.2364998833547383,1.7776594901483063,1.1452409150592935,-1.2209802252818034,0.1444351376584977,-0.7364035608942255,-1.4311963205986529,-1.0016729628721621,0.06539613336076437,-1.127538644812732,-0.4080489314594207,0.3955692927670108,-3.3754534839373584,1.9860936770978006,-7.205702030630732,-2.8907094505392226,7.7647989329052285,2.829394680348708,-1.4926763755215817,2.108168520598155,3.0451886448823076,-1.254507841296056
0.39053296275380134,-0.9485133090354283,-0.1453926243587373,-1.3756182695447243,-0.009774707452486927,-0.7470363071333752,-0.9771547208386453,-0.1320002799797325,-0.8976121300675663,0.8772671260548882,-1.0407272395629321,1.090641976115861,0.43858094752263477,-0.5182690023095279,-0.025150544775088126,1.2486355871750194,0.3666873589579896,1.009899984305934,0.5119776073315336,6.36629817464014,-1.4363831888173615,-2.3638309872996004,1.0225105765732878,0.1322145365398599,-0.3475526385887046,2.321536069052407,-2.385195141842604,4.800510815267879
-2.0195936921986526,-1.1709074628782774,-0.400697785866795,-0.3998300266218782,-0.47478700868308016,0.9926357792589803,1.6207100460159605,-0.07295500839528196,0.9874578051623059,1.3240792055701076,-0.024209386513467213,0.03005570859375097,-1.0444065038355723,-0.46476595277155724,0.9186666622230013,0.23190003407288237,0.30337559504380057,-0.020378109060812784,-0.781046402778172,-5.178173483747092,-3.445978381259419,2.336942746527385,-7.193527226246291,1.712990703972103,-1.4306358805521966,-2.617838323691368,-2.713993094091365,-2.201095505513686
-1.2403950476686727,0.4522198242437894,-0.7379939202878555,0.3730949633664411,-0.20515554727037613,0.3711210467465211,-0.7797897621826535,0.2171765467433482,-0.6052503795717458,-0.31976469563415755,-0.24759463311530672,-0.6917504966103125,1.1879500127100746,-2.4734625970289286,-0.23813372771236294,0.7568400592068297,0.8677888818100861,-1.9130173987553405,-0.058324713159175895,5.998325676719692,-2.186585915303023,-0.7107576152239579,2.110186926469786,-2.7183579160906386,-4.764427390445783,0.8806860495215375,10.483194801962284,0.6549969787035154
-2.429953449153028,0.1946835344559115,0.46720412437981496,0.6457243513903258,2.0226436809517816,-1.1086462227336482,-1.127477522103142,-1.030912259689731,0.7186998757184302,0.4856894686773585,-1.82260994832905,1.9714906360439226,-0.7194984524192677,0.3573654030326601,-0.18768655775904372,0.40896497400466153,0.8505816869865916,-0.0889726716329624,0.5802020888902581,5.9849490352788735,-0.11046695346928795,5.637007469666054,-10.202871036207362,0.880388224539987,-4.4270523180277905,-3.9752778317919044,-7.990997846578326,7.799672497246124
0.486212134616211,0.5597520553581906,-0.6479045331624096,-0.9192409142612679,1.559283917692917,2.0517088996566004,-0.8869223907047709,0.47508266018474715,0.7503397177436723,-0.3975129666325496,0.39975242357113844,-0.1736607040099541,0.3930097388401044,-0.729658912077064,-0.2638235750517078,-0.9889054475700761,-0.19228923774875356,-0.40244938036100747,-0.48563834052782345,-1.8135094416011381,-1.1585662591888595,-3.792771483414599,-0.11306127228573166,4.009037206406533,0.9382176644898157,-5.982298384418275,-1.461752492434161,-3.7398168464000174
0.9281792888164307,0.21877725667199013,0.5802133982466553,0.5043422722159533,-1.4325844736878555,1.3377666420709273,-0.750514316766561,0.18590929161473496,-0.4028852706454741,0.5328048968478999,0.7380632601859184,0.8104378751646402,0.1443000330494179,-1.618788303271984,-0.39331161207025833,-0.1464743387708183,-0.20686957230714767,-0.7804075501467685,0.3964155762944183,4.596463037082606,5.416017168016571,-4.011094561994512,4.642707882133507,2.7009353560478484,-4.105646676552455,0.9578349376237293,2.417057955644293,-0.6260579331318785
2.2073914680367803,2.062508405524201,-0.26049861414458736,0.28136456234690704,-0.7743445041988403,-1.085202834180652,-0.638524434730541,0.2172405683334726,0.8836931057082049,-1.2562342185633033,0.29247688084182005,-0.8459336103919606,-0.5926264789371218,-0.7829720501437407,-0.6681388163461611,-1.2995372699387249,-2.119246141483901,1.9133717646542008,-0.7026828064012112,2.321010734400358,2.438980467531687,-6.2991988826342515,6.1987578589511925,2.0439508573455525,0.7875259345013448,3.4424820055585603,3.119845661520637,-2.2162082593961308
0.040660751697634674,-0.8206042857231054,0.259445890555643,2.1497910824987536,-1.2995012127430257,-0.5477852051987718,-0.8596385008015478,-0.5109341631411222,1.1906053558337146,0.47136797739252745,-1.3307626293654378,1.0497672996032608,-1.0275047111506368,-0.15984342739794058,0.304899897319501,0.3573148924940899,-1.1881277307364768,0.9587110343796033,0.4513755803437499,7.817494474924998,5.010601198269976,-1.5596247435630213,-7.1022656400960225,3.1121120057850082,-6.6141893281475275,-0.7949150899163843,-3.7766064877944214,3.3740808801267543
-2.8268896111663984,-1.2578843429699336,0.9594114683001499,1.0738004081452421,-0.6699686452073443,0.587438374016183,-0.8248396501991535,-1.2523993457786813,-1.57173542989123,1.3926145798155098,-0.03765451249001185,0.356811958939094,-0.049754364519472176,0.25540561828217867,-2.989636832928698,-2.0811385873184323,-0.842167147835619,-0.14066322711015786,-0.3556206298330582,-1.1698565972335322,8.27148954559925,5.972526389506556,4.507908970889798,8.435322388518633,-9.307586865609569,-10.09450651022247,-4.554357687804142,-7.842922840851346
-0.14006759802234842,-0.10423069579110912,-0.8918594421434827,-1.0929130430415792,-0.47789652141375594,1.387685872534611,-2.12414106017817,1.3299885140199093,-1.3246532692868476,0.18039180973378582,-0.6927492834961029,2.5662074240992774,2.0037154761901452,-0.6452023126197703,-0.46397059497333343,-0.7923201421520994,0.6505734068436002,-0.5692317671922311,-1.010691655270301,6.819396913265529,-1.8025708670678446,-6.785045559368681,8.074500747143052,3.3747496551652483,-6.2949886347867885,-3.1281401602684173,-4.4795972542723215,5.718394198174541
1.5393759855267666,0.7091490728957951,-1.625388735148163,0.2977612559683,-0.2401469519312912,-0.12096006713870924,0.6574626162388916,0.7396613462403742,-0.017636799978718955,0.6969029008495363,-0.4324312523909094,-0.8222786638967281,-0.23655954398464946,-1.0094201353446868,-0.09725994735006979,0.6715592340018657,-0.6108717807754372,1.1134341787547488,-1.266167333758216,-1.859933891084178,-4.690571900949351,-6.3762189239346405,-1.0652408804388385,-1.8934023934907256,0.13271668203250617,6.869521894081948,3.026370374861121,-0.6867016987042494
-0.9242337831951095,0.679203455008197,-1.252253043058639,0.292854508619236,0.6484563076345612,0.8358910294189811,-0.2310743179075079,-0.9960218348718063,0.11537017020079728,0.09945246343970274,-0.17769049254199273,0.30821593431814454,1.0257225800720644,1.0792497165762744,0.5094879583308859,1.0376151752755474,0.5755162762303216,-0.3854315477920294,0.16191174894503424,-2.004630931002507,-4.700398001832099,-2.1329119439323896,-3.1166883816076005,-3.9516423253775654,0.6503629727929203,-3.7768295669351617,3.4792967439935327,5.392372873631278
0.5245282550275823,-0.33234356670316034,-0.5827029337137845,2.2818100206153646,0.051381878495017914,0.816974454123233,-1.2857328440982807,0.9429121084548416,2.426578571555053,-0.7044577263917395,-0.3587732017367679,0.048557982731765266,-1.4260026632734708,0.4528064008908806,-0.20486418058279393,-1.1650291411235685,-0.33430002215651344,0.13023877096105455,-1.3502392497699933,0.7721649558350911,2.685012636518218,-3.949029209999241,-9.231198257555231,5.74362180169078,-6.92020517360664,-6.182670770777387,-5.803837079428188,-2.113357968912217
0.05150245349634092,0.10461200870151897,0.8231931120664954,-0.1653790857839778,0.4398982353091223,0.6195500588763578,1.1199500538984695,1.298268679132785,1.9651548388366362,0.941463272930711,0.32688640946572944,-0.3380910696053249,-0.6198829489404092,-0.04141064004643966,-0.3458004110707777,-0.9931993775103153,0.4634903762076544,1.6494325983651008,0.1199208531422655,-5.008455742289271,1.7257780900124347,-1.6900719443393626,-6.687369645275782,3.6753096977872843,-1.0696081327016957,-4.451548695559305,-6.013622912026043,-4.923447645439876
-0.7228295432296192,-0.42551633545349543,-0.37337293988538145,-0.19086685286689706,2.3772798547139895,-0.8397952558073359,-0.7558434997910448,-1.3230833105720372,0.27257516767328827,1.1916349566403808,-0.21806633877555315,-0.5032599492825872,0.5288280792316367,0.15094693449911464,-0.008395029375710733,1.777054120650694,0.3431251743724835,-0.469170463801211,1.030306227270295,1.9851524245610734,-4.178950858569062,4.691771989594368,-5.7110652781300075,-4.1872402456489635,0.6164858998876801,-2.028208249538119,3.143952545046837,2.00372839141665
0.05027233793849962,0.1474319675808923,1.0335214415911818,-1.2050195131935322,-0.5902297509336747,0.41143536625619853,0.965927424967513,-0.4855439853497041,-0.020439716032617808,0.8810726151697098,-0.529612350551941,-0.46410152155628065,0.8178549896788582,1.6576706351556985,-0.9599035191974251,1.424553040214823,1.1261829475172662,-0.02990372222994485,-0.11113526840872394,-4.577126324895068,-0.2170150550641185,-3.8694761794401478,-0.2863178837194622,-1.0134319526199735,1.8978838479657039,-3.0815077717309673,2.356300606071348,0.17817627871644648
0.8708555850707045,0.7153267579695959,1.7543127483351213,-1.6436131472101512,0.18121985563833704,3.5524873051415695,1.7483255011259913,0.33202220292761153,-0.22790054374419427,-0.9967590142238512,-0.8083101270168767,0.2545090639785062,0.2624983482508153,0.09094864099137377,2.2636584398967283,0.349647899988932,2.346595998999983,0.6440563047041508,-1.315568259608768,-5.341002020405421,-0.9529684022486207,-7.620195558775544,-2.9890537241133592,4.792979988391866,11.530863787478253,-1.4332755751093482,-7.022047927734551,1.4548737270783687
1.0161275009569535,-0.8546660179337203,-1.1922054828344406,1.5073008833459876,-0.33819606979181105,0.607056144447693,0.6360260760112301,-1.3383854692318566,1.1134870073436511,1.5974962061870548,1.1306886447657525,-0.9831095121377218,0.4692864547506093,-0.37524628553269734,-0.45503494662971955,0.34691212389457127,0.15179784551566405,1.0324305514472454,-1.2855713742640977,-5.570157026563023,-1.327314723297236,-5.083462800172965,-6.178070862976966,-0.17980952575657433,-3.9574499112988866,-3.826145117175814,3.267616478486016,-3.3969965041582277
-1.3302157666013719,-1.5971307820192882,0.19372362080129765,-0.19574824323852835,0.9860003697744478,-1.4303991128021725,-1.0786864324454235,-2.239229995354414,-0.9036442315114573,-1.1487051833687145,2.174484280454654,-0.5045114275163828,1.0774198568000461,-0.12161888378440067,0.28702496572114194,0.4693440217443852,0.16829323983722633,-0.7236790060136299,1.047479402961546,2.9533372475591375,1.1788320745119631,11.219877251211477,4.427168737657179,-4.421135335512392,1.5717005044554349,-3.8555451804632233,6.972949492853827,-1.4372135771186543
-0.21101761447390316,0.0009174997744408145,0.23449874123207115,-1.0977968274889613,0.42371549210792925,1.0306718865079394,-0.17127350572512465,-1.8170171393502108,0.18768431425315987,0.166868454451801,0.9841440180808381,0.5130919091668618,-0.4911282317560615,0.7351263805721923,-1.7348159727303716,-0.6304820373925563,0.09097853109627262,0.33493785646807483,-0.36799123751837115,-6.101609064055984,3.1390471607554113,-1.1855068505800048,0.5071284211194582,4.746627903772067,0.2387464129196972,-7.63426705240163,-2.4651846284128145,-3.536884062496953
1.0194116116605363,-0.10717676353308501,-1.694366914730167,-0.6171300032394095,-1.1642244538208328,0.8112080329647307,-0.49928575694396643,0.29276549392858386,0.7032297598821916,0.526077009133339,0.3982190694516601,0.30595493993112594,-0.75549689720559,-0.20696243809932283,2.263476579910506,-0.939182456471996,-0.06313735734882725,-0.5636585261726238,-0.5742095935675811,-1.2218177661396339,-5.5795512686210404,-5.950885450709342,1.6359454026964826,1.316559423467838,0.7405192160446281,1.581725818857993,-0.7391397923599905,5.628971992107947
0.02933108378707851,2.1405974387396807,2.512927366874576,-0.38924739677120457,-0.4742120778688914,0.3884496902422398,1.2976305518096278,-0.6047477517904736,-0.27754657430452406,0.30829941355236135,-0.8208526133931533,-0.9748668027486902,0.07922965884882778,-0.43827607149037534,0.27687656668062066,-1.965587594362549,0.12768503986892774,0.12539224971020516,0.49860397027188075,-1.9675837536897498,4.345255680614158,-1.0486885433238993,5.376757527720168,4.125010372347846,4.699645854116391,-0.17814555112150554,-1.6278693800133477,-0.24727924553267805
-1.5626869452736403,-0.8736706021234947,1.8991781801043948,0.40190205238992155,0.042381937917923544,0.01295856057995914,0.917237006036149,1.7269764611624572,-0.4518092072135471,-0.6414888146615525,0.601946174641442,-0.8884865564503028,0.8478467736191866,1.1372101023067942,-1.019897019441698,-0.9464848059886115,-0.33929229815112827,1.9782861038497392,0.37662870049105807,-2.3767165743923497,5.799032621980107,6.947724501308371,2.3462014597956315,1.9492957834070734,0.3516393959821924,-5.734949114866947,-3.7584201381006244,-10.319260141013146
0.8257568190719538,-0.47238525509559165,-2.308274264668814,-0.4102170318397877,-0.5369693695607541,0.131197240324703,-1.5906224106199311,0.3218972201126598,1.2414705760918772,-0.16611675014595445,0.3009619132605558,-1.338344769232304,-0.027494263611740462,0.5973551146034001,0.3426422863325311,1.7185042215153876,1.2839011142212056,0.6436199390628272,0.18079974949895022,-0.373598553549289,-5.7880322961097335,-9.767520213880186,-4.1886633408527825,-2.784296698588282,-1.34644220097197,-2.5897770726265,9.092936301230482,3.0292618507528157
-0.6967138222987324,-0.8200007451345585,-0.9865627298289489,-0.6860378298509031,0.08463691288338189,-1.0672046111058293,-0.4617281271411698,-0.16874934457576818,0.7500693202589437,-0.9721857041348893,0.24056129789753788,-1.6194114750143065,-0.6428133038833934,-0.0897817025521535,-1.1083026242196274,-1.5205656496119202,0.16383447811756666,-1.6643046519786486,-0.23600136057792429,-3.2682194091068335,-0.9376171688763494,2.1630013278364224,0.5317194166771377,1.2895581905924935,-2.5427512480007453,-3.7709781757971124,3.338665040886263,-4.624038799857487
-1.2727215440542328,0.1928350919144808,-0.3239455345828204,0.07136256454846059,0.7538057000851067,0.3139181294900922,-1.2449664075433635,0.9793867021364904,0.057625436236452506,0.05535090031799881,2.4596511556339733,-1.464738679367857,1.3171136434154693,-1.4404605664417993,0.4148682005929541,-0.16455527066075498,0.3001884288200248,-0.6483171547137864,-0.20147327589314346,2.2123487567138476,-2.8293891481313946,4.978740464286256,6.352098691645124,-2.8920928678022944,-2.2474232714379725,-3.653519807926991,10.254213850623279,-5.5450577585811835
0.8172865529577362,-0.3524024042798613,-0.12418961562229533,2.047599508538316,1.1492119342307752,0.13482287508667168,-0.04751759384722664,-0.6101530083796376,-0.7612718011191231,2.0610566768936853,-0.3135841082716875,-1.750860572078704,-0.7949408718559947,0.8737066199768698,1.086002550932159,-2.188965221145402,-0.7541507284432938,0.8497511902469391,-0.16829972793411868,-5.244140433898288,-0.8647459196244411,2.5809701168294006,-1.1596460599414393,3.9335178827137836,2.653159694303349,0.32733041274603936,-6.696743395394918,-1.793813607059808
1.0785136679675698,-0.4213705509225581,0.9268488022359169,1.5495199583219603,-0.08131354566380534,-0.4338176933234308,0.6782893954943782,-0.3264303969882862,-0.46543632494484566,-0.6626910424396141,0.8581027029575045,0.6645614766225347,-0.031207642007523694,0.18918545431533368,-0.8043697774641396,-1.7811263217766184,0.39276410517155785,0.9068141065297918,-0.023213693984737546,-2.734434163772022,6.958484966014717,1.64082671916464,-0.3988882664476119,2.043246096813979,-1.0114002079378808,0.29725119172028935,-6.9455734602192765,-1.985617364646732
0.11872797604403613,0.3600787116957756,-0.9410391127702048,-1.0046994709287278,-0.6228908909397438,-1.1053809365260392,1.2325814540760482,0.3774257596326221,-0.49220130354218244,2.0481488460076256,-0.17597247171814784,-0.6016338508871937,0.10723419623784511,0.19337138426995115,1.2442001091373156,1.0964049698758378,0.9396110153240719,-0.8439276082249578,1.5020151612406096,-2.8039586956575975,-7.323332363742352,-0.792298274980012,0.7961549201177788,-7.443673259448848,2.2987928865931186,8.268629351746505,5.841245335019489,6.790157818352103
-0.595358065450722,-1.250130838028417,-2.4990900991602345,0.43249691511157967,0.0249842881255362,-0.335860768680753,-0.053193545062083236,-1.1321995654511054,-0.07049987645372553,-0.46866470331511106,-0.5397167544011291,-3.2687227222488175,-1.3746532474215922,1.0318805375415918,-0.1591274436325397,-0.658063430237154,-1.5411621488011467,1.1297217519174412,-0.007557879997227777,-7.901625153958185,-3.7138274514882643,-0.3291199586798939,-2.937815069090298,1.539646743964816,3.2371730115629704,-2.3343989920741928,4.453884110183724,-6.443911153875848
-0.9906132396899435,-0.8640227715602469,0.1932598046151809,-0.263678621503056,0.38070327313942054,-2.113770135767073,-0.26746308200671076,-0.8640665840184296,-0.69599643797971,-0.5117302235203327,-0.262206023675495,0.6167266553741603,0.11805063015081894,0.05704026481828113,0.14093018640361996,0.9888417714179388,0.8466434074015664,1.1693239784463163,3.0331205819329368,5.062197696274818,2.2313078500147343,4.6030367243003445,-2.8841744623404963,-4.593928883725276,1.123725494452439,2.2538479800640987,0.8363931710749402,5.680212044216939
1.5304183316797904,0.5521178847878202,-1.8212165380361398,-1.667454871997563,1.7659405427404558,0.42630716890432674,2.0480953735442213,-2.2245243343894563,1.0880949617737552,0.2483177750165394,0.5643615340999086,-1.6316623225925373,-0.741096218421465,-1.7331323090903439,-0.04725778191869292,-0.6130371547335214,0.4690492905827341,-0.6094097041167985,-0.5617624770576869,-12.091667165698608,-5.948799950284595,-4.104975291120761,-6.159930041113381,-0.48511761770435247,6.686048510281893,2.0116887392697365,2.3122473825834553,-2.5940978537279613
-0.32805082029794796,0.2715437601790932,1.8625167086685819,-2.054413139035507,-0.25499875467847505,0.8069698092447285,0.4968200430972611,0.020477048306965874,-0.2839331838088548,-0.8797159781947965,-0.48928643236847513,-0.32040354629788864,-0.6094257655812263,1.2725344840691195,1.7340953757847781,0.5852091515835659,1.5426094264552528,0.6850212993666579,1.0053951679605766,-1.4021518990832618,0.38368685824041054,-0.8637043930934952,0.8086103036608745,1.89818185959359,9.963324990586905,-0.6932153209109582,-2.281710912821243,2.8203633845648284
1.1626532315439007,-0.5871738820781589,0.844687947567195,1.363112104067498,-2.7155907815953753,-0.854257161151027,-0.010331283685676497,2.8435452823637526,1.0880672917181085,1.1107425995138964,0.8277633626287447,0.4554059571599428,-0.11248855700679201,1.0121882015947008,-1.0706796267125784,0.5676641356578545,0.46241821596810895,-0.45057327157874566,1.0047637739363762,2.639438658126719,5.185049250378061,-3.1457077340454362,0.23427119582931386,-2.5527548113898573,-9.375342228207417,2.558547917637098,2.5150676874292848,-0.6532257062871953
-0.8234776261147989,-1.5234890098075056,-2.14795048075538,0.4014184643982946,-1.3102367685851706,-0.06956917931748453,0.6983950397483251,-0.24216916622665083,0.5173888152803693,0.2938274060608604,0.23144624250889195,-0.569574370568604,1.289854839537004,-1.0528092399242601,-0.8829837966258633,0.580613430790274,-0.3802253833302641,0.2672185018065103,0.7083698213963241,-1.2643087708586804,-1.3768592258872643,-3.2183973907036765,-3.3670465903010265,-3.4495243807591036,-6.501575036428687,-2.3977854630858824,7.47068181600708,-2.23306379470752
0.48379980638334324,0.03979162783214236,0.6682810132907474,0.63857364223319,0.7048882286824181,-0.12944928654923235,0.6977666779813108,0.19152660386952094,-0.270238434373456,0.14895553780217194,-1.8379516920303556,-1.2233706213296458,-0.6753538645067821,1.5234032036268226,1.0844973221500065,0.6371741258246028,0.5529347083360114,-2.8261837655456805,-1.2496598759517419,-2.7958351377378494,-4.171093564280872,2.974022036481578,-3.488098133614331,-1.4720682525322637,4.218288293045934,4.411890119584593,-1.6692567454398832,1.709091004213312
0.08856310989480289,0.3689650262645804,0.5262552521403107,0.6447776289218734,-1.2613488674752824,-0.9162034819541596,1.779876125428378,-0.08791362391735928,-2.810381817833904,-0.34874094015200735,-1.3649827879851486,-0.19098640560319013,-0.7285587744995305,0.012608626874743296,-1.1621934979045527,-0.7831467126881408,0.43477605941385183,-0.1665028346210411,-0.3192574923719258,-3.556282801202808,3.054931559961282,1.0563102141836214,4.343114218130579,0.05820056185581163,1.8075404095087233,10.0478670166245,-2.4494127328364432,-0.15042504974391163
1.927105693628612,-2.819312392663154,-1.5271738537704937,-1.6220617593490365,-0.24203737817278875,0.8369794617007739,-2.9253212700619073,1.5258927616436417,-0.649148754074968,-1.6477760110520587,1.356614024979623,-0.8344980543857209,0.7301263141382963,2.3403321181575434,0.5195429321057128,-0.5381161841869029,-0.4256059626111304,-0.47103174473319875,0.5750227392669701,0.2007638504479345,-1.1494342342822632,-3.098531329169781,8.827565402292354,2.2789682014184094,3.17257108289552,-5.775677908960899,0.39166165028642597,-3.5440282303630455
1.8371259672818112,0.5043370160175298,1.4195204511677795,1.2932540201392215,1.5095976253174876,-0.4600955773866618,-0.17677267288900944,0.28784532812301955,-2.3259582339175555,0.8311916633781778,-0.5736012171080201,-0.19700876182382787,0.44249453136960326,3.0728246653325315,-0.009766858650592208,0.0019508295878121532,0.08049253206129892,2.419531248720425,-1.0901217762734976,-3.1357855812787667,0.45669979505887665,1.4761212282040783,3.5380211210851376,0.2939306008963398,6.938436951886896,3.4606660458459726,-9.228847478268696,0.7230120376080535
-1.0436652508723796,-0.1399431834468272,0.5795572984082186,-1.0128910361013292,-0.711099419274388,1.344369531666264,-1.2634978533287284,-1.1641610698532092,0.7004922809134527,0.9997261259332219,-2.7338301378817444,1.6045238775771402,-0.36561314441807746,1.8184780183218563,0.10080212681082533,-0.4004342456580442,0.02333480841710005,2.6474649955527756,-0.30897327527150736,2.243382375986922,1.3987702319714224,-9.299140328184368,-4.242629471583694,10.226164806816707,-1.1114990347410292,-10.84595360617808,-11.783793692996364,6.6491130237507745
0.5459630824971187,-0.7234952084037559,0.016121645991462912,0.24000051694863167,-0.497911848509354,-0.3285369765157711,1.673212039054237,-0.9573135307412168,-0.25744232105201037,-0.4273932872718529,-1.7604679949669144,0.2877360392775171,0.6833887857941026,-0.03231701944989001,0.3629466274860602,1.2781305353502908,0.06896802200649425,0.9830519713947405,0.20585823623816862,-0.007226026987895512,0.0920918611589333,-3.0723977404900813,-5.931971845238178,-2.150352085259281,2.69717108858614,3.287154906140011,-1.902728245277605,3.0437771469594246
-0.08317185863960407,1.8750729807578528,0.8596958554864157,-0.07649593018311335,0.9642469480389635,1.8689067973947477,0.17396522544397414,2.3567665627465764,-0.3672249207280193,-0.4199181607594502,-1.7365344211701474,-1.8881279449638466,-0.9376338239357435,-1.1432281036289553,-0.9608509174721357,-0.6659844853822483,1.6529022580497008,0.03638199352625567,-0.8372208406100129,-2.2497019332623176,0.13246684511034687,-5.731227177788468,-2.1445343872564018,5.625278378841489,1.8705123160566202,0.9957986242251196,-1.1893938480531456,-5.700637342923829
-0.7788963001458443,1.6759638898598224,-0.12553294104506146,0.19887591244593011,1.0780892749064916,0.5190761542994926,0.46089807573621644,0.14179507695481766,-1.1083141409621569,-0.3956629517835748,-0.1513955703429652,2.3458564255635457,0.3876352455457274,0.9054250689692712,0.8700535012863272,0.017574631853313004,-0.240740491135154,1.337633831099604,0.8673262193958492,-0.01867625854681082,-0.9460471399780565,1.9438127598529005,0.3255860499575547,-2.698692222646103,4.04811594448126,2.7340825930559545,-5.97775279229024,6.915361821584166
-0.34762028130635403,0.46463632958965784,-1.2364140394164211,-2.3267007585392037,-0.9318804009158504,0.5116732222074656,-0.41014681152483423,0.2318287316503286,0.2018890374581651,0.03201934501788501,0.9950513494324019,-1.3782821849975673,0.9845660364268417,0.9501983223064997,-0.18171085589400382,-0.22554515766402244,0.2831890368486581,-0.39208096937842507,2.2736082753839413,-4.495048106623542,-3.036323622365423,-5.423913953412505,6.906198781428288,-2.645418001202671,2.4350075385263468,-4.418392658941198,10.161455482921065,0.3735903436654825
-1.0332857980522752,1.1168677380497805,0.2280177786479003,-0.04616339257557518,-0.8247975618648803,-1.1053010031754065,-1.1218781650932652,1.4947840958557033,-0.7848686328690834,2.0111398809549925,-2.066193288676453,-0.7012787725874965,1.5279024886815689,2.1352971041620816,-2.1843004421401555,-0.20320714488855124,0.7294120530309205,-0.8700403432252279,1.8316072534771617,2.022555395957235,-0.6885581549540053,-4.36674446455907,5.314312404861793,-2.099544032840957,-6.93530655264251,-2.3183721445172103,3.931418377746728,4.336734951167151
0.7799743151031078,-2.166308434515552,-0.177539403653124,0.36880660146087507,0.5669409926282091,-1.124498173439589,-0.7956198551409047,-0.853291462977964,0.2638226168957638,-0.07161827659243186,0.6936873482978182,0.05453007113551973,0.0763098301390848,-0.9708399457085827,0.06876272941899195,-0.17047041830281656,0.5358306381405071,0.6225583346694591,0.5329940283658683,3.2736494286780666,2.226786452910748,2.219719353513532,-3.549718516148518,0.8522679928924819,-2.3235322870014903,-1.0255155339484612,-2.389863775253749,-0.5905419160738195
-0.9865303438935062,-0.14521778670179603,2.0422853681134483,0.06251977455413439,1.5023181303543027,-1.4477291098941376,-1.6574785478084042,0.021663109289916622,0.09931923118424116,-0.307001552879498,-0.9130533945430355,-0.3146087940468396,-0.3064945951158803,-0.10483791111216079,-0.24330321217016262,0.6597871106274052,0.18529239978796325,0.01774099716784651,0.5899024245786597,9.197973268508347,2.9781288712777845,7.205456870616834,-0.8362771030570871,1.425172462147989,-0.4880043964168657,-1.9890641263471793,-1.4336065648887684,-0.4055710412437178
1.1251612945222886,-0.8908863670567958,0.522973511151836,0.39116527420710534,2.427094435681377,1.365728585647766,0.5178053121848087,0.7677876765603046,-1.3686183986820633,-0.5026355961947889,0.3228027695315157,0.27448830612252,-0.4923557460726918,-0.8463600513074564,2.6731242691779817,-1.0696086349041933,1.1960407006914378,1.074702756584553,-0.8393133858499355,-2.088146549575134,-1.64328440176789,4.288274852027713,-3.263854995726525,2.949127237530028,9.058670312426162,4.313389609923908,-12.594283170353558,-0.7721200692943276
0.9636646464795524,0.2717714881278082,0.3627073361994189,-0.3349353367823112,-1.1668705911359905,-0.5866077828096141,0.12719562547983562,-0.71978357935992,-0.09844006326639,1.674071646912106,-0.25064548574527207,-0.8527853430062292,-0.5970718223531964,0.8033063087944264,-0.6034871521939926,-0.24727172245713377,-1.0467753034152876,0.7373817103684718,0.38120295723805087,-2.1746130751215254,1.4303729232436244,-2.9036667664485076,3.833129386624343,1.8261099416363273,0.4367169839982923,1.0638184150441,1.3090892595973143,-0.6240040165247329
0.6143730369543084,0.31946071484496535,-1.3507637263258445,0.7521383765681251,0.9385211281951084,0.6392489012975541,1.4161511906674062,-0.809254304198285,2.0064576034331862,0.8355857717974753,-0.7174528023796203,1.2261153232891435,0.1635647242486701,0.41136800834474097,-0.1716821536422108,-1.8186734205738442,-1.2178713306561528,-0.886798307001651,0.426236741469123,-6.6946173478840185,-0.7774220528846716,-2.679256100704999,-8.914404431380172,0.7908991764005843,-2.4927365885081785,-3.4859661501857824,-7.905541925669787,2.301738931250962
0.0860304993966751,1.7600832713117929,-0.3605935050341761,-1.1555217525431607,-0.06870999670183763,0.09355024673395868,0.8286392659584472,-0.39053246229785776,-0.6020506457936607,-0.3496091962782342,1.1349911007104636,-0.0826169054929676,-0.33698057120381714,0.49065803426199645,1.6606478705755294,-0.23375759475775978,-0.005140243361496079,-1.1878942762918372,-0.2548813622320174,-4.982635412342649,-5.403357748371663,1.6449436883585107,6.8183814001273815,-4.098929956069053,7.421873757658209,5.253785247080094,4.076016704897769,3.855412471332069
-0.6733010350090776,-0.2836867461621685,2.47216268330547,-1.5912985426902064,-0.6727344653499133,-0.770422949505184,-0.8131400249709188,0.3047800038900293,-0.5830872259972506,0.36613227141407495,1.650409529722591,-2.0321878314376414,0.78054087901202,-1.2720673035371681,-1.7527012492987186,0.5733775063642693,0.2673315325928587,1.9138204920674133,0.6120699017672342,4.293048802973167,5.890621591126677,2.9270023994279395,10.088109844194308,2.097408078246907,-0.41030588895902764,-4.250596874594223,8.93109710289234,-10.333066561093847
-0.8550075342415919,0.597196884056317,0.3502085672612991,-0.11895226705319671,-1.3526389724081052,-0.5119857834108779,-0.15663578216926827,0.780177349541413,-0.14582232175243406,0.29014080580249696,1.2215116485414688,0.13093354967941429,0.1065157091196802,1.0670589659887815,0.11549274266435877,0.10653353453935635,2.086015608007389,0.01714020901135376,0.09029746174349601,-1.5648245039166786,-0.8699046084806152,-0.9064307691999406,3.4980511102604863,-3.074425124015173,-2.2537701821528775,-0.3267769827741464,3.931502590260546,3.7405733174948295
-1.2290810290017462,1.4901040336132756,0.0038366608778932308,0.2672046846801535,-1.165831881529563,-0.5183406953557969,0.6114430233413746,-0.052393522810873054,1.3248549768993532,-0.3503893254096795,-1.284098454457456,-0.5616753951721057,1.17322625922554,1.3213567335893153,-0.3177202993721369,-1.0518138344911458,-1.6188756982048944,-2.0186069790897228,-0.15751401139554508,-0.6757919517786343,-1.454067699595401,-0.08983319615268376,3.5429401504202658,-1.831398328263956,-3.201282311119409,-4.324834936971713,4.647799901488403,1.3388171933816722
-0.09336886709833116,-1.5868029609161982,-1.88423786762581,1.3100810982340194,1.631815238456657,0.005691941959391527,0.9482929213029756,1.4837974080247358,-0.8055262050685068,1.3791923918950497,-1.1856781875771993,0.32298873022949437,-2.8614663017011805,1.2871860649670295,-0.24824788833641764,-0.592213265473586,0.628778333252183,-1.6544659514991882,-0.36927031609925154,-9.079765602474758,-4.337295121861508,5.368776001849884,-11.517668920180258,0.23006692224060227,-1.5072450040218435,7.131038573594723,-11.695798691580283,-0.5411139657525069
-1.171424008866429,-0.5601195751721212,-0.6485735787210325,-0.5752761999928329,-0.5709470600806908,1.5714902110024511,-0.02775482730078958,0.6555850962474502,-2.0082612477202524,-0.9013108967871214,-0.9181913643997567,-0.3499498781480754,-0.48966839403422885,-0.14233204599887905,1.1415373436729461,1.2438334921107368,-0.23868007256690182,-1.9090474071415546,-0.5516327523281888,0.9095324168680917,-3.528578733586988,2.003423351531794,3.557064459094495,-0.5169507326974863,4.413236174264658,4.508146380348665,3.451841974197174,-0.5512078881230493
0.21670098175748326,2.6477618557359466,-0.853132831209635,1.038957012028514,1.223324148855113,-0.3900374676474981,1.2933721874278181,0.2033130994266613,-0.6393605444794246,0.12572126345969767,0.5467864089224886,-0.27081782069399546,1.2153551685478925,0.1448541207941188,-0.5844873999445596,0.48010392645142924,0.493899371322142,-0.5816085272715035,-2.1436013711080966,-5.541523220904381,-6.818203167387842,0.39583599377193496,1.8657665480999535,-7.626986109876263,0.7282152809466333,5.450514922157161,5.10252811563086,1.4337058409556114
-0.4599652571714652,0.9874059581873922,0.37989533174904977,0.9210774905934533,0.4610219523466173,1.8958783578099048,0.8748900137262872,0.2046928688511938,0.07953973505826008,-0.19868938732590524,0.5641046920661122,2.2022217034303977,1.403445143749967,1.1242805760000283,-0.26778727316930645,0.07998639318590975,1.199033567255578,-0.7331601403149741,0.6074896759074018,-3.7217903734228464,2.1812029792034964,-1.300417720869521,-3.7552849043829175,-2.5079552453176253,-1.4636240722773308,-3.889428805316378,-3.6091905300910585,4.0157486641163365
0.7556166059540023,1.3384001985781433,-0.33251714935405396,1.2653316164604187,-1.6953718186305486,1.8284840305439707,-1.3141032510569317,1.8720311079186258,0.38778012921970445,1.5241542966375652,0.14014752363297767,0.599800782396838,0.06391925871159014,0.2749133592645415,0.7710838802934641,0.1311646284275124,-0.2174277066805966,-0.6004292480052086,1.3232813711528468,3.892253769922712,0.8970425638640094,-8.10054569316267,2.6045136837120912,0.15174564256100165,-4.8858897490611355,0.6584441979679256,3.619193836153619,4.832510714860977
0.8790473068520616,-0.3024519565223561,-0.3490963332044748,0.07941507635370867,0.010466105131147636,1.5686662660472868,-0.6815816259316286,-1.524857422288229,0.5147894203914697,-0.6765866100054517,-1.1031959397925912,1.9594138962942205,1.0226003784317765,1.14967352884494,-0.8587478665088856,-0.6194091523321182,1.836747958680325,0.5601755703912868,1.920742905464001,-1.0209859667755679,5.263152871967007,-11.327857736775417,-7.611329346133233,3.6240608005948056,-1.7451636969321613,-8.405868009335634,-6.975502668942729,8.062762360252027
-0.9911237982467997,-0.6962197534000903,-0.028088548487883017,-2.8369911412050035,1.1295808909551122,0.8300780330384421,-0.7715700329469944,-1.4763809771994962,0.21247781640256094,1.5011610005816316,1.227506403699442,2.166576859318486,-0.9572129493101531,-0.28167662038581487,0.9347101512181761,0.31946272114098173,-0.9339509549677993,-0.9988351850377172,0.3701905378821324,0.27708707434817476,-2.7954390292936186,5.82599868988379,2.254744868121456,2.710580781413791,2.411799956339577,-3.1673448942554536,-4.605791858520942,1.9734927572889962
-1.135254045551107,0.8394203572600321,0.6624546127503008,0.5171889716412045,-0.739673950695057,-0.08370163035786204,1.1692702697526443,-1.1196248916945326,-0.49412126550725644,-1.1480149657956926,-0.4847718849407863,0.4789142408492533,1.3732110257322014,0.061602943317684074,1.4790920019626908,-0.33439830606280135,-0.9845642540122022,2.2241499985641138,-1.7539368442924188,1.387723885537022,-1.0620628714959885,1.2979125392529136,3.836108657594239,-0.059084018345760686,3.8491948885060285,-1.0332992658206739,-1.8627496283476395,2.1075592814441713
1.2673934934326887,-0.6786957454790211,-0.4799166057921821,1.6329775417145787,0.5208613455260193,-0.11921676845386954,0.0163986208418501,0.48086472191011653,-1.0096825051513065,-0.8685058358383532,-0.4467343400017644,-0.08660166573192823,-0.5678822758240318,-0.1935991792235669,-0.7531431495989768,0.7301505489326883,2.5416627245466032,-0.4855655125427211,1.7624162321893517,-0.6285663072895767,3.2707435241237257,-2.902725342027329,-8.227139906419684,-2.9147089684580294,-0.5692866413366531,5.729830285385527,-0.27282166567782984,2.7725171377263957
0.17110544328214466,-0.5022374470649321,0.5201025166870081,-0.2673789379831186,0.606288788639434,-2.002643556034669,0.09950797509534202,1.0608344889301997,-1.202351011561891,1.421545006292517,-1.4602846715042792,-1.0899181241356002,1.2603524387265803,-0.4098572598248813,-0.8329498299112282,1.3246578476214514,0.8669619798503612,-1.0031563764204356,-0.21177729190923034,4.228472895939502,-3.8362112789349645,2.616443741121381,1.7828161359643375,-4.702811529911648,-1.9734616362039696,5.807889431632298,3.1169962228737047,0.42355079650610694
1.5064057901267909,-0.02501393442738744,0.09689433198698026,0.5945156625970599,0.469727945425513,0.5704131001192229,0.45715101453319423,-0.03038791368543092,1.1942094368962153,0.8865354686048592,0.9355992479072176,0.2803793388623462,0.10187559174189718,-0.9211500095887765,0.7395844928470624,-0.256306609084073,0.3039041440534404,0.7489243440276484,0.29172895350370287,-0.9792468085438877,0.8742919600630727,-2.5721136468268697,-4.746028080538435,0.283113747919436,-0.16328471294223199,-0.1390520044264954,-2.378285651534643,0.22623007762014435
-0.8909101982477058,1.462742742847077,-0.4969488369334555,0.00036929867908499657,-0.8802323629129815,0.758705729450709,-1.036197078615183,-0.5106416091879517,0.82553439874968,0.5780083176002252,1.304104821959299,1.3644131725616364,-2.030887062074791,-0.8169297366704241,0.865718059931793,1.5901449464849018,-0.8876945981380464,0.9861033292977222,-1.2280723251145376,3.7333188756583726,-2.090033575449751,-1.247619569037968,0.06009833805527376,0.8372172622166876,-1.812321660742192,1.385727566259248,4.068986703611161,2.8651765656312924
0.4505286699791375,-0.9000152924788022,1.6772778773575177,0.3198110388942081,-0.6842775552413936,2.2374408338469216,0.16740257244967788,1.1764393485269669,-1.015455215247611,0.9346275307659015,-0.4282812463273172,1.7192473900414937,-1.5120164487636842,0.1915963476368448,-1.1836014835304882,-1.4249729754307006,-0.36396608086157495,-0.7737704026686495,1.755134078068104,-0.9583717222303803,10.758909263433829,0.11829931255692998,-0.34945789320509013,8.407000973843477,-2.0809284561674386,-0.30032638748595647,-11.645522231937186,-3.87906858862989
1.2177126175548396,0.299873646897933,-0.4829239671552703,-2.1566438754545354,0.04254819300747262,0.0616605532301756,-0.153067727290783,1.5541208464335454,-1.5740300761157497,-0.8153899748632162,-0.27328549752733317,0.8994732651044784,0.32577469549222676,-0.30006508064232496,-0.297986437199548,1.2714393605276488,-0.40506059112418746,0.11699458472182729,-0.20608997195465534,2.2169222140251117,-2.8305526146026065,-2.4520300119801184,7.171838396384937,-2.3337106618938828,4.600240880669097,7.582453436802532,0.5115234771774262,0.42298395306974285
-1.0116818401701435,-0.009406251811693805,0.06064588723928758,0.21483633507523853,0.1806314416264246,-1.3862877101990938,-1.1237809089500816,-0.47993963958287905,0.11261733499405843,-0.14635914207719572,1.9324928109831365,0.5853654554194662,0.35618305091945796,-1.512676573215849,1.0342088361024346,0.15868414433880515,-0.9110120696709461,0.9206717122174569,0.5785327155730388,7.723157995231029,0.28239106648440443,7.180832205181418,4.739463122646472,-3.041688778657206,-1.923716882430392,0.4184898901541681,4.549078467249455,1.0112301502905736
0.7463511739022546,-1.0355348500665853,-2.621009769718256,1.1363439113956733,0.33977844514935673,1.362866636833812,2.8865156660983464,-1.9381374561130804,1.4200625537915275,-0.7160260947059909,0.34498636989958875,-2.932519229496101,-0.6658816078392402,-0.33756391070053104,-0.7172788279134317,1.305073637997232,-0.4696767675111463,-0.07352919716627429,-0.23772243367650006,-14.459557745181371,-2.4548255385515585,-4.209731418607004,-14.403863836221577,-3.3613454904139015,3.3908328719350487,-0.6968495063394821,8.56205889232353,-8.913852054335582
-0.6694895445501795,1.4976550148869165,0.338807594081151,-2.1579584458274916,0.3869057671922209,-0.05485079409056467,0.30811516228656527,0.00018728900654033133,1.2677187793967506,1.590663834230679,-2.120468696236077,-1.708050511439682,1.4020623042737665,0.5137656833248201,0.3089558440549065,-0.09018588966934225,-0.21371456363071725,0.659822220109462,-1.6517432489865833,-1.4057772883549202,-8.483842159111923,-5.690023089254241,2.3619857026355167,2.1070803036849988,2.247848199747857,-5.904619383118993,1.451153437711836,0.734964290753387
-1.3252247631000211,-0.3255581555636859,-0.1755810656668249,0.09919565628610545,-1.2513538457435733,-2.019953154097345,-0.5231918582490686,1.1589220699134728,-0.6031055507984168,-0.8003397829278454,-0.6740286476524763,1.8770069042518955,0.5929380359105484,-0.8785087732377809,-0.8234344899355397,1.4848018514671,0.4512141753587078,0.2717109003078256,-0.48831960301929106,9.682253815242406,-0.22508400845998697,1.735916116006051,1.7877585323377672,-4.10131405163869,-7.288027364174914,4.785610320320602,2.049803114102969,4.55656851197071
-0.3068893454016279,-0.18467006461871016,-0.19210571949820118,0.3723743238897427,-1.1447835180114867,0.258392357175397,-1.0315008297852823,1.7747298090730614,0.38053026751294455,-0.058886955946189444,-0.1139064810349867,-0.42853415025029395,1.7814841202619403,-0.5171137296992372,1.326437354532633,1.4988029358869228,0.4149295461240587,-0.038798249765005316,0.9251971972497448,8.4459963362242,-2.2638925662017035,-3.161178224269207,1.8659107593413429,-4.193940988705928,-2.9849402532269353,-0.7057039330669648,8.19469174447135,2.916929846594212
-1.1910946282920034,-1.4855961770599373,-1.6099393268220477,-0.8189039007588036,0.35077423553311265,-0.747278623861286,0.5447998689261914,-0.11321670372732824,-1.0031379853090188,-0.55497268905625,-0.40406080008388584,0.1520255260274753,-0.06686277244438896,-0.32386272656658505,0.3269222472743156,2.105716104231684,-0.3857488701065299,-0.1246913537117425,3.012913151419538,1.593035465463473,-2.0221938425656347,4.670677074051995,-4.0410799818484975,-7.117297793691992,2.7911080391379386,5.355183126320087,4.781806398354785,1.8385711897354027
1.641628857503237,-0.7692186602716149,0.0742349939404975,1.9704582238208046,-0.932901090876326,-0.8348691993403898,-1.206888844746893,-0.14436176286638872,-0.02418520667550753,-1.225827037741489,1.4704653583348373,-2.3101730402879133,0.4545538750102587,3.19833904970797,-1.749498483636638,0.12119701791908007,1.107537673238246,0.7573020155697077,0.010110431982266452,-4.876406228095183,4.777302427799286,-3.5866978004736585,1.4252284526162926,-1.8852446457831067,-1.5611319386257791,-5.089885224775341,6.836521962890473,-4.192533825791957
-0.6019755830316803,-0.9698442833349543,0.607525262437403,-0.6817756387261571,-1.138743815436405,-0.6197760319533958,0.236566126445842,-1.4329031750230976,0.8112173240913595,0.3817174978314275,0.3054007281850604,-0.8719909376089615,-0.04948596580766193,0.6261578337311651,0.4075157072528809,1.067297242332753,0.18877383052038485,0.3914097337081493,-1.947482643590571,-0.8565646011355642,-2.3205021731265973,0.4608804584571635,0.16111007851765805,0.6168007414047136,0.01362758215986793,-4.030235921917891,3.447922079836885,-1.2129031903430565
-1.2183076270145592,0.07111329814103437,0.944359927118218,2.3052588244105614,-0.8281485855164469,0.8617230051016622,0.7562618032233378,-0.2953781724697253,1.3898238667142908,0.18159944781228707,-1.201920540591284,-0.829419619073187,1.1718567439912209,-1.3015646816968947,-0.6214025781204914,-0.7445941378333015,-1.294433565455108,0.06015241641656386,-0.4873179584148608,2.9649948816783134,5.207286824711304,-0.5923340568631417,-4.442981484879856,3.3084437534588043,-6.808495030918103,-6.972974244954628,1.4002272191341159,-5.461428244388743
1.2723121466256795,0.6336400281209608,-1.8557141963859494,-0.5765264332897195,0.16831064919622915,-0.030986431617951025,-1.5890390018234728,-0.13156454265839493,-0.08617641569596164,0.3424947803594603,-1.2052732986188055,-0.2853321686693328,0.9166973973843773,0.39479137637560696,1.348809114818835,0.1422879781906003,-1.733465851061619,-0.8555051045566715,0.4888030796783539,4.447285630817962,-6.471654672380668,-5.1370383655117635,5.061179770915083,-1.6908534396464843,1.9992141508444223,1.7571825467902116,3.5330321134494356,6.4379493616950345
0.21657889581414672,0.9191912916227586,-0.46724798239540755,0.14283325756381307,0.21692157423222308,-0.19986461658005322,0.9169048970912445,-0.8617827793112939,0.7115488855138357,-0.03947449707894422,0.28166302129382015,-1.497547131884921,1.7619617468492466,-0.4500592930766769,1.0670849253603847,-0.00310534038937556,-1.0683259469975706,1.1865897594490675,-0.048011390518873855,-1.3726893713845374,-3.513643302282664,-1.5045500943379055,1.6516767663284826,-3.7256350356218078,3.8061610334651244,-1.402681785792876,6.417252369824267,-0.5582194131485455
-1.0761612602691981,-1.2507926265315639,0.6595792565809094,0.07320677928950992,-1.2032226003406983,1.29090827142198,0.8320911452373557,0.7130598488472594,0.012609401081929586,-0.3750636160255152,-0.6815091839816688,-0.35546881917811046,0.4802986268095402,0.7374929071356738,0.3686642187575239,1.597563294465689,-1.2528443046397588,-0.4835587026031452,-2.875431570140238,0.08942140484208706,-1.6271243044891741,2.304693538203016,0.6673453151294192,1.3083184045570067,-0.2101119146933784,-2.8464478913543387,0.8139740557194682,-6.397999636442354
-0.38545743581562136,1.1970480934268515,-1.032030521011086,0.8762495274464133,-1.058337002693705,0.6382069699952987,0.44783659007058557,0.28108290136296343,1.029543637172697,0.880683557753857,1.4764531423182503,1.9462558949843325,-1.7028790583276907,-1.5123281054055226,-0.5889139608434242,1.69176177745792,-0.7494995912483657,0.3732856580271143,-1.6366725875334747,0.45036272221134316,-0.9107565360634533,-1.4927385078752258,-3.6055043400025357,-1.7043447281024127,-6.595144986099397,4.478986786446617,3.2186143116624852,0.13754892215972653
-0.7441224425223648,1.3800633532128033,1.1708994977522529,1.045549661289274,-0.9334954580322904,0.983319237860331,-1.1218963246492515,-0.8067406757528508,0.36311550165646717,-1.006652851717588,1.056388131588158,-0.9502365903142973,0.5076992432390125,0.4488486453187732,-0.1498766091984938,-0.25175316662290936,-1.0002260577392512,-0.2888479995230632,1.7612292619272998,3.1352864122477557,6.762980204485264,0.041062716629293505,5.484978906324389,0.6159872475506138,0.03273946189935668,-6.4008935448883,9.063878608192356,-2.109922373003077
1.0230760463933344,-0.4767924505431307,-0.030423680791726332,-0.24879832645607367,-0.5734478844219264,0.8178619852913058,0.8957104539101209,-0.45316422847260707,0.875378721485255,2.585169227589438,0.3182002165758678,0.2537749018478482,-0.8666059793864542,0.6452713559453668,-0.33656854025695904,0.6134709172694719,0.5265180951436408,0.1294016976161793,-0.05655884730186114,-6.035351429529707,-0.39040842755471056,-4.712124982967421,-5.145315615642321,1.4875067029505855,-1.7063102186586319,-0.7046348329747488,-2.367576679687747,0.39520421779744813
0.5430267529818624,0.45093836555208394,1.8761635798134924,1.720797325872003,-0.15836108965471124,1.093453100871985,-0.6378722083178051,1.8377110377045618,-0.5324396961699366,-0.33462387912182684,0.3220125231688178,0.3160722256693339,-0.045674135053772616,0.7004368539981776,0.02392096725673237,-0.36889150155831013,-1.2198865552755056,2.251690218238273,1.477820381137307,4.219405787682893,8.779414116489756,0.9833622071273574,2.3191747770872495,3.241983956711873,1.0307020188023779,-0.9271081169403983,-4.52625550734266,-4.113484190500575
-0.15446959409077315,-0.2196813087381774,1.1636473453282414,0.6166318265553035,-0.03151943727266273,-0.42453536551272586,0.8167490457086408,1.6894335860703844,1.5966634806323394,1.0379234746630142,0.645087248339422,0.2537004168801215,-1.097886820901756,-0.6527411795815803,0.35435134669613844,1.1547581123434707,0.6863095488461523,1.515636104392046,-0.7800089965224751,1.4381386575672734,0.37300042322773297,2.2825761259566257,-7.293221306129028,-0.31923995873893996,-2.921297156666728,1.7625620811683613,-2.4586747702916805,-2.49810372067116
-0.8936494815307088,0.15865553038876692,1.0443753437530512,-1.017457264977985,-0.6576127214761086,0.4768087728022112,-0.6773445075528997,0.4355696680289078,1.9001944624409002,0.29261910887537984,-0.08747878540281283,0.6322429993661461,-1.5427285410273537,0.13064164166736175,-1.514247535109785,0.09688430655324672,-0.0814948307219458,-0.9898700174630671,0.04180886114117173,1.1605011567896393,4.097902367628189,-0.9093986351342329,-2.7232164476023484,5.116133124014368,-5.355324627231065,-5.987051496677531,-0.5751713505329484,-2.8570269745110295
-0.9145558580602686,0.33679394123648543,-0.8036448737860338,0.22116896039878298,-0.28848044984596705,-2.0319995510176403,1.8512860724863611,-0.6641000045194466,-0.3734998155048091,-0.6655510065326623,-0.3722237709364802,1.4718578422848891,0.5548605560954014,0.9339901863169875,-0.38964722705707366,0.45622332963245227,-1.3867211705689257,-2.8460216193491386,0.6118206522920411,-1.6668240639665646,-2.335621941539812,8.109868806287073,1.1265792561222685,-9.402536657388167,-1.1255475281759884,6.850528656226144,2.2822223397824937,4.730279843827895
-0.162861488473458,0.02980997641126373,-1.6431293373451146,-1.6638264997495675,1.4070231285323527,0.6223765077678253,0.6362613414367072,-1.757601766052049,-0.842843015242993,0.6987520885667701,-2.0922278497797056,0.49557312006905974,-0.24740122646804716,-0.26642232742781324,-1.185319230745557,-0.20776514340171487,0.9999479369697253,-1.6281561285469057,1.4585973802315413,-5.850231671352291,-2.8998249039540465,-4.494876131028493,-5.746281924010414,0.584462702971072,1.878375248298854,0.6271169432728413,-3.204324166502806,5.016169087816135
0.0006672269359195024,-1.2906974358915506,0.19342698277215498,-0.39701844817194876,-1.518970501399538,-1.4291761414373414,-0.13992405983625944,-0.6243579075082608,-0.052597397232815264,0.40063604262228353,-0.19084589702464078,-0.885437160696786,-0.39570767509093635,-0.45822241514427026,-0.21355521767443764,-0.9419789908795061,0.6072637309592952,0.06436159998269315,-0.5060752521310927,0.6259089747386307,0.7749007491464126,-0.668528706761982,2.386231747831511,2.4924217888900912,-2.6539882126335104,-0.14122272250979334,0.46777795397283034,-0.3691895327941666
-0.560465225456941,1.1773357281083014,-0.6189028125976425,0.47581461107458656,-0.057807538068465156,1.3293655384723095,-0.840418065462029,-0.007608447836310147,1.4815560842677586,0.75072300331678,-2.480317136068537,0.5648744712939312,0.011262823110074075,-0.03533006776579312,-0.4985997909078223,-0.9750382336697074,0.7102360724931303,0.34075377629330517,0.39082334702422206,1.4575921751630168,-0.026205953393596264,-10.763937666761823,-7.562237409554156,5.509591975461863,-5.675322565502378,-6.907239009600486,-4.506429821374822,5.8136639224522515
0.9350729758365228,0.09938020074730057,0.5805839415642262,1.5065708410639902,-0.12930953028183684,0.06689812855897681,-1.7189683061811338,-0.09010214189465746,0.7954746300574925,-0.1261786177906953,-0.7311579428971615,-2.356559428402274,1.8089688657541274,0.9584491067364126,-1.1215442596909189,0.4451443118548896,0.019720953165778463,-0.5747373366761216,0.043524031981783166,4.092165045002497,2.63211785763262,-5.067011079997144,0.5979170186009491,0.26694490966193357,-3.8032617197652634,-7.317715978798728,7.9982116362898115,-2.926797294877736
1.8125275965430725,-2.361399415900852,0.07508252246854062,0.3111065447974244,0.6675092733193921,0.5886745591497465,2.020810094202274,-0.4848968300621429,-0.4642873936989871,-1.2221660734211468,-0.043106670642409244,-0.628804327859978,0.025643881597459714,0.057316150758089573,-0.9796365375389087,-0.18532566658085153,0.0080565236813595,1.1649355683879068,-1.5038825678069363,-7.83378627710714,3.279374789822741,0.19354756827305292,-6.126843202620853,2.966290917040537,4.206654760847481,0.17790033415245482,-7.439385388400984,-9.325083297108149
0.8165396030756489,0.28980465837058417,-1.3072707535154902,-0.32319893820382817,-0.14315623922858203,-0.9913526797090418,0.6461941134803356,0.6382596266085728,0.5937534242973148,-0.5366992923446424,0.2963943954716143,-1.821145221645933,0.5333651387775533,1.278543659155734,-0.8345505648292274,0.8380508868978048,-0.5897100465774546,0.4963626092222733,-0.6840353040510684,-5.403736031924105,-4.669172270086048,-2.762318994739147,0.9325112973288676,-4.909704969378276,1.566719021182097,1.0859805219620409,7.235333716241628,-3.5945682053792365
0.5830948263347533,1.0502073927935767,-1.766287318389803,0.05251432645432932,-0.5502021115896855,0.04681256603080695,-0.25838441257744255,-3.3229032086429062,0.880562751533192,1.1506311454075446,-0.5234642213832075,-1.3340741189347947,1.288575604487485,-0.09781009871416854,0.13021330330712388,-0.017348585444499343,0.6784792941098862,-0.4249410103900775,-0.15763063565374796,-3.1578567096174592,-5.213550247006981,-10.437277510391787,-1.4968552574987026,-1.563993934008409,-1.0221988805819893,-4.8349426862469445,9.127678654084589,7.199928538593565
2.816777691138463,-1.0567958031201652,-0.632408784797814,-1.4644299817798097,0.4437578752383405,-0.44684675597825513,0.6502460624393992,-0.7258959639597907,0.07008337196364789,0.06870623290323635,0.11254304979798689,-1.7695415725537889,-0.1962771159875099,-0.1373544198539906,-0.8997798589393028,-1.151954252568938,-0.011395224088368591,-1.21590424673684,-0.6633214494777278,-7.172174012465936,-1.2542729553123526,-3.4285462686662234,1.5956226633600212,2.050113589615226,3.8510354567929963,1.8791145587094173,-0.5385331664313019,-5.140672806028565
0.7577329602939494,0.3503504131211133,-1.6405937997116051,-1.2980615791386223,-0.5752396428069612,1.205554164959478,-1.6502109838871277,-0.6957348264421352,-0.6569097652284677,1.2037142867407458,-0.8650999220843709,-0.8118344938382877,1.2734615383555614,-0.1491244574293669,1.852725121088701,1.1595047363487114,0.39071222197568484,-1.80408387340639,-0.8743142393066998,2.9879397722002494,-9.583254998145682,-8.48277209300633,6.066214202300045,-1.2854254994637013,2.0221318943876723,0.23575497091699882,8.330095290505001,7.5972255471361425
0.27465109455253983,0.3809283924413496,0.4829184003533796,-0.8616878426843295,0.23019674382886668,0.14016904648300954,0.47974533266378844,-1.187711726138824,1.2602319946880154,-1.0628155210154429,1.0361938385558962,-0.9974420068042881,0.1435590215278863,0.5460875817265711,1.2477504164271882,0.5520358054037466,-0.4846578187289916,1.6437384978404135,0.4830037229265762,-2.060791063757247,-0.15830847879837506,-0.2847578964283911,-0.8919321334988551,-0.9740080801987571,7.11440771622232,-3.751192407777545,3.4759085455512646,-1.3745533304238156
1.0631662426249984,0.040718874917784864,-0.25044904290987,0.4582474017254299,0.9189475849656458,1.1198219831282366,-1.1079709673869882,-1.721711300028712,-0.5303044714517858,0.49441953073843115,-0.319951896522165,-1.5088796271066085,-0.2547015287542161,-0.24892236964352663,-0.8223051044109557,0.7086189181035937,1.7999499871085705,1.7812666947395452,-0.4543963383596539,-2.2152792088497826,0.8644487646555192,-8.404828875254921,-4.753751731207775,4.0189143740543845,1.8456174128132135,-3.821520579924233,1.8173079883293548,-0.8543129875294728
1.556590974136445,0.5765956344439195,0.261050385086169,0.5508934208958414,-0.04244107515598198,0.03859584687399456,-1.129425688497568,0.15908975530495853,0.41833615191279716,0.45194646425361096,-2.7385055952535957,-0.16316041169163875,0.022845330648636426,1.210758328248413,-0.8554272131467101,0.48463340197365556,1.9627343641039108,-0.9447855510488679,-0.7697184770485243,2.1537078155113654,-0.6592455519255263,-10.506319803675039,-5.299886362809394,2.558127405053456,-3.177047779074886,-0.7800893111194687,-2.957073995637516,6.637609345342358
1.256295163746715,0.7166587363328926,-0.008760470747807957,0.17769455329496636,-0.2020754166947389,-1.8734218773815163,-0.013277048991609827,0.7571299607263611,-0.7860470281920232,-1.2150708768503578,-1.2912154598828762,0.07784196233257153,-0.7284962440425342,0.9416086624261462,-0.6878647434306616,-0.6173105984852763,-1.5971535184734502,-1.0870335360801848,-0.7741127087417865,1.611643488073837,-0.018256247417965374,1.9824942363423865,5.568587449986733,-1.1344771048239575,1.5872297898706802,8.275915152365851,-2.1750392170404376,0.8095860571083737
-0.6215617043246445,-0.16725249342782872,1.852175771599555,-1.402700170892702,1.157830557921023,0.7997692284058793,0.3196012106586449,0.3969295651702066,0.9931937178912992,0.251716851501457,-1.3516292054360513,1.9830750361060858,-1.409151495598666,0.02509580054504117,0.7787522575726925,0.9795826384775561,0.03691683131227108,1.062834595129446,-2.237226935056144,2.5982984135392644,-0.48286166288058135,2.3663073789488447,-6.481507576339652,6.158151562020335,2.440222068798343,-1.9444342696163945,-13.276441922817611,0.20099338489630753
-0.7720726053382011,-1.6650214256231448,-0.10054521368151588,0.6921906078283504,-0.6198800754993223,0.48409516609884445,1.3782210316951935,0.896339927086526,0.6610879030241503,-0.015264359185809616,-1.3075228102068837,-0.15615115625973025,0.8077765752419537,-0.4589700172077518,1.128852516168031,0.5766239742864516,0.012533850830754636,0.8711717714610898,-0.09379863308552008,1.193517469414986,-1.0344944382743737,-0.29594297305116535,-7.497739988738275,-0.3809883400449663,-1.1985343904434609,-1.1368826353965933,-3.078537253107521,-1.071544158926321
3.0502460294643727,0.17027338294714595,1.3088863969730158,0.20861167018896293,0.6464384591743952,-0.6855007993883968,-0.10787582883568798,-0.6830948863404267,-0.41617413144259885,-0.19621809790135106,-0.5537870484125271,-0.1723082661520785,-1.0052061243276271,-0.3781468337205914,1.33263897842902,1.170649120388142,0.2581204421391419,-0.2343922904457352,0.43188148408518484,3.9255419052988056,1.909976574297332,-0.6037253184488067,-1.4866629915555967,-0.5672845702915565,7.120903017968335,9.15774834377348,-1.827056019835029,3.7426298255238124
0.880636216032221,-0.41713862038466926,1.5299631250792147,0.09015795244134181,1.861930212236553,0.6894966659659485,-1.0305017432786643,-1.658067787235181,1.1930867270899685,0.43722139380184444,0.007294649354206804,-0.7662708678812764,0.025053127944659727,1.4328743960542505,0.16636191898903055,0.6217668675001564,2.2218072087068577,-0.6119090787383268,2.4459630126550933,-1.0808804347459813,4.075074620785268,-1.4109202903287452,-9.122105164231906,1.3377116137095366,3.205046933504352,-8.135882825936145,-1.099674650087252,2.8164083563513973
0.5440349466668675,-1.3278354195476447,-0.1741718869781957,1.4477784190096563,0.9139387570580164,-0.18761887010377534,1.8472962356704334,0.1551104142882562,-1.541745511782768,1.9097090889794015,0.2116807212517508,0.4790113371738537,1.4606948851249373,1.094698904931886,0.8829526132630858,0.6481756614654409,-0.24608016369204447,0.5865599447244708,-1.0764344829473824,-4.763869681769721,-4.015824579885243,5.743346417955102,-1.7657795601539645,-4.678537500202651,1.9725098541549246,4.606536235894028,-6.037044689517133,-0.0987766766227278
0.9064708284045956,1.5565801928057914,-0.34626187055401164,1.1663735917746139,0.6187769625716057,0.6069643223176773,0.39267040354750693,0.7373169712277116,-0.48033719183972334,0.706826120674659,0.43409673161950146,-1.311580980731894,1.6802024676150662,-0.9132094364071056,-1.4187131381737996,0.8657581631368175,-0.2709594914934344,0.09255522828594799,-0.42542907936972346,-1.1412260079659264,-0.9127575199332114,-3.409490874218893,2.2814573895281236,-4.0620894486295205,-1.7391252298922644,2.020229021323099,8.563591884300392,-4.441521652393297
0.10869845864254149,-0.19948202039948057,-0.6715670139220569,-0.17160021009396279,-1.3343412070374938,0.3090242464399911,1.4913814500244245,0.9965138239171247,-1.1385426274906827,0.7540711817699737,0.09602355877061373,-0.25516766285254916,0.12912172859625082,1.9003140950702018,-2.091643071589931,-2.295163828951357,-1.5084782945218767,-0.026396351725444127,1.1333577031811697,-10.423996019713762,3.2296182652279213,-0.9013205341283956,6.407460139961269,1.5718605469687148,-1.0410000901875007,-0.04606983826537682,-3.0791406235284704,-5.581622447779822
-0.13708685441476706,1.7327415478220312,-0.14022810892127846,2.5207021743520834,0.8914080640071712,0.42179050367695026,0.4227676808994356,0.12307963365619626,0.10964733098013771,0.13653106728438508,3.1945183423316217,1.47536929059587,0.769523826010694,-0.06922203042361195,0.20927193766380053,-0.5675014590863943,-1.4345702439887003,0.9949323657920808,-0.7573978724497267,-2.211028551150072,1.42067224943956,6.325680497337099,2.7835697120928526,-4.671961589175423,-2.093146835809522,0.3159417990021383,0.7650447779422171,-1.962320377354282
0.8097547073095975,0.5324669786332054,1.173496796387468,-0.9763846396832238,0.12804981274261967,-1.113366050079407,-0.2960422022546206,1.5678812011479197,0.5772380512823914,-0.06865057598476991,-0.34236351578261787,0.5471834479206542,-0.4225103764031346,0.05271805810233183,-0.4126333292984288,-0.46181116655348997,-0.6462127860710883,0.780816344719399,-0.7259707117841134,3.3914304659479897,1.086614994175886,0.6345339607431666,3.5423794682131566,2.2696827925187875,-0.2032800274734442,2.118966423409579,-5.0197690581308985,-1.360100310909325
-1.1482381765896166,-0.6104445662713153,0.7093555789122667,1.0680763628869385,-1.3371909995164206,2.2309441049755367,0.9852948231667592,1.6822643475499102,0.7090220055929272,-0.23994385086035988,0.35333364391031313,0.4070523781446154,1.3775636208230604,0.4275747022728011,-0.1258689670599554,-1.0503460438130592,0.4275403665241665,-1.6730450156354273,0.30557445329677724,-2.541228778534311,3.9113948923457187,-0.515477689774008,-0.9993338621722614,1.3471845963574864,-5.323113251869895,-7.061226192604865,-0.9464694029458537,-3.7020895698375456
-0.6822190023704162,2.748488105519378,-1.0110234878201338,-0.31508200935676306,-0.6328901715082147,-0.4644766452573891,2.3511391276284526,-0.13889943001571095,-0.9649517723441166,-1.0662656424799133,-0.34239613294067617,0.4273141709158092,-0.2554370423912032,-0.14483781324017855,-1.3599100265140642,-0.08986110939059794,-0.9537137962526897,-1.1194708918827363,1.9101768473249503,-5.815805612983604,0.26143189579404463,-0.0739747565566592,3.1947276463922627,-7.036510588877329,2.838754480445382,8.741498576196399,6.428047922030905,2.115942357251886
0.06870124392146013,-0.7047518385957743,-0.05881978618396793,0.5663331882645805,1.3781430272662758,-0.4379713523698214,0.8653041275332839,0.10898967578153784,0.586155589201943,2.815627341635893,0.4002640239813435,-1.1409694705912095,-0.8098001828312572,-0.8934772216642719,0.815622025187221,-0.1157880312438589,0.3572873732191254,-0.18909307336034042,0.11308006425914048,-3.398789936763521,-3.588065541452994,4.807355221624862,-6.3521985433360335,-0.6195849569783175,-0.49426551003953434,2.4337929795047257,-1.9529704167645796,-2.2535822252078996
-1.731815764178365,1.6796935546452398,0.10916062525333725,0.6309208015743998,1.6198669747768226,-0.594410227621492,1.7986161500555935,0.08254018751156052,2.205165721836894,1.0411938300145382,-2.1630633860656383,-0.35743554405651545,-0.8027867491193514,0.2740951436828267,0.7296981695842526,0.17485164828915853,-1.5825950077952946,0.5526118002936705,0.5620449981984803,-1.6870141790374573,-3.9779720794068605,3.9791400024788497,-11.355205909966758,-1.75466148028463,1.0487000427277933,-0.007262330057770036,-3.6621284315298164,1.3716231569537898
-0.3295166478499554,1.472865234589514,0.8453948714784828,2.1403066665493617,0.11781687305335854,0.9338453574152504,0.15594903391217504,-0.38518747851107843,1.0124819663658151,-1.0126385792290198,0.013740350774971669,0.7770875255275297,0.34909033799548544,0.6906579126884841,-0.9994779070997589,0.7380373544361533,0.5751755092894532,-0.049366672023422424,1.0199025986786336,0.5708656346773718,6.299696707176571,-2.2022413508575687,-6.751053868255241,-1.6330280887375903,-2.8241229039570412,-3.9827148035037836,1.7630074812445333,1.5799303457260356
-1.7402455398902934,1.2248177323524465,-0.7843033989168493,0.4471389910505408,-0.7076890277712328,1.5363602928297206,-0.23386725236018324,-1.638082097310783,-1.6785333828098745,2.112490688087469,-0.33183377610865183,1.0554626987854356,-1.4194896588462185,-0.18018635303122207,0.005482817157177246,0.08070324892327606,1.12934899118393,-0.10241820199144873,0.7409429980903502,-2.752995627020071,-0.6526098932005033,-3.176685688435729,-0.6494836410544952,1.9928666094304444,-1.8654649017864955,1.1446638004954897,0.3653235395553947,7.07427358048691
0.8973310933617077,1.643991503051001,-1.5037219275891618,0.2812636539426172,-0.28471568438651174,-1.0201407780156333,-0.9633889164012714,0.4618068568858494,0.4066745716774536,-0.07180168842325464,-1.341126843842788,0.11610235058136092,-0.6496281297240089,-1.2078075356604627,-1.0133643019161873,0.1559053448363661,-0.008852934709951497,-0.9794864798756067,-0.867414407852564,4.2197649042533145,-3.3117567016555016,-6.75903825355662,-0.4442381624386505,-0.983600031605876,-5.177958238443917,5.764626216743305,4.145744168752206,4.697499889381687
-0.13200327169634965,-0.8297006833548658,0.791628190735576,-0.6617433954008765,-0.20075691818040262,-0.289725270229604,-1.293140448566189,-0.5717445764166582,-1.3879798529917107,-0.5222841981377572,-0.23275352258813464,-0.576802326388816,-0.01927694568802429,1.0271237983510069,0.26059282636354886,0.6322512344143891,-0.1969838106312865,-0.21238890963091672,-0.82903428415507,3.0296505761156296,0.017740079172304458,2.8641471192175185,6.397585790688529,1.9400615103431478,3.428779149124152,-0.6956973530753392,0.9419268383045479,-0.9603624857254762
1.1486281810207941,0.04661884980968469,0.1142004573374127,-1.0376287610274182,2.479705892116039,-0.17761130789715193,1.3659694251605858,-0.4673907194318631,-0.004123818328978321,-0.7439090236510526,1.9140537164153106,-1.7385348575350779,-0.5882041329280305,-0.07834926661451926,0.04077199304860421,1.0224070236296943,-0.5192286316611192,0.8146999477615808,-2.065191072309853,-8.367244146020505,-4.1225203718753045,6.59189665152073,-0.37574060877465704,-2.256781039689405,9.708500812309262,3.007444121781103,1.782864313250839,-9.83759338168544
-1.0692967232845656,-0.7693737518537036,1.0282066529788518,-0.8394965274825189,0.1040961396504809,-0.0589399068216067,-0.20555074144047314,-0.8529353769754903,0.8199388329550885,-1.2375213016463646,-0.3489310884229942,0.5805993903485195,-0.5688859740719974,-1.011925764336274,0.29058036643306207,0.7004540636268123,1.4050943115787262,0.026958654705350568,-0.1976626821071666,3.9350900199161156,2.1855203865197548,1.1446081945642044,-5.298791388536282,2.5045088154712496,0.16720651701011874,-3.574901560049562,-1.6341698872512294,1.0299248451083471
-0.4350941000983998,0.24015343604159733,-0.7633548724961066,0.7739102256816277,-1.2519432707270035,1.1815212260401138,1.9696405701002115,-1.664699818671172,-0.026914579981216918,0.7058670586402452,-0.16790691772538557,-0.5062860241439898,-0.4332755088028829,-1.3725944811569228,-0.06889713263230733,0.22259842186179718,-0.07907165848158398,-1.170022906933184,0.6096440069653735,-5.173016923533608,0.8547337150026658,-2.703850153571298,-4.3910403044107955,-1.1272806931831307,-0.6831441578161875,2.193358437964793,5.417705363389666,-0.35691078870071147
-0.8119584424815682,0.7607192106796705,-0.032064266960296954,-0.46562209987028275,-0.46146116111819513,0.1798929393988676,-1.884359521368834,-1.5046619220755142,1.0908527025456978,-0.28475064904883,0.3515556270575809,0.6793751125184971,-0.43137614430060145,-0.79835041221175,0.15315564200922205,-0.5553881886068961,0.69356893332182,0.8343383798566266,-0.8064718833952116,4.467894855280909,0.587389337845101,-4.459920334702717,0.6237581578930007,4.575392063550096,-3.534050339107692,-6.981904589863979,0.8712246424790158,4.087997078794709
-0.2906015381793894,-0.27066841234730454,-1.2599553729672914,-1.3653708092533545,-0.4978325704876747,-0.5519057450297539,-1.780683637266762,-0.25321919876599286,0.14654809784961925,-0.4598294985998341,0.9077940646585585,-0.5822368416924195,0.32405488442251235,1.1721569505837148,-0.6647767126209178,0.33000513344547544,-0.6346299715559405,-0.5174196887490107,0.21751019653302184,0.47665646839428144,-2.6574828091297173,-1.2677455565042468,6.656224058764087,-1.3793263922601309,-1.0333447824120912,-4.204349291326636,7.367047779508624,-0.18494696657898968
-0.023141109029794674,1.596716309837239,1.056066948876289,-0.47143899528171374,0.48204841195485104,0.7182371255209936,-1.592228640619731,-1.0033916699994714,-0.08375098310563224,0.16073497371295353,-1.1609244705658655,0.407644527954084,-0.4071416310036924,-0.4944867543652788,0.8287268197636944,0.3727166686128468,0.9856191339757767,-0.19018072383142495,-0.30411511697568094,6.02786651863894,-0.2955442016598041,-4.205280567299996,0.9426347263426439,3.577711137948094,1.7018724208192757,-1.516842248058807,-0.4010117271576315,6.702747469969449
-1.35870848934726,0.47629618244128646,0.16513196462261887,-0.4175164411330967,-0.6307780336364346,0.35100799125078863,-0.7419459809354324,-0.7729567505916987,-1.9138392681505714,-1.306089608164875,0.21595477856436396,-0.6233288604042962,1.3769373871195538,-0.07109973646275278,1.105244116980328,-0.2869199639393833,1.1583513085349355,-1.2700224190217015,0.9820898485898203,2.5181986919886175,-0.6650394377656161,1.429401178296235,8.687953908658903,-2.3479012709660982,3.423186414354313,-0.6026645946646167,7.355340687621581,4.103184252510732
0.5034647806424056,-0.4435631486462321,1.9519792189445575,-1.691176715824336,-0.5057195964758732,0.5809118823094575,-0.10122095910575725,-1.2101094835016286,-1.5005026040099152,-0.9860775403940268,0.28319921669755316,0.4175056834512469,-0.6589818498862401,1.491455970995539,-0.7754004239520841,-0.3742052211677774,1.6325119945062256,0.20322801473200347,1.7713078864813014,-3.2973526857028626,7.636510489579274,-0.9876948522408213,3.8977837824397032,4.081977939129215,6.217467877755247,-2.1472061328175998,-3.740474713985959,0.6077788603579288
-2.8514245428548524,-0.5263028329710426,0.33972263675630704,-1.6998811716140807,0.7165907244268043,1.9645791899713552,-0.6233862548143151,-0.08383356742855576,0.5672554578482778,-0.584002290104327,-0.15184532901523537,-0.12074527775600088,-0.8485358731756453,-0.506496478908276,0.059791912054658586,-0.3220126921234829,0.6615331608321603,0.5146786840016883,0.5237260819942929,-0.699550595377744,0.9022937876475916,1.4254593080123075,-3.6518537179196575,6.498032178974169,1.1271067837825486,-9.93925442349329,-2.321557000632513,-4.110056653960052
0.4927185886008617,0.4802295052720401,0.5573214671974884,-0.05506100753225732,-0.8087241951846926,2.3167103697603006,-0.8926643672633071,1.5192603461833873,0.20925195799110652,1.4409243052209852,0.5962512635604948,-0.47439652813483224,0.3317840794472817,0.27876628605838616,-2.1382708508479733,-2.342970603919413,2.197403714249823,1.2412910002708075,1.9687400171610099,-4.955436526163344,7.382777276401346,-11.226665062195012,0.7075226935073247,7.611305636329691,-5.629844038319501,-9.618607345457681,-2.4482030402909363,-3.505504995845471
0.8194183290124106,-1.0067460619150377,2.429183436401263,-0.1951190284682771,1.0711210493978855,-0.7846511312200449,-0.987663714101585,-0.48885482531544266,0.07396740646525145,-0.19613223158143758,-0.06662081902768388,-0.04627122069854254,-0.5977636056069731,-1.512397597452293,0.8468791952488477,-0.00477680458714669,-0.5594221912923678,-0.7157260488625649,1.599422060670962,9.314624009638917,6.4374002758225695,7.219981887256296,0.2862869053749577,3.0890305162357614,2.565498016481873,1.6392621578996018,-2.9267729345627265,-1.6625777848734837
-0.4457919426880747,0.929720065833796,-0.5525854929122016,0.199493277500242,0.22710652292912661,-1.0206366755657206,-0.4400999640816594,-0.3775310329425363,-1.9451807086085882,-1.4960228953530545,0.48739074465776355,3.098072501775162,0.960782948572502,0.059620827638958436,0.26068912854769377,1.2887718824007872,-0.1287610648347992,1.2944697873939448,-0.24482318730901406,6.147778636691651,-0.9657974555898942,2.817303271171318,4.818379213352459,-6.057824401133912,0.9454643849932916,6.544693617821078,-1.3931820850870393,8.464871644862063
0.6473519740547062,-1.3167907540551662,-1.5358919099671722,-0.47349271680488375,-0.20986123870543813,1.6150275633467486,-0.672113783561131,-0.020322672610908164,0.47207955662226375,0.02006612775345784,0.46278594054551364,-0.49646470344229565,-0.5097374537790981,0.5134426410451172,0.6465770495258614,0.37306994809655114,0.7461082529425608,-0.8071285558449323,0.4204283973572154,-3.7532149276000215,-2.360179821526708,-4.942418635678056,-3.737927958565878,1.126074254899094,0.6788195925260304,-3.1140989929949345,1.3502689883331358,0.05700020991086441
0.9478321493987196,1.6646050100060246,-0.34998588434583744,1.514248757542549,0.7702404369825856,2.7237021542732083,1.0027701809114922,0.20187228350468517,-0.9837176427057797,-0.6901900081235022,0.01891331152856614,0.27415013326696436,-1.8869421257685324,0.9849399578730492,1.1018233444847008,-1.2857531502515607,-1.1014323377296005,-0.2919678834869098,0.852924485083368,-8.056149570267646,2.6505941013169885,-0.6800558868429408,-1.9390298258528058,2.483064266454112,8.130249210968724,4.602208176435023,-6.219060313964791,-0.5936892765757649
-0.5288921264891453,-0.657992509232531,1.1244277384952834,1.2651057600077056,1.595878147983565,0.8977625140383747,-0.15428483469091187,0.7404464262634143,-0.550205121273036,0.6482147788875758,-1.0520029736654126,-1.0625168101673865,-1.5123594246462908,1.3041384903213065,-0.41269176849268585,-1.5585276305496774,-0.3673572433378277,1.4249488700559416,0.11211879578738415,-4.1873351779043935,4.132274798219558,4.351156140266208,-4.766844086287853,7.557038159260944,1.9781803182726825,-3.857712641910781,-11.045934964811241,-7.227539043213855
-0.09567847035911803,0.7945126934271852,-0.22982286806857352,1.0113447459487666,-0.5529005817826451,0.7969733831310699,1.3864776308332936,0.9270087283417732,0.927759461210402,1.0395773274818734,-0.08596651443348237,-1.0735032077002606,-0.8122548810326087,0.5196211872187659,-1.6932804623601725,0.6629192153579435,1.041454106052379,-1.2653045403653131,-0.09275879874545521,-7.575632695243134,0.21287279747389193,-3.6364491706611175,-6.6305432501152675,-1.7340435288996299,-4.276070300466926,0.26135257841346393,4.43710818239514,-3.627088895277167
-0.8204670011773566,-1.1600623017055276,0.0432313275448319,-0.31979715070665776,-0.9849474947720727,0.03921181043796514,-0.031999318020414495,-0.5091773014299343,0.4439957946091899,-0.3643604552192256,0.6277625148310156,0.9519313606065682,0.7075451832598596,1.8073915326390084,0.3766453135778454,-1.7070326921948131,-1.2222895283960329,-1.5416320780060846,-0.20452779771493318,-2.278352159349292,1.075470076372231,3.9601296976623703,4.862297244386999,1.3543707718970903,-1.7388978754510327,-6.681070037697356,-3.5807774931274667,0.18228480673903014
-1.7195566704088907,-0.47363707714158076,2.248983639075802,-1.8738335083930242,-0.7355292372146421,0.9982319208098569,1.479474928572696,-1.0936122675765265,-1.3590184712273026,0.19680551101276092,2.299914882965044,-0.5635477795619646,0.8669539346755792,1.5826753613886548,0.7807755364260223,0.39571275746523465,0.5318606060761741,-2.0199146992327117,-0.34503583991873416,-6.97907241618132,0.04601955577064368,9.828436801436073,10.614802119779586,-2.134495012543843,6.810997393084186,-3.9253781570128874,4.868542468725766,-4.636689368352428
-0.047919757784295976,-0.002970166697015314,-1.1710978211289846,-0.7614133775693687,1.9812639542187838,-1.0595951167782596,-0.7928872211166725,0.6865744099777308,-1.0582740386245992,-0.19606267233630423,-1.3616235474120506,0.4645250955852358,0.010802942496449657,-0.2584807905057037,1.600316230864906,-1.786693157748715,-1.476879567829718,-0.5896913687042918,-0.05247377223763037,3.1632638802871744,-6.368917332865673,5.373487099770146,4.455143163139441,0.3783164464778219,4.062588682878943,4.986169329969981,-8.025379426866618,3.708588543407803
-1.3755362344261157,0.4873449283230425,1.9645122707263472,-0.0203520712474435,0.18852626186448485,-1.1136765315043728,0.90898550924699,-0.8249628542991977,-0.7465034027248129,1.0599875290896488,1.1184453021243883,0.0721473436722018,0.22788469415135326,-1.6974634069914045,-0.4998451212881265,0.04646884733854769,-0.7893388835093861,-0.6970441197151154,-1.3987200663021495,2.3422163290148235,1.4406906283113636,10.675785665070467,6.540586650951076,-0.76066959455278,-1.5130318154903137,2.535151205201968,2.564839452708527,-5.029293395348543
-1.5400172539578207,1.0120463839870746,1.6119420444389474,-1.2666380081074784,0.7911393430355305,0.6525788130777709,-0.033826506150391844,-0.46081931730951226,-2.5650590626151155,-1.2761680096246444,-0.602641216031012,0.3066743906341014,0.6741573974117914,0.27161134657909264,1.0310868264528636,1.588815619324751,0.599436352504072,0.8217844384458916,0.07251578831464743,3.5488467603178653,-0.8886645544001962,4.60803373684857,6.356716930371516,-1.333902554617301,9.523392326094497,2.318240361363913,1.0582894264720768,2.186354895008306
0.008954065994960065,1.749631552756563,1.1070034043008241,1.0188005850566988,-2.615642425504913,-0.614311160721573,-0.5899784517367924,-2.298351321682639,1.4549414677238304,1.7781444603192282,0.9674159056948499,-0.9508052747682414,-0.4087318173629522,-0.5844501150134883,0.5638037973937122,-0.17491925579405743,0.8484455932535945,-0.05025404450155006,2.5047378949842787,3.0223718329671114,4.902682081182543,-6.146355220703953,1.623807564612159,-0.7063590764073336,-4.104418971388251,-2.6281887905387324,11.858684467620524,7.021914499638409
-1.397848359368441,0.051892469444110335,1.3152406306082214,1.6057118275488584,-0.22337940239981616,-2.001427403210743,0.8513509375220822,-1.309248596301904,1.6020103794426779,0.6190386962845592,0.005269164972048816,-0.4039690882781519,-0.27141076790165464,-0.1294286808741889,-1.4891975670948263,-1.563634285260085,-0.8018812609568827,0.6003365897479209,-1.39540154437705,-0.9483225001441016,4.028416503998244,6.097010050521148,-3.236529633190518,2.6888638828619844,-7.078997887267378,-5.276061656561446,-2.4412226377540027,-4.327007265538842
1.113962688930328,0.540580353720926,0.03368324010776948,-1.479093328504467,0.720768080800744,-0.13658116060006484,-1.6287183890199173,-0.2856792528448241,-0.15391826864627184,-0.3004905477483608,2.2978871854542557,-1.5837133032781803,0.4147374643548871,-1.4720603548535403,-1.56717258399328,-0.2891568210612915,-0.5558211845979113,0.8083379951967962,-1.4558230025038759,0.6804600148854129,0.36365504679754723,-0.9590179335784099,10.302149842948946,2.2681281809305704,0.7402619598193494,-2.781907650007557,7.892817447103851,-8.97486711288533
0.6052434282879386,0.9449475060409924,-0.12507772453031438,-0.550455897943953,0.8582033096062162,-0.2985777224204546,1.295334597158544,0.0731623811121962,0.7258998535373523,1.0464984466658445,0.3183636999969238,1.9042711464920936,1.1454439460585788,0.010968441141980124,0.8153763689858338,1.2903501180330894,0.8505898993940019,-0.21309209091758816,-0.5546015766620382,-0.8881388530592761,-5.582756987471305,-0.5871976365781112,-3.352070050659354,-6.038250151719322,0.44290413455157185,3.5535973688003413,-1.8770824464968214,6.902004900419974
0.25182138037385704,-0.019122295146363974,-0.15876633983783972,0.14654250926212092,-0.2720442098275393,0.9492430125752848,-1.335751050386351,-1.828929502834133,-0.5479332070547207,2.0022304804066113,0.19629117124512507,-0.05104364804133439,1.9935991461469804,-1.3513693436948258,-1.2024451594704304,-0.8243013789715136,1.1598212733955693,-1.3805312121777065,-0.6363172602033638,1.5624160402108294,0.49749729852631996,-6.110100590412333,4.428325801056339,3.0234287128768496,-7.0167620682969165,-6.773421616159531,3.8807126394366196,1.8138440210074567
0.04690178227913177,0.29209247907169056,1.030506429318922,-0.6384502974158436,1.0388306384163704,-0.5330405868063912,-1.3319289775913286,-0.6043951074861107,-0.5956785778733877,0.4188198073208974,-0.8686878201876076,0.9402080268351808,-1.4613807106555956,2.6375162763984874,0.054374071937006746,0.7791089079390847,0.14742247292670638,0.02772885414929406,0.12036593028332611,0.868314771902725,0.016314224161426003,2.587649763219966,-0.06643820822165311,1.9927632039769512,3.7210437877528806,-0.21515203981418246,-6.481931907087721,4.888318991895274
0.4404042590668863,0.126596473592932,-0.297924253353835,-0.8745873836317503,0.7293219890030023,0.1408984611067705,-0.16441552489072647,-1.3983903323535818,0.10804320802254885,0.027012888924125147,-0.7014461558209795,-0.965748938226865,0.875518397802394,0.7967261050925107,-0.5015670048941118,0.39314328016310957,0.28124141894242316,0.04802985544445226,-0.03755762962657686,-2.6083651553365446,-1.9361156034038212,-3.7503033801567067,-0.5438603429423674,0.09784648901923743,3.047857941569416,-4.144870741328772,2.214338019450051,0.6735465020330069
0.8451417896733175,-0.32433702619823573,1.8330640282841881,0.2182185402624634,1.2217113727064144,-0.20395193344758572,0.5438839953796896,-0.3232550621443463,-0.2732674659328355,-0.32238758900616254,1.5350814621775035,1.1197178091998177,-0.17311826365802352,-0.18551472057500856,1.031547753685878,0.06687135155508069,2.4929913582665644,-0.24956631287721148,-0.7721589991536292,-0.7947200671921504,1.764466642558029,5.081676698110349,-2.4752368731108403,-0.8221731953138047,3.391163428068799,2.174597067423524,-6.16915726795331,2.096135453106052
-0.07909640586562328,-1.5095732919454523,-0.7612687985897848,2.771784015476675,0.03147914086026852,0.504822371399964,-1.6406732548738658,0.3228944184626976,1.8853826175184611,-0.4109687543692199,-0.660348438921333,0.8339384734029921,-0.9201837508082852,-0.12859351305370556,-1.3234686902876363,-0.37716365299578525,1.8726194382825005,-0.8518680485204015,-0.15824569640052422,2.9527949400230424,4.8519153958097645,-4.512762322049118,-14.548383624694383,3.9419814189924205,-12.293234482286955,-7.106913739232016,-4.839261882122163,1.2764218955540128
0.6611401544225651,0.21514453274347664,-0.8911847460107647,-1.6848462203704844,-0.7435228290304052,0.9751192515440065,0.2825375276897731,1.3380533335710547,-0.9304719340498153,0.17465251933519838,0.6190264088776403,-2.314336123555163,-0.14572346985510326,0.4119420909052839,-0.7554406608545547,1.121448520702551,-0.9459133589818421,-2.058363710647557,0.18933087814966246,-5.16490285989323,-3.623073073401561,-1.6734364926454195,8.350667856708881,-2.885014616540891,3.8716792063251515,3.8024074742256175,11.551251791704981,-7.325409925811304
0.46524418559043695,-0.05295875339429873,0.7621267262066161,0.5109445026256028,0.6935463359136496,-0.3221772346824512,-0.8022762595015174,-0.9554107515413134,0.9203369322954843,-0.9045576117016172,0.5025275224770966,-0.7281177278021752,-0.7275895742604133,0.7327975246218679,-1.9649943574050095,-0.691309105412011,0.740228989779908,0.05027322902247238,-0.000890397898548754,-2.4053819245691526,5.823397689409308,-0.6149997061831597,-3.2687257331156614,3.300032612209589,-1.84873644192417,-6.143525841412322,-0.2626255905624281,-4.30393152480586
-1.118783166583926,-0.42090464214448603,0.11779735134390511,-0.3477098427948102,1.1480282665322268,0.09826055971126227,1.1719331205018542,0.6589706443086338,1.637979357477315,0.4608485407227082,-1.862992748737888,1.1897003003053948,-0.5078766401980505,0.28085295076979044,0.28956189530607823,0.494045916688512,0.9220415632022393,-0.318920024971587,-0.7476302119481287,-1.301182813963901,-3.5939668508467153,0.9745469090049642,-12.228720404083283,0.8551360256805917,-1.82675918311206,-1.777118149717079,-9.221137053156585,2.758684416897319
0.33378122313882924,-1.0286522094838753,0.018222194690523934,-0.19891872398346233,1.016583614442729,0.47167620122810777,-1.3844704344090706,1.651561646356834,0.506230424256656,-0.21849236802790442,1.8114424853734064,-0.7338036787754945,0.5532647583676851,0.27156878155466196,1.4349724479420454,0.2951176692011031,-0.8762543635690353,-1.002479367898706,-1.5457357940189365,2.445126601011058,-4.161605108130679,5.997555569906338,4.7133032402185195,-0.7183388965461052,1.115595967285295,-2.5382793568868633,1.7265735949257286,-5.5606052270193125
-0.4226851997543934,0.6547056168658509,0.31822927105731574,-1.722157527407776,-0.6092714660899652,-1.6507813227396577,0.6900439454461049,1.0381707922763914,0.6135820985461075,-0.35337374317491504,-1.1718943360470049,-0.6516849794774944,0.8046490495077332,-0.07503548782250885,-0.4834146302529721,0.7033733533549359,0.7485456641549671,-0.04854057474568139,-0.20336562148701484,1.6905936255300673,-3.6748663546616456,-2.092813065142079,1.6676052221237616,-3.3258529831863624,-0.1585887602002401,2.1482985056966197,4.386306250778308,1.8406807203066358
-0.14526668969443357,0.3891039368614642,0.06265218881342616,0.3185850333691523,0.8649161763188543,-1.0805622985007957,-0.6844964814487494,0.3457041187885624,-0.8329647175407185,0.8329755578390864,0.6832193624071852,0.8823748685349166,-0.7301205388560612,0.365449809421734,-1.2118435022814045,1.1814018943554325,-1.2120856907172728,-0.8842032006928049,0.39489766451289665,2.395369657573663,0.3976442189649632,7.005816727899378,2.82459146911323,-3.471165269675261,-2.043907394408546,5.17995542414329,1.5537070757608746,-0.9370584138162866
1.41620267974334,1.5757576937265954,1.4832277486317902,1.4776786093936547,0.40959213145429874,-1.4645106364372413,0.512430733403627,-0.8100813454208845,-1.08208230421308,-1.6168978840195782,0.06100000425166435,0.3920210798319914,0.938468674378787,0.8829752229145813,0.8081418598312113,-0.9053185967263515,-1.3529683557579024,3.1726849728178466,-0.33655882960825445,2.438367009987086,4.157094848378511,2.3045624185555367,5.83918642922979,-1.1839469877586262,6.931408661226165,4.156386961635337,-4.815191371775808,2.1215829285996017
-0.4501635628785572,1.2803050952585058,-0.5621272905444791,-0.953350483325907,-1.1935289295266227,-0.42778491736865215,0.6450937092255723,-0.6818718143275643,-0.6254695641169629,0.14040810683191965,-0.02732503805415777,0.46330381709680507,1.4571077116413738,-0.17062289884068357,-1.3432333412197075,-0.021090997580651884,0.039186452772733193,-0.14193702680158243,1.1263830469632812,-1.1762555651783855,0.027092314283196174,-4.2320979698583345,5.828017140718156,-3.6898874152286205,-1.7079029477415566,0.5679617525298889,6.582231032053361,3.5227016770656356
-0.9476975233430722,1.1647719535120937,1.032324871724727,1.3029498806885829,0.23727356972920652,-0.3371930228405862,0.028758560653988643,-0.21761826611747953,0.3343021213148618,2.31970867665373,-1.1526492292921935,0.19996765221498117,0.43657509470187855,0.9859634582052369,-0.3966281434446376,0.020203945774021452,-1.0643084176984217,0.829376414696201,0.8993652534625342,1.7266543860234758,1.5305789542172403,1.1610396388592032,-1.7879629412148172,0.22755648276282125,-3.542966411706011,-2.439577125815923,-1.8637374111809244,2.2778940618558257
1.8896378997555214,0.27257384255058387,0.06785392036995468,-1.6665267061215239,-0.0049093707627065105,-0.279905475860615,-0.7659106847053219,1.573059363189982,-0.2283130215144129,-0.1762947136026651,0.04844296129564514,-1.2139844734945535,-1.7976657388248132,-0.6937039086620981,0.38689266976519077,-0.5909422181288052,-1.0308981824615484,0.7584042434766919,0.8453345297911918,1.2713448067292688,0.4416471343963875,-2.2626346934303916,5.551756161146473,3.351388214728302,5.628895120450838,6.324097648857423,-0.23473921422585667,-3.5011361957572933
-0.2790003113723299,0.5176421568368313,-1.1777014595130708,1.157399199695305,0.03482978451658446,0.9987233896332142,-0.49727741666704756,1.8852451441923286,-1.7344509667787815,0.21969340250187333,-0.004564420422683659,-0.5411235253018334,1.0739911831563824,-0.0027501760117785335,-1.5578408051783292,0.16169748315399812,-0.019550425167042834,-0.4455929780868359,1.286313968182647,-0.5530941706948989,0.7610644064824386,-2.0924208361819074,3.408396885109902,-2.9917508568170166,-3.4638299223274736,1.8814937891472785,5.65286555770569,-2.865743984929192
3.313261123668675,0.5825723714215459,-1.1130806392970323,1.8357991556494644,-0.16817579945507288,-0.5171759658483334,0.6834088448134752,-0.21550986755907653,0.29706183008914333,2.3650971449060503,-0.5168364064731983,-2.28972722486517,-1.1361072440228688,1.24603175304175,1.0332518427612005,-2.2522927962975765,-0.8457787755339995,-0.8417427241508941,-0.5267802232671991,-8.827663342590425,-3.6440292331477897,-5.050276655993849,-0.19315483682079745,0.7768537151632953,2.0055221570898563,6.495604554265348,-2.3985231371760305,1.2272400584092522
1.6458539838090194,1.3912196727282824,0.0632687709227259,-0.14800515759878935,0.4697884851745049,-1.3383497415339045,1.4324375661254667,-0.991193465645864,-1.7553953786542131,-0.8374506132466902,-0.8676391021421833,-0.3651921452492921,-1.5105427393663076,0.03394645304333588,-1.974651344267753,0.5802079269470376,0.24560570527329367,-0.5302126389614721,-1.4059005181866928,-5.4763246241415136,0.2577367551786771,-0.23362352541595516,1.1861046093840397,-1.66040406257907,4.860053996818089,11.610652291324566,0.27345165870782384,-0.8551675222987751
-0.033228179994549537,-1.2571353821602076,0.782761396096477,-1.4281533420960058,-1.6448780981014328,-0.27985280655620254,0.09399317223683255,0.5330585530668791,0.21809438730307124,0.7082308833481338,0.5737028324099223,2.790539892372866,1.6343522085127065,-1.8114650239193881,0.3776865203895016,1.1391248671943155,-0.5450632358518761,0.5920860289882159,1.4488501549229647,9.795301845920383,3.0809543388042817,-0.537418216594314,3.528311373004047,-1.563712031363516,-4.752412628195112,1.0705000283930817,-0.7140066346264766,3.5441549252500733
-0.6587369712729828,-1.5770253994628212,-1.2993822217401365,-1.0543818168319885,0.07932486631057815,0.8568345100223994,0.11345501614582294,-0.737637742985716,0.6626903778810048,0.8576669175179132,-0.5368473420596728,0.6935344955844782,0.259483107431517,0.9038751125899026,-1.1903868429909887,0.2687264335073564,-0.5961690482259985,1.417045565381053,0.4602369780266008,-4.049105519795883,-0.42753556920047925,-3.794982577052449,-5.502142604775733,2.889295629079416,-2.2783296105009385,-7.724474226199048,-4.430898541797694,-1.6335345061419422
-0.474480582576212,0.19655556792918608,0.36748245981268796,1.1571558088351783,-0.27128987110131036,0.8272266351828482,-0.801501594276932,-0.1936342897690555,-1.201274181124439,3.0708079437101983,-2.197205077185519,0.7520264757566893,0.5230145439763189,1.134080146450128,0.4438025280365936,-1.5624768457751197,-1.9870412360747531,1.0220477658591183,-0.6227794810185753,2.3396419344516164,-0.2743850260761996,-1.5366742149571777,3.7842582039041375,6.543747709616187,-2.8697401255927626,-2.982966160438038,-10.001428790461896,3.180320735488132
0.5388253362392809,0.7051504820431899,-0.3390772918161778,1.634355537425825,-1.4034498543358631,1.3447762507826198,0.10941038048443427,-1.0659395023627434,-0.8322836972980889,0.2723352848003097,-1.087387002277707,1.6911524191248126,-0.14955941943162054,1.3106575386997328,0.0692315325253971,-0.36272916000122546,-0.7624876419220205,-0.4544282546652653,0.6628139005765212,-0.7484262935536181,3.6088028649423833,-5.455207648849728,-0.4325673021212141,1.4322814388781095,-1.222399558803028,0.9321712782519186,-3.633012906347013,6.791991951711669
0.04929835223709093,2.4625016496249215,-1.0489330598760729,1.5645094343000165,1.3499782420527608,0.4344086727965864,0.8306364733567864,0.7658840088974468,-0.7906375656270416,1.9273320035822452,0.10982552796599702,0.5050589067172394,-0.03603005932630633,-0.20494867681852674,-1.0663942740843206,-1.4354773257328106,-1.1338930148545412,-0.18278678776533966,0.2525690068510897,-5.465913574231507,-1.7831959805418665,0.785463283062676,1.0263654927962094,-2.2534171224221247,-2.5196502036640727,4.728997153410801,-2.3306307512062974,-0.034392405888369594
0.7044757254243532,-0.7669346626387817,0.912901277123672,0.10702078070233217,-0.06388172053482898,0.4176936868355957,0.2482403561343042,-0.33213615107059935,0.12454658757518919,-0.9607410681381212,1.2025993971524997,-0.5285439040995656,-0.1569431764078281,1.870921763026047,-0.1688485905372465,0.7841364163903126,0.2836748886639883,0.5343121352999504,0.11232220892626574,-3.9219757894191956,3.1167881050273594,1.297723259878791,-0.6574439147082455,-0.4080848981527861,3.9331406389260257,-2.8233123317084794,0.5715929269215952,-4.0034072297616845
-0.5830593757192333,-0.05080183509771205,-0.5957712143633097,0.28801157405562805,0.9793595214854356,0.25479080347018146,1.7448758047453297,0.3511974679138279,0.7411963575291654,-0.23160867802878937,1.7703004954416057,1.4712643831944152,-0.9573294134158846,-1.040889089990619,0.538377500416464,-0.08067929776895079,-0.5864916945116433,1.0928622338020348,0.2923788577988074,-4.339674925696121,0.05799204543358105,5.876922334335399,-5.931231520354682,-2.47418398885015,1.0933874113154236,2.7617478669094995,-4.28787862080231,-2.506184445172157
-1.2024697674327094,-0.7360487528561157,0.005663724049759751,1.0493040306094585,-0.5179192262901703,0.4629644575909886,-0.6074029499861198,-1.1910956611546593,1.5953614466263362,-1.5700485052371893,0.9218426255489819,-0.5856135660639614,-0.31076813717874974,0.5673481728655165,-2.3224947003054224,1.1612869110198392,0.32726710336066894,-0.660999370374953,0.2946653268905423,-1.001934839717347,6.0766790767067995,0.0844176839323526,-6.777953492154334,0.1521929574262587,-5.944297025832413,-9.772574388074727,7.492609456059403,-6.065332740680642
0.013966820137383755,0.5040024534966052,-0.8900149466083044,-0.35790411871909483,0.9594077631839822,0.5407778845944251,-1.1193535947093267,-0.6304464182760599,0.5689892507925138,-0.3490616257370079,-1.1353113687854324,-1.6262533428203239,-1.0560742558446665,-0.9054882227031021,0.5334411677473272,0.8392091802102131,-1.798552874854678,-0.06761952773629588,-0.26536866896754646,3.1818149045035624,-3.1379902840046823,-1.3093639834282753,-1.4691035766418412,2.258633799432389,3.479585032403297,0.009147803291732606,4.482476313420106,-2.5977701282350307
1.2165394491880546,0.9806873663673946,0.05105306622742015,0.3393298118611709,-0.0770936785154185,1.0364691809662276,-1.0157732778995592,0.010188189739813976,1.265977838352274,0.12947106819404236,0.6099554580508695,-0.9770337004997688,-1.4098117129836423,-1.1644369826191097,-1.0084469766477333,-0.8877822835842736,-1.8575439795623134,-1.8511522943444054,0.3876586796650436,0.5926598640947831,4.393614339433415,-2.0100789516438904,1.930243688949037,4.320988141704015,-2.356697627293162,-0.9363804108192082,4.474309798375225,-6.3783821017957765
-1.0337790275861907,0.10588075879717504,-0.21301505607700563,-0.4850667166148135,1.2213954650736694,-0.5074199341257266,0.034043611967806996,0.6026020495030497,-0.9766085390882431,-0.949446563747235,0.7281662177457977,0.48965405970886516,-2.409583114281332,-0.14541033573820603,-0.691755576665022,-0.1493333523649378,0.07780910182098019,-0.12720811861324446,-0.02544142349519185,-2.7036825416766566,0.41519916116967037,7.759962081759702,-0.5853057633861628,0.21575331151848207,2.2284970592638063,5.112568574627807,-3.304193981876387,-3.4457917080532146
1.079505609545711,1.3035242400405769,1.414239274158917,-0.3122834484088416,0.17702174326278744,0.9754487824252055,-0.043138181757508276,-1.2845978740645745,1.3787142119586167,-1.137911491249907,1.0225517656397078,-0.7502453679055034,0.8564431533223887,0.9021088801739439,-1.2499106619471312,0.059026833332515564,0.1332443076743463,0.41795667663521624,0.6706015149007208,-2.883931488011058,5.866595848935624,-4.8592909605085275,0.5070398430970403,1.2218285312390273,2.6429026711532577,-8.206625673404123,4.397452469501986,-3.4107464521763875
-0.22022613614614944,0.07604970133993853,-0.2429399132555776,-0.004970483032680137,1.1782668345377882,0.974839691235615,1.4629388151446447,-0.17909795268518752,-0.15224859824207207,0.13243004935229805,-1.278843675232522,-0.43645547085501546,0.7651959736752101,0.2951674700498735,0.3791110766025003,0.19145052349381492,-0.005689645910727809,-0.10624901248084392,0.4201058800101299,-4.296275216747764,-2.259016844346519,-0.2948460897974006,-5.269796054976434,-1.2191672083564715,4.069670261594404,-0.3486768059855232,-2.5520297616985523,-0.2614490321769941
0.19716682677730635,0.837639426501645,-1.9271275044481861,-0.5479930833478669,-0.7423848653958804,-0.4636763010365089,-0.6667022281873467,0.2934447920377131,1.8744678200125857,-0.9069796039769245,0.20099434883122494,0.3280126827935342,1.184056418697564,-2.121856659017511,-0.5833247528854189,0.4540919532610596,-0.6142258973911192,-0.8899596068588771,0.9171777776990347,5.497874468683819,-2.22844361217406,-6.501653596925389,-0.1993894943399913,-4.184156106443815,-6.203766116310531,-0.6198906315742568,10.134251546430393,2.495307291399226
1.8510860715503386,0.7258793217151572,-0.4272424773619465,0.1915325126409551,0.3582291987248977,1.7137089263368503,-0.2976846232538649,0.9693373713772535,2.6222784603353224,0.605741665937205,-0.8034954863572288,1.093463420223299,1.055858735492998,1.3202868912281234,0.5783671190591264,-1.6923433974426347,0.6333423906425371,2.251634898651167,1.236674585676235,-2.6359869325373384,1.1084126897073725,-13.816637120948306,-8.004198582016032,4.460209333305402,-1.404094980670545,-8.98807105026828,-10.156568698745987,5.571411398949103
-1.356152537545687,2.2614516645542633,-1.367489543626834,0.2236701027889859,-0.06907531352326206,-1.3209724145881736,0.2860988917586852,0.2339397284579009,0.772090557326269,0.6855547428430604,-1.2319963698297163,-0.16500703527891233,1.0066722495899805,-0.18199906316706868,0.827412456238957,0.5068880073909667,-1.2199022476003083,-0.6366875443301513,0.8010786410810213,3.426564031566374,-7.3835190561818385,-0.2837608321216726,0.9962347911212921,-7.469381351029965,-1.9581324934902429,3.3717721285897397,7.710276344687003,7.542955119357547
1.2481425783838107,-1.6351679997872348,0.01468271681574941,-0.9105794298094095,-0.7342986134433601,-0.11231069204251776,-0.46356529223215936,-0.9914606957305037,2.3559002635737043,-0.5370077685951218,0.5787871710277505,0.02285455159555029,1.4447743845449945,-0.12910053956140227,-1.2631675070633703,0.8337571096609085,0.8433113076188143,1.75217807586888,-0.7206289691399962,0.9323915887938643,2.5725362235926763,-8.709236334320714,-5.073220033398572,2.1890467787915844,-4.290865982486262,-10.292925636467457,1.2569194674876387,-2.2061343876058137
0.0667340269256868,-0.3539195233912294,-0.8453270889314713,0.005631364503558009,0.22524993974367027,-1.4984296072740064,0.7496276814696495,0.4374902072338482,-1.5527016065962458,-0.01120268902869833,-1.0195566199694446,-0.35767203170337636,0.03734777747660471,-1.4570534042303742,0.2648248646146786,-1.568649680534733,-1.0136762318723898,-1.0695668540976278,0.012239266402123682,0.8876884630941007,-2.553345630120748,4.8653958456058,4.5670761007206035,-1.192235947340466,0.6713041000350783,8.595367286721109,-1.9945996888694848,-0.18714491342675924
-1.1698485345233633,0.3052964962275578,1.9210292396381463,0.11885229361562578,0.043489972544753924,1.0303031627728567,-0.5043325711912404,0.48916377402259686,1.42713067217494,-0.17763555063573358,-0.771468744600298,0.5298288171591099,-0.8525325396752754,-1.6566628539280752,0.16415181440180063,0.9487073129486866,1.3518182456696526,0.46313558005641325,-1.5529182620802706,6.756308002257027,2.6013155610846064,-1.021879671919819,-6.804372256851925,5.6460542402133385,-3.6157609658509364,-4.260674791726238,-2.488574071740948,-1.1967655995134419
0.3211953070848099,1.1226971227692712,0.9765040682096935,0.4793602475759962,-0.4983807725622051,0.2987127687459357,0.08606805124704883,0.7400775514214168,-0.9773412140476727,0.26339677638138226,-0.5471016733749974,1.3781807242679616,1.7288658821144227,1.002128278588803,0.27873101600976047,0.6302627167027248,-1.1120281626022017,0.09196547824037546,0.5417341829830137,4.414307551577988,1.1706418952688926,-0.41661943931470863,6.079919802696467,-2.8906564596245667,0.569563286856991,2.120765155954883,-0.45081204471431213,3.9417091039461387
-0.2543684015687319,0.14673773673648788,-1.2884247276515195,-0.5536817326569513,0.8509630961488975,1.3615533490837508,0.8414308251632296,-1.0064501374649375,0.14053913761364376,0.8352907417201141,1.137813218080856,-0.2530262264889191,-1.7077906012233095,0.840155873112181,-0.646469824549287,0.28892392764706026,-0.4312416257273591,-0.7697242947629582,0.5062113824067328,-10.771206396485603,-1.8287277573815488,1.2201667000218848,-4.118257136308028,-0.2535677018478253,2.8740047195956047,-0.6510898125835719,0.9702232083288724,-3.473574587457149
-1.391984947675789,1.7998723333582205,0.39879864422005007,0.5489613314385758,0.7078885728691026,-1.5565619399445698,-0.47149825295789655,-0.9167387647322048,-0.8837873918739033,-1.2036817190862743,-0.13687886952197378,-0.5938242865340257,-0.3688552366652112,-0.4626857797000365,-0.8340030590336168,-0.15714787834409516,1.1029725448432364,-1.407767461915945,-0.46608699891502703,1.8783475023309315,-0.37652792232878174,4.830043149565731,2.773943812188112,-3.0656117732743495,-0.4389563314845326,2.6770331080661616,5.721906985761521,2.22249849711548
0.338497130802406,-0.3227129356513532,-0.47999606174568993,-1.2208731353368134,-0.3192971393430975,-0.17064037071580976,-0.25902635902855997,0.7577370958943285,-0.8184112110588065,1.4012363314203669,0.5940377830385347,0.01273789579239308,-1.2330662918888855,-0.7181153263328087,1.2233306114189793,1.2070842295134747,-1.254202285016051,1.2131826929279894,-0.34621372111736953,2.0998050523485063,-4.2147823855657345,1.732673723720452,4.256191886355656,-0.2848574806823128,3.202309546445131,7.019100786522195,0.9732524486631043,-0.7097500066011986
0.9517210633455883,0.7017800352987867,-1.0554169767717985,0.23938303251132018,-0.3853508606033466,0.24951417371759146,0.19123780386723715,-0.7985979009270511,0.3601828073908581,0.2092031586376275,0.6427001970438577,-1.6521080260395034,0.15633061922929747,0.5842235490531876,0.3408876107846917,-0.41769036245213725,0.06002967030475351,-0.70151367783417,2.1314691449495218,-5.173751855517253,-0.5651479473130839,-4.152082947586817,0.5465464056464109,-3.1430276063074887,2.703331184136647,-0.01610714536204231,7.9440104780589245,1.4083080358593512
-0.3277799201068377,2.1421055022949536,0.09540679902931895,1.3309175443229062,0.3471956031554393,-0.18062640397929872,-0.07187777998385603,-1.6309275268054086,0.9146793940281075,-0.8066082525102338,-0.15083208440668616,2.0571087756202915,1.2202849224280816,1.117881227732131,-0.49554094228077955,-0.13039825642598002,0.7713896676439419,-0.6548958684068159,-0.5161998318362346,0.18142401863400506,0.8591189811128179,-2.336918539115124,-2.8960345361894855,-3.0634598909823705,-3.235417914046412,-4.0063748482009425,-0.6011900055645524,9.149638378942242
-1.5766566009048961,2.110412484452924,-1.0111388806971267,2.279790066492113,-1.4062010931158986,0.9017195958455567,-0.9084554237209302,1.793955386757432,-2.6549660653777485,0.142663959650832,0.13401452709808157,-0.313788083383866,0.6529598950885669,-1.2248433733618787,0.28322728965510435,-1.316116333797252,0.5131212998847097,0.44408379021631694,-1.0467864861682408,2.9489811296492943,-1.7919901644308571,-2.172355486170984,10.180762237729512,-0.6360934440874595,-4.6871322207646315,4.722225260113914,5.698788888288197,2.057479172529521
1.044134456597397,-1.0228002075937044,0.08849466705897706,0.002072677451324403,-0.14787235850710984,-1.2248969726739514,-0.4267833294356586,0.6208163806984545,1.4580206913100622,0.2851308370186668,0.24819706595027308,0.9372153223272655,0.16412394265427988,0.2896722067710754,-2.5144992187918374,0.4222409598975756,-0.1794326042487063,-0.13301504530834973,0.19461833107383156,1.623577272672909,3.9973761068333236,-1.3684253131649189,-3.6087629975981033,-0.059828691704008376,-7.721237017092943,-2.506053883484452,-1.670228571443219,-2.75230404512523
-1.6367125955272634,0.43946670658982423,-0.46404639147226817,0.4949161870342836,0.3993004979085778,0.04648328995445896,-0.3169689095516929,-1.1167322286876449,0.38617667784310433,0.041336719610319275,2.163729619906736,1.2931137926445713,-0.5447795548098976,-0.1778799035059733,0.5978123908359374,0.04843445142055654,-0.15906043134381928,-0.6881190907753648,2.0558386838276053,-0.08596700485975839,1.294931139550177,6.517483633079993,-1.2366380768189156,-3.701563654964269,-1.34125734876144,-1.408080869709567,3.638533377189695,2.9162316875121546
1.549600890669799,0.24711098625121491,2.7070362364031735,1.0750434907935336,-0.43287712842967996,0.2972892934229941,0.42333826823694704,0.9176985678802367,-0.16045867518397391,-1.5559620595815729,1.993839222996582,-0.7268666286279368,0.7400959234807063,0.8500666054607782,-1.3355209334795104,-0.35499375896098234,-0.8350583732095795,-2.1241772444167943,1.3174602801666078,-0.3490539826934947,11.117608184732642,5.852002085582402,7.2676498431344525,-1.705062364430749,1.424413687602167,-0.08815815533845908,4.762307529258674,-9.271719122710524
-0.11373898287686326,-0.061654760622494045,-0.8547329246301598,-1.2395087384313106,0.825640225291734,1.8710111896828228,0.4533825142458872,-0.18637375779584217,0.28983826680817976,-0.746574096575808,-0.10617755224761849,-0.2621222781833257,-0.14401752806582277,0.28878017477872375,-0.13665483006302082,-0.4285783408213572,0.9852214944890877,-0.20689071618148563,-1.3738676346507497,-7.44088812329742,-3.3260872948492675,-4.162626197019527,-2.9555114338452237,3.077787868517989,3.4230334459409506,-4.532066855726489,-2.768829763372846,-2.4430654970616867
-1.4963848012204486,1.1147514777197969,-0.15046971320505217,-0.21607807220842284,1.2177407555368207,1.7409654244829411,0.3335768349041604,0.7338551518794285,-0.10627897481891266,0.9652642537948325,-0.8023230451274693,0.08450700845706269,-0.6924490290373408,0.18250019850135035,-0.31582055994917635,1.2559803957134368,0.4375869199406777,0.14496934814986578,1.051810922911464,-2.3638071652924637,-1.705960473569977,-0.6545062080757913,-5.997028651528852,-0.15827023665738835,1.1723254410757533,-0.9732242272260434,-0.10464114663808036,-0.23089012897803785
-1.208315739381531,0.8911516129033307,-0.4406456387022034,1.116826222129827,-0.2478134568933539,-0.6031463702459126,-0.3097086633097077,1.2139340182530258,0.804401758139679,0.24076891952679585,0.2950981202028083,1.5090122065183758,-0.9659406640598175,-1.5838222781683309,0.9373476962321975,-1.0413818864088755,0.7280569299119312,-0.6794829991165331,0.3049044738664466,4.379446627883179,-0.7897052916084799,2.3468802757136666,-2.6678305261818296,-1.1483142697754496,-6.333517034940997,3.3736006920458532,-2.013513211778799,5.46961443171448
-1.6132056523195246,0.9488373519836916,-1.2488664540097687,0.290790193797818,-0.17372590638507057,-1.39113111437597,1.1130929296218999,-0.712343223471087,-0.3427894744588925,-1.0564255587453792,0.5096622426281254,-0.003956385051172616,-1.2495741572594885,-0.636936441526271,0.4373849922574955,0.3611698717762137,2.2239755259911194,-0.1969896665756552,0.02461926942718163,-3.743712919087995,-4.237695547538877,1.9937639374599045,-4.2341112586820735,-5.921437379655105,0.5243965632853758,6.168202329249971,4.934766390632894,5.562930148652194
-0.0073022596166893786,0.5387627661699276,0.0981381507800353,-0.6570875115248341,0.7208494650499985,0.910026747210293,-1.5753471579284566,-0.6459789483099297,-0.5610264794499836,1.5984558381762966,-0.2110667923299567,-0.2822755723953477,0.4253608091932036,-0.9597845835310478,-1.0391266516368036,1.1989140451319817,-0.48258658515512487,-0.4591774026473162,-0.3135121780158895,4.229211971093075,-0.8063304221264911,-2.091403314994635,3.3532210289152236,1.968128434890007,-1.9566431647268148,-2.410719691916188,4.564378480370129,-1.5346613854631395
0.8019432879562606,1.5665865605620366,0.31763342749265494,0.5322921264831812,0.5218115905534505,2.1693279535403485,0.45669488153429066,0.21019772336209508,-2.0671734565556257,-2.5219905511499188,-1.118906177674639,-0.21679407535434242,-0.5738738874650404,0.02440344543915852,1.3901063346255742,-1.4455474091232237,-0.6968637600847879,0.3328714189899871,0.5957516662068988,-1.9872606417425611,3.1626474561337403,-1.8438963949564702,3.9219401767038735,3.544498083673582,11.017615699051492,4.876224871620039,-4.854457134028566,0.07839348197749743
-0.1935740840317434,0.2832384859246315,1.8089224274092661,-0.8212742066658771,1.0620867549679176,-0.4206751950416021,0.7752156818729597,0.00038494480246790226,-0.26014225030317684,-0.5483644600091113,0.7547334792575326,-0.37728973372332264,-1.3611298659239814,-0.6680227453192126,-0.2649502863933482,-1.9866697289895443,0.3706262722995261,0.700226325998789,-1.1003859589789067,-3.760907377249292,3.2126170102878278,6.24774728135338,2.3267578726009672,5.301099000583475,4.2088897623162005,0.211831513704675,-7.403091252497341,-6.2890734573263884
-1.7268392508320116,3.2641017644239687,-0.19106407462000452,-1.4266032428160558,0.9926172231001117,-0.4053638503527192,-0.3554103854405338,1.8803505502206237,1.890694421043566,1.404768572103077,-1.040786452983631,-1.0498742638009833,1.1654897740117869,-0.9498007387356217,-0.8121685518524663,0.36998846242631006,-1.0188330154699434,0.5462906265668359,-0.45621488610202426,3.3631012346135076,-7.392096644516827,-2.885597257109442,2.5808281830408952,-1.94733622785406,-3.544018744890157,-3.2802712299499723,7.391005824257109,-0.8287630257098606
-1.62691438132909,0.7750724597842362,-1.4233638288966708,-0.433682870766776,-0.6953484658689818,-1.9233140876884944,-0.39764635186621533,-1.1718535190484696,0.48312819548611735,0.4985221836636717,0.2943107380839714,-0.6690659317467346,-0.8259230390166354,-0.0005834931577353176,-0.6841268514108295,0.18871604928611366,1.1910980319379494,0.42754414610953656,-0.685728076788426,-1.877760884561153,-5.112998876000368,-1.2149930003798943,-0.40914675926950195,-2.661778468926386,-4.025497020797642,-0.47566830042015373,7.170336297410519,4.297889117046888
-0.6184725774766268,-1.2024770988201285,-1.0925848217464134,0.32623608315618996,1.4444605215509634,3.7376453818369333,0.6826468916407016,-1.8234736303686545,0.8757040292909236,-0.06842106830204225,0.20488313849721082,0.15778912426929712,2.7768533396432264,0.6403214598550178,-0.37487960027121814,-1.7699491720919256,0.43306717847739723,-0.4877775676643727,0.8391756294892392,-9.418950268884112,1.621323062244476,-5.016919064497407,-7.504953360007941,4.000682902008022,-0.3778293601348814,-16.96070225946593,-4.622490520815104,-3.1729578640841773
-0.07014325458249106,-2.1093004604719208,0.28748036705358987,-0.9933247926375318,0.21308679659415708,0.6181585316074582,0.20627372818597597,0.588158388987494,1.1910153451556924,0.2347628717152512,-1.0476753883412715,-0.33683859519119586,0.24712836106229893,0.5192945039860495,-1.0092670381457565,0.05521762150101855,1.1104147669568956,0.30076884513080887,-0.8092174070810281,-2.6452423220819594,0.44188740765694684,-3.3600185270035907,-7.391022326446679,4.976828586125338,-2.6478295928545608,-7.595809677391419,-6.161324377071319,-4.480970400301418
1.0441954206183444,-0.07609758116581353,-0.7184631748188914,-0.21142771200179794,0.27609026468837283,-1.0941480516451125,-0.47434550452799423,-0.26292124481966794,2.7250126862783963,-0.7900874232367653,-0.3250366376191518,0.003118743784332701,-0.9114616532898168,0.8070499243325531,1.5829409721776357,2.1777619385884797,0.13517420255477286,0.6254623586326237,0.9241170691314926,3.3975206471170822,-3.3953834255556923,-3.202261276798096,-10.316106840676166,-4.178063446538347,2.108419590636711,0.68522859868806,2.7204768101452514,6.352597312984756
0.5349977952535386,-0.849427550516232,0.5699418966730164,0.7195961341768174,0.5411515513346291,-0.44551570537275087,-0.6181008601777356,-0.9861502613312156,0.2961520841746983,0.3239690995554939,0.9971330342733334,0.6268520144098688,0.24381664085918062,1.4932083425279055,-1.374530803765158,-1.6541106820261409,-0.45533153080876604,0.31765223418569893,0.7096793041269573,-2.6150444661604917,5.917349891871113,2.6873546545154317,0.18368634111455567,2.7369718118459714,-2.6753825994153195,-6.5915460951432,-6.014494231231202,-2.1329337505744714
-0.5075912742013318,0.31712790001921753,1.6077967802024877,0.3623186630084682,0.8061802960434186,1.0513208351828531,-0.50664255473788,0.8674266038971615,0.743702399230486,-0.6627017114637732,1.2999357728295857,0.4720692237814983,0.16778209516740142,-0.17006424885691912,-0.03441857649916334,-0.45412841539219956,-0.40452223968170037,-0.5431947042547028,-0.4080120427029228,1.9534330486311557,4.203902881986583,5.156259157302513,1.4971540747084582,2.4217034736635044,-0.8283069970825883,-5.024806681405596,-1.7257851036250966,-5.33735310877752
1.1135719674267688,-0.5296718523463303,0.3164434111043774,0.3278787785455301,0.369563661371556,2.4128438742885185,0.5339276928355274,-0.18294133992735181,0.17897888886329288,-0.45230161595275,0.4640376519034443,0.7136240442459092,-0.9976833108314598,0.14249997507973916,-0.9809212510841815,1.1584949985656565,-0.3378431375218414,-0.3910069760623166,-0.607945608073499,-4.117248779096847,4.3940629691993225,-2.023998307397962,-5.6080913515847834,3.3133605072845103,1.4768229207635564,-1.3338645879012854,-2.9824814581710295,-5.783635815591261
-0.5407391236286513,0.5755435314304937,-0.23762481627411222,-1.2223800884625933,0.21375137778949901,1.3259205139798906,-0.5781550214687021,1.0828214167491084,-0.9804266276306189,1.020648749024428,0.8698092653078502,-1.60010840654166,-0.9616544078062843,-0.42869080724698005,0.38192537231150075,0.0758342838159237,-0.051353455374542,0.9923837023803821,-2.7377915661355154,-3.564044682065748,-5.935496959674278,-0.25669310901126835,6.973793867073909,3.797360110425828,3.2978053157316736,0.40278156679698995,2.3101775378207976,-6.600050999964871
1.6930293686664322,-0.8382565719226484,1.320056112775786,-1.3677923898622186,-1.354536798520313,-2.5575285692799876,-0.1684222410120482,-0.4506223982267723,0.011581568040207412,-2.4229925614371286,0.6825509906669889,0.805608086759472,1.0328591194441792,0.7670417202985271,-0.06384969759172625,-0.4259910405063364,0.35614791717713845,0.6959229630254203,0.6652808704382948,4.412592685459578,4.728539620187328,0.1390056656778953,7.334571825869964,-1.9578281116065235,2.7602309912880574,1.482152582276919,-0.6428093967553195,3.066162164944745
0.13495793002107004,-0.569285134843477,-0.04962004674209173,2.7484569747673206,0.527419916410383,0.31840195048161263,1.2905087768521888,1.1285172784807804,-0.1622440728880788,-0.44443010268904126,-1.1431611902365617,-1.229234721608176,1.5234729345314602,-0.0818619115212927,0.42955953609935454,0.6835451221254804,-0.47930294746703744,0.6783564681048186,0.889391662593279,0.9156701626510804,1.4191411052872114,1.3813190978909742,-7.296830134439133,-4.217695046478555,-0.01697838094685722,1.7696609918344406,0.9815653585249765,-2.968349903444821
-0.6196612452282916,-1.4542971025376332,-0.4568885280356836,-0.09699734742731773,0.6088370095082295,0.9324543231108808,1.1733429478480064,1.1274975062441004,0.7161795989093558,-0.628404813743232,-0.8486615661460695,-0.6473664666276141,-1.8947940887843588,-1.051181966313424,0.200507425800894,0.0016604987899347967,-1.5124010706586462,0.2400322461992524,0.13883678466637522,-2.0780759197200345,1.0100207883245296,3.924266192579962,-8.311843610021413,3.641995822167308,1.8586927175023549,1.4463737706080446,-4.999672929493393,-8.626437431703584
-0.8483259983376923,-0.1802877604718669,0.48801467614918165,-0.21852781185570716,-0.7295688424329474,-1.1155189327810737,0.7319057907743252,0.5156959347275558,-1.242961919774491,-0.4469483658732678,3.1925807292385406,0.5767107575335245,0.42711295017240614,-0.2993552318608139,0.7348029605528882,-2.203903708955591,-1.7956108686240584,0.15532354775784984,0.18965462878603798,-1.5767634148130885,2.182434334391802,12.150774049497858,14.07492127290321,-2.3923052538591563,1.418015502287828,3.0552141017210386,0.5270487578817447,-4.988399169557198
0.26715956318042344,0.37311523655916057,0.40552926403545364,-0.9458324464095675,0.7342887906963427,0.17645368182318263,0.023852373304943164,0.2228466710840776,1.7102365780471447,1.184566705175868,1.4737370170833946,0.3726245409244795,-0.6090727514883317,-1.311046098448341,0.9663120762583138,0.09632848595243539,-1.23073386838097,0.11570025322336036,2.1922580075806946,2.081534334843146,1.0768143680321278,3.0723140811573777,-1.523086732313288,-0.8334116856717961,1.097481012647635,-0.10938333619895697,1.4713279728001236,-1.2998601249943442
-1.2574748571788477,-0.9074749623960217,2.3163497999982843,-0.6933922906367942,-0.8455590283308753,0.4661242466664055,1.9331101614139683,-0.28360373619382545,-0.8695957677746546,1.505032429980495,-0.00032635593635810945,-1.3326192613489378,-0.6944550585806222,1.006430299433576,0.28877768151482636,0.7818130089213763,0.801002354749317,-0.7267552723500055,0.33625362294303485,-5.734417940291916,1.90554829853395,6.161707776961937,0.4038277551155392,0.6424090410812083,4.260553193506764,0.1946039166433134,0.5946022277019468,-4.584255337347184
-1.4463458483108445,0.8303094027145713,-0.8169973979612188,-1.158387127647807,-0.5375523099114295,0.7735151647665172,-0.6523871814201958,0.21283769156039317,-0.16622748190334813,-0.07884890586672823,-0.6225171575825024,-0.9507093864453549,0.49858952106343585,-0.12583407480817205,-0.07510998462676949,0.1908377763873974,-0.09080693151597292,1.64620097265684,-0.3756374431548749,0.263919203400014,-3.6406497657503216,-5.334368482613328,3.470733669603646,1.7001577126923502,0.5498830778908856,-4.415588051054477,4.676214855039654,-0.2917443175936707
1.0593176366282333,-1.0525825037031828,-0.43629064769782194,-0.1598770597106042,-2.0745601830932965,1.580985444912959,0.3941483612353478,-0.6176880533297798,-2.4744584474753943,-0.6786601543410288,0.07562494760028553,-0.8502340224451947,0.7045013517257555,-1.1094378059117131,1.1620003053054697,-0.10843434698096288,-1.2597095414166366,-0.1931775689125576,-0.029965979759977897,0.6260911554948777,1.5522355772843826,-2.8734091817995067,9.8208676659079,1.5990738520641654,5.024061020320521,4.767323552440999,4.479464484645397,-2.5270464115937488
2.4602489983047384,0.7666739724071303,-0.5198882905692533,-0.262586766019328,1.699578122456014,-1.566876905764633,-0.5371892743711782,0.542631304690714,-0.8509550133226399,1.3697498856379908,-0.048948182872517024,-1.3053479823516194,-0.1531605901661221,-0.6257685482969187,0.6277097226123333,0.3091866741188608,-1.215501270414693,-0.6755098707214341,-0.25673805234035457,1.9023072598623387,-5.731506635187091,2.3532621683853843,5.327752636065366,-3.6715581633511114,4.231295913061633,10.240307312165896,2.3420962208171794,0.14819222373661883
-0.4976086962361705,0.9244684215272562,-1.3219006662694215,1.1802962437278797,0.49928121677942167,-1.6639050742927286,-0.05810851790638547,-1.6468961357635885,-0.03064685336656418,-0.947368526886404,0.3153008209902692,1.154296406034666,0.6177874578021343,-0.6309956517099242,-0.950876246889322,-1.1864279112125646,-0.8884826022976168,1.04349782644167,-1.0659894513112536,0.6524596479969356,-0.4832104184529345,1.3596374883735407,0.7012784676549962,-1.9671992759577548,-3.693510128227614,0.0884648098046047,-0.7257051507059651,2.775560239270675
0.43363442019846665,1.277059382207807,0.7888606836436053,0.008398770867438817,-0.5955851605976458,0.07128184496283178,0.46079029851036263,-0.6976468818732352,-0.2173691414768218,-0.454075749044087,0.3373937418405538,1.2303594833313376,0.8457430980204833,-2.211889554526085,0.2050555100547159,-1.8654722148765264,0.06619811935245182,0.23623084314715037,0.6580341699958145,3.328965046529144,4.572368213460658,-2.1953716598327815,4.732398674469665,1.6889292428939315,-0.583327602779203,1.3417114412998195,-1.6513309414010884,3.2347693053199937
-0.5458250120296309,0.12687770285255623,0.7648293853639041,0.269627660163606,-1.4550126910250012,0.0493568080971518,1.6482895181250412,-1.517593301052862,-0.6194508215338211,-0.5709740008046187,0.7594063058478044,1.2060424664583633,0.4405616646556646,0.40314925095350823,0.03698257440771158,-1.7446415252749319,1.6407793587723882,-0.6049525234745255,-0.8140084051763476,-6.057682455298543,2.792000550616306,0.14323701045116596,2.3456161644300995,0.7139709283924187,-0.31454828831283616,-1.3242247309027093,-3.546618460382417,3.5778847502879465
-0.9533965640747128,2.4069864306747495,-0.01958242592024488,-1.219286150976555,0.7052906961024616,-0.4608631405680555,0.048329939061032154,-0.7389158934234713,-1.276223015297637,0.1365349482169857,0.5162931474167093,-0.18790650641643153,-1.1656538203283922,2.2702931445598926,-1.7541766367195015,-1.2687672043924794,-0.47979748689911705,0.5063595000602654,1.0304475972416915,-8.617224747145178,0.5721417322902883,1.9581482733351157,7.43570116587957,0.21212672873852606,4.731964820681717,-0.23858044117465732,0.061124734528450034,0.1071699863245909
-0.5154803502537948,-1.3947635438878374,-2.2318256483919465,-0.5280852508837554,-0.31497697173390515,0.2260933276799671,-0.25096212756465325,0.200733308490214,1.213392130064528,0.008950766018315029,1.221756846243173,0.906929738085114,-0.49817656093761437,0.7101944564021507,2.2123180992411804,0.7161976536853756,-0.7935818236484178,0.26691536702342306,0.05337012027473332,-1.3207422309804406,-6.4104819753695645,1.3331156987087205,-3.385664340533407,-3.039524171267527,0.14438155615747883,-0.9458344876123038,-0.013146395062714344,3.4689186591888594
0.023591053939439735,-1.4815376745745064,-1.2938872048467185,0.310777758570129,0.09659446010803069,1.1364850748366175,-0.48334452363061764,-1.8189345055050932,0.7911151135761744,-0.5383628828466261,-0.8353139492963871,-0.5223143081201195,0.2833371813803906,1.7013680035487957,-2.9469927785767065,-0.33844532249895526,2.003448937460465,-0.5422318763298044,-0.3808051187096523,-8.491420223087413,2.709735397482765,-8.899897817584847,-9.750128250679943,4.378993841046215,-5.595432371751221,-12.225075650786447,-1.2559053003398435,-1.606806994539159
-0.45946243480711846,1.6138267618924653,-0.06547335750419452,-1.1318104168044731,-0.16278169604358983,1.1129728323309764,-0.8667708797115018,0.9185492028821637,-0.008627913799609135,-0.7429133450491214,-0.5952495227644683,0.5036694746213852,-0.6276118636622227,-2.6480823346942635,-0.8784137930245042,-1.0571150190568959,-0.18321938828072062,-0.4392973277800434,0.8267000121310073,5.213368745243552,2.8653195089177776,-4.559050817604008,3.42134959332318,4.56120820026928,-2.0700815238582866,0.761801379075342,1.4461885907029788,-0.9534793971413715
-1.1944949896532162,-0.6754948092837713,-0.7528122680341073,0.7977767784574592,0.2879096403770535,0.3683970761808081,0.19774394189775896,-0.5136056655900377,-1.4087094166357252,-0.9594070568477019,0.8176040459316952,-0.25819499916919725,-0.8900139865367294,0.2544110198034492,0.8647181349333779,-0.28997914019147514,0.6948868106597875,1.1957487630312456,-0.7147960298644627,-3.665841939899028,-1.2156657225853573,3.7646046284841925,-1.038361218386151,0.2210886314241808,3.4867752582683216,0.9122203412298852,-1.5202638073341073,-1.0412702491643093
0.29080476144430606,-0.15495764533997541,-0.11809000631863888,0.8336741763923831,-0.8444700781459363,-0.5331650595604452,0.9855417061130797,1.2798986501925345,0.9950027299036815,-0.16670403841755518,0.33462115103239143,2.1924257161639558,1.1978229263411833,1.6986150606108328,1.0650937282228956,-1.6296857438348185,0.25944200287452585,0.9803029046171796,0.148070408376781,-2.0660464635532123,-0.21149777858138674,-0.9984614950561124,-1.2676371191673457,-2.003151035010137,-2.5283250641595316,-1.546471937277704,-9.383114188715451,6.162553670706714
0.4313355711744113,0.11267887297375025,0.7415109751246859,-0.3415069971171514,-0.4540128698837241,-0.5657269021686089,-0.04258992440304432,-1.2669754587178457,2.2685679348263372,-0.930529007968737,1.105998308981933,-1.0323227004377815,0.3174706867004429,-0.40392061623277264,0.14829528609365347,0.3700303718112837,-0.4363184506717176,1.6698883513695273,1.3909841293568392,1.8219979256526058,4.043577106443935,-2.2438168855362717,-2.43820036123817,-0.2207789852638884,1.2526132849924387,-5.930685016671935,6.08875879951412,-2.414655093226653
-0.4990365734446571,-1.835786502893274,1.105403823277517,-0.9670749244114142,-1.0486541634689959,-1.1879925155267559,-0.8925117566345265,0.5921306397316489,-1.7571077831030293,0.4020565666844534,1.6230734261239543,0.4087248462566112,-0.448836036422501,0.19941148519577942,0.5823089581797212,-0.506076803087128,0.6668700580935002,0.5996466128466026,-0.48587708776054006,2.7021147571330912,1.5358113576125771,6.997048665237093,9.757513806413092,1.6755830592410546,0.19567276168792447,1.7459427960153382,-2.7653294951220713,-1.3348189716954664
0.5943820702954954,0.2598237979187586,1.6597898007570195,-0.15297148301802502,-0.23665013636356705,0.51275995373869,-0.41600864276403454,-0.007745282272216145,1.141857888200968,-1.68138500974713,-0.9205790368539504,1.3025757838598033,-0.14990163179596314,-1.4992277003709276,-1.090843519574029,-0.28409468400659943,1.0202807067934947,-0.19875194886998046,-1.2540080154550357,5.752587439753332,6.4194068688890145,-4.520883457174987,-3.398234224343014,6.106619951941859,-3.3148221713724104,-3.117949620477868,-4.868478905056506,-0.5363907020770494
0.9297339465185203,-0.38914510075825715,0.10949987397933358,-0.6280466537199764,-2.347977259056274,0.6513368147210826,0.4856501920439606,0.6784253356945971,0.26901268353314395,-0.3914205690560633,-1.3954409662709335,0.4042782631573558,-1.1047429286334656,0.643005810788114,-1.3434254573443478,0.11003635918469266,0.38531712099200227,0.3794453974493646,1.1907479419923694,-1.5043390264846837,5.548250333750169,-9.58124282000758,-2.4952191242536004,3.745397701268417,-1.6744820392003783,0.6894256546515604,-1.8536192101784124,0.5544662077384214
-1.5844131464554698,0.02747033625899563,1.715701718179467,0.7806005095767939,-1.3278419192588018,-1.1755442685429223,1.9368300467134203,-1.4639638362458665,0.6569618520591471,0.40599158279044495,0.17400171604802914,0.6949673035656523,1.1185200606477568,-0.7178499048336322,-1.2120550530602667,0.8250275994127263,-1.0634812034954515,-0.02564842190302113,-0.9689774913369228,1.7579760522352053,4.350708594474022,5.573765564796996,0.08396756656155084,-2.339088146792273,-5.321142556772998,-1.8222165055056996,3.21498958461337,-2.9810959810424627
-0.13992713106286847,0.010028224055257898,0.004152725785862466,1.093443687691185,-0.5880983684748181,-2.729477706251787,0.17122054396176115,-1.5853792060733845,-0.21258777304201487,-1.988683111566465,0.24382018154719812,0.9507363346788074,-1.1098613810284186,1.3272079546226512,-1.3969754968663795,2.0685431356776354,0.7495996926546522,0.049917031591264815,1.1222604018426638,1.7227525171467344,4.189957366234691,3.511869616444591,-4.650614260770718,-7.2447520485304935,-1.2552888691899424,5.47617781398141,4.377609150053354,5.126698296595456
-1.3985330830899598,-1.776865874164568,0.34544614674464214,1.1218189739199302,0.3029367776074434,-1.9383723121973406,0.24692865855900506,1.6600372496480653,0.20422652776364136,-0.0449026716158616,0.7983805112385611,0.44199440641593807,-1.339245824775895,0.8846702907441315,-0.1402444052274211,0.7559990858397411,0.3306126214727354,-1.7691571106260602,0.2956229496122227,1.1398005952824282,0.44578577763894217,13.066068904968521,-4.748266183640897,-4.815426404704008,-4.7375181585420485,4.157566694437778,-1.5740910035826483,-2.0013762266450037
0.1948517033446658,-1.1858536385104448,0.2610371795553915,0.46732342694948453,-0.3782110382131307,2.1876980830003965,-1.0386913281890118,-0.28020574848967894,0.48910434152740256,-0.27736822109048814,1.3758782101674925,-1.4992358477271126,-0.15202355309714016,0.050333700954988854,-1.0192818568311262,1.2942694011479943,-1.11310263129093,0.8905528097166865,-0.4595718924713175,-0.5944290565162437,4.733316113650742,-1.7435764887768164,-0.504462324429836,4.3508144349264235,-0.6303068592584867,-8.168690133443718,6.053429431926677,-11.189403935916632
2.080841127134742,2.009410648017262,0.271100890628136,0.5610434197779159,-1.3085777837539856,-0.8591504032555151,-1.3811912179645518,0.17119443981035032,-0.5687088258521544,-0.07936432760684219,0.12832175597554132,-0.817342157312701,-0.21121649979372487,0.07212998044819444,-1.9597584362669227,-0.9456463949239092,0.8155472502609443,1.4119292706293247,-0.7136173624397385,1.012533910167309,3.644723028748516,-10.206919714611896,7.497542946848314,2.515225398759838,-2.9237090900198024,2.022479894292535,4.15768419342834,1.0212850385118108
-0.5597496596715765,-1.3542006659058472,0.6159970936224075,-1.718732846654673,2.0362446842880404,0.6730442727344804,0.1771842712391904,1.9890521356565023,0.37228354189886514,0.8879479620601609,0.28626925633373174,-0.7898981042434273,1.0142006203405602,-0.875491036162217,-0.9673844139733454,0.590735208937774,-0.38196425070169193,0.41694101351159313,-0.8863046206839175,-0.30967403532514953,-2.3697602248718455,4.838089417969132,-0.7259021725361199,1.6427415380749877,-0.01785914418564058,-4.408487744441085,-2.425777674290567,-11.12298224685986
-0.496904426600201,-0.15064916179931745,-0.5502010676670481,-0.8469701104357905,-0.8703978893996992,-0.7565301449176886,-0.2387397044225999,0.9831442105935311,1.5411564347416076,-1.1728467829627738,-0.9015425903571834,-0.7055935534194164,2.6343658977234212,-0.6166439259001865,-2.5310789705161354,-0.4324778505591887,0.518964255574449,0.3245021897422299,-0.18462482885210257,2.422537613770275,0.636952000432805,-7.42420605142317,0.6956891476230933,-0.24324515624157378,-8.155383778162536,-8.546439085019987,5.550251380804876,-2.9224556470239946
1.1828409728512974,-1.3253995444185875,-0.3243562555001133,0.049262501625352645,-0.36092871303334206,0.21542362046234895,-0.6426473045982686,1.3683045622580448,0.725737892148546,0.7558877346782611,0.6968441889576052,-0.0039047553121705748,-0.8357970965284258,0.5298127804874506,0.996997033753308,-1.2609543414783086,-0.08838240107206605,0.22008333436119262,0.23822911741980105,-1.2050910410085498,0.041819414659359,-1.1185236642035006,-0.5413540319078591,2.968961237051994,-0.9786699233219947,-0.5349042932709228,-5.614578759098659,-0.996544699576001
-1.6689491294608505,-1.1249641389688236,0.35647411727805406,-1.038532060455033,-1.246627287376241,0.8048706348676978,0.041077364846353284,-0.38101933380522385,-0.49628214531046483,-0.10603335930652469,0.25059058295648184,-0.6968028233119173,0.524307345070747,2.8248476062390835,0.8628418644518364,0.6476767985651954,-0.4970313911836087,0.4272808911314798,-1.1398132079371164,-4.037514554228355,-2.8691028882050906,2.2593278880395227,5.097523557679332,1.1099541222422962,3.4814626999994216,-7.09262090453548,1.2828798182084709,-2.069196098180581
-0.3258410704389315,-1.0546665550246346,0.6441690124614864,-1.7388096750512148,0.10180592276257378,3.1482895463392264,0.3999331618179356,2.206293052364594,-0.26742723859662293,1.607486818481161,0.15373411876182994,0.45340593412921143,-0.6566130710953065,1.2817272746491037,0.4822926897791382,-0.22139688579727734,2.0162193130687838,0.00898820576307461,-0.31868036639949715,-7.6497483278852805,-1.4992307887425131,-3.5315545883905006,-2.2556602326704276,6.1104315519385555,2.20236016143156,-4.666763521179622,-9.157098515819705,-2.721792654237246
-0.8255709396883628,-0.6497825879438677,0.3330299962881391,0.08722713232455444,1.4355122107915244,1.3012467845242477,-0.3359967579357172,0.21253051248042643,-1.1138432075944664,-1.5256652773319326,0.2067990376333113,-0.42930243208188607,0.48743826985921224,-0.21505599088944563,1.9215191319997238,-0.7787843050531433,-0.419554466596176,0.16022659278033016,1.2848449707256242,1.4845237940694722,1.132509167550183,6.0252669392099,1.4997394141175766,1.0162944445228137,7.182764249223308,-1.9570250666265288,-2.7269361930309333,-2.3080033969284797
-0.11506676673112858,-1.2039176602169417,1.2628971534437197,1.941914987519966,-0.7997498212888887,1.2376758604057223,-1.1645960855455373,-2.273139736247767,-0.5407122686243602,-0.2037237742964592,1.1049704996628067,0.7239468288871214,-0.4127770141794586,-0.5889764727405796,0.3630064140816876,-2.773933193147393,-0.5360627202541793,-1.1092271879058668,1.765059990490414,2.564211566379969,11.772234998434273,3.628379156259065,2.2806464876503707,7.386754057698483,-2.887547694947109,-6.609479117440211,-4.53049076692858,-0.768562833737829
-1.7691483484269632,0.7344606114833879,0.6016679676362369,0.34054785484989,-0.4688703764014407,0.7078332209514671,1.5761286415873772,-0.4309516944177235,-1.4630600674987386,-0.40273678576626465,0.08377147063045783,-0.7119128295314882,0.604090260755418,0.2570229279161719,-1.2732487552801417,0.477646533118866,-0.14369452526343632,0.6623339265510351,-1.5495086415952763,-5.201687664616975,0.7346230285780629,2.7211402157598217,3.424698116548429,-0.7899558954729329,1.4551789372901245,-0.7511750663541771,3.7222643441601315,-6.1836484758568435
1.4849060203564177,1.1387315842862749,1.4979952901929123,0.6069700417479437,0.0573601884403355,0.07280698398544204,-2.014629626953071,-0.2641572836117137,-0.1293303633485605,-0.8345499029726879,1.0296600684033896,0.14629794942164379,-1.425957053230998,-1.0438758991847237,1.103249354157031,1.3594540750268262,0.033942564818972516,-0.46623924249111093,-1.2702605909490416,8.963270421390655,2.3026962091123235,0.8987532028638089,4.199662145755972,1.281510021865545,2.1909692978306388,4.813135839012549,3.85097023610532,1.2633870006959818
-0.14646525823508652,0.5141044764879117,-0.39055017399202147,-1.470717428090469,0.6172675941720017,-1.732398379906002,-0.31542450666362903,-1.4599479803529525,1.1934008027538991,0.5532994629972728,-1.566612262222651,1.7065211448090227,-0.24637284789174183,0.355732292377559,-0.20356034960389632,-0.05098189621298577,-0.10412475848063435,1.2867881261328502,-2.946886909723741,1.6699108671418166,-6.0199812856348665,-2.816716828546646,-2.64560315092297,2.9297216089285976,-1.8112035971995106,-1.7198795882373996,-8.224960552326287,7.138828767061345
-0.23956021057317073,-0.590628296442688,1.0736689010755598,1.2881414054256999,-0.6773108996378889,-0.25964259947633916,-0.18702033765836476,-1.1460129731187325,0.9967647496939693,0.18187768128298848,1.4073910895867525,1.3834690832276815,-1.1006909808551986,-0.19924196535777527,-0.8293382062028296,-1.3261002844291838,-0.29238173002480733,0.8385928223853294,1.630226928831782,0.7295564295442603,9.978862632699729,2.724704094531834,-3.63751261487132,3.5178050967884684,-5.014457658414469,-4.531542195017057,-4.565625663429408,-1.0164709046249565
-0.12024465566769287,-0.26682569460985567,0.22945011927469636,0.3104588220584401,-0.6300448932840057,-0.7616155729084375,1.0778491911234376,-1.1553358352166192,-1.1645510958277354,-0.11025095189857732,-0.5347188808181615,0.8472419209086558,1.2553397955368655,0.9547440505530926,0.2569307691685439,0.2618973613158855,-0.6694620755552013,0.47222057869404177,-0.22575771537752354,-0.31050393511000896,0.19017918825403438,1.909081713252522,2.768925117717668,-2.8796214679716776,1.8273131440258268,2.0119210523791216,-1.8372687617067711,3.406414809283812
-0.2915213297547596,0.36779250934290353,1.1928262621378927,-0.3860163361795618,-0.5368096265946996,0.573138660444484,0.16597013376943193,-0.4672789506515639,0.745071207205635,1.5433133835899873,1.605912484532434,-0.014694490319914991,-0.6962124963311221,-1.3171591327830687,-2.7246517395602963,1.2226311593128671,1.4672224331594284,-0.4880772178354252,-0.18352296570727222,-1.8513706273647026,4.962020645768714,-1.8159534445902212,-2.004725000125153,1.3997945494238053,-6.461544627972033,-3.1755910751715954,6.373017257466539,-5.835583750606357
-1.242191672650302,-0.009698244999478535,0.030906359249283696,0.13069877473966607,0.4375152076323173,0.5792307789872937,0.2521997425713891,0.08475583930442737,-0.31308220522541186,0.7509310398319127,0.027305500335308257,0.8684070651047681,-0.7052167558976145,1.148669769269519,0.49720943941022167,-1.1493841005084158,0.11703441250181663,0.41254021649321737,2.3080253278588096,-3.4143885859250784,1.959548570363424,2.8223372663336908,-2.4243304507715795,1.1046991331192348,1.1630833708240236,-1.9095369391944617,-6.088597418277055,2.596262703977417
1.0752859972850841,0.6314248108807556,0.17230281273146147,0.9665864261292262,-1.0372210701588302,-0.3720698763647755,0.4125667327466137,0.5034011805169586,0.3769283877204757,-1.0350758711590464,-0.058178819617780785,-1.271674599491655,-0.388825177485472,-0.49786542949673895,0.8744768246639385,0.20181422477078675,-0.2395979608095529,-0.823173953981325,-0.19523862467292977,1.4764172168267882,0.3224657634682483,-1.5329923772374061,1.0636411033499167,-2.320123720589132,1.5758746233304437,5.164623707297542,5.765936734920186,-0.14391923373927717
1.0563129283185855,-0.5095750390877968,0.026939565015865165,0.8856998490441026,-0.128686704988841,3.2278872987219565,0.3235297739505738,-0.946706542505469,1.0443292033360168,1.4681058359459158,0.7309921032535087,0.7100237647313109,0.6800633398349853,0.8307011795866249,-0.5976506332914264,-0.6011216216110411,-0.11969864987105712,-0.18793822949028563,-0.1901089762415989,-7.027308686363877,4.043385598919764,-6.858821663474909,-4.884304505834139,5.3168797908496375,-2.7031407482451746,-9.982493417458963,-4.326719674217353,-2.940764350467553
-1.025314446050934,-0.0369693701114435,-0.8833916149488994,-1.4192624217792866,-0.07554242004787323,0.7722970408422769,0.9816989907768155,-1.888055709231935,0.5211198780540456,0.19131896858963005,-0.017371717959602604,-0.8760949476060279,0.753020756241441,0.06188851031538805,0.9066508902582001,-1.5950289053621645,-2.162002436172164,0.2906779320680633,-2.5856841574432043,-6.516188405944704,-5.871926361826515,0.6994475428461924,4.812151458086921,3.8200313654439815,3.712361143347031,-6.653441308112948,-0.8799586766665846,-3.971101815524283
-0.4064603051438232,-1.9347467930167863,-0.8217443239759686,0.22700859131445625,0.4105038833015823,0.4296953549154921,1.6257626888663603,-0.6630511024473422,0.45279734290703927,-0.5161358243089824,1.2798425322903013,0.2482683932021631,-1.1614914608055635,1.3462746760644564,0.16164431722667735,-0.37111809970005605,-1.0108530610741981,0.9064519860745394,-0.9566683315700758,-9.913949266045709,0.06379540465787317,5.644647042148935,-5.913571353960712,0.8981703541841112,2.613186982769427,-2.445602729243035,-6.476768741727326,-6.318947251946694
1.54900065732402,0.49438601942104865,-0.41217010749519883,-1.259404015617061,-0.49031732492276486,0.09300685521836222,2.1205254951349715,-1.2351968330535463,0.06551199636532741,0.008117786923579683,-2.2703404489262624,0.6757459496802708,-1.2238508611660202,0.7786621332881197,0.2018037481988177,-0.4266092234430468,0.7944160168213963,-0.7413898748815314,2.338495201777023,-7.015915786410545,0.6016325190367172,-7.5275971363283265,-6.716674905614803,0.16061086680998668,6.179822009209236,5.917524329573281,-5.857433493504232,8.260300193113952
-0.24835041162409108,-1.356679672358224,0.25974143654695414,1.0441806024550548,0.3425262177400966,-1.0757928848230567,-0.8481052751571473,-0.3380558942286637,-0.08940919349731272,0.6622459512359142,-0.20770203988862068,-0.5452153712206306,-0.13653481270665468,1.4891766232202923,1.5874454519405903,0.13318368204854697,0.02937960053908654,-2.541005677885034,1.4562095426282418,2.6148671596486013,-0.9698485012108704,7.435231382090589,-1.2687228537402482,-3.2702681321262212,-0.11866974361469873,0.5308746396571673,0.5710068465369313,3.9893652316757215
-0.4795604487145938,1.7840973871379606,0.9204410800084507,0.575751539169602,-0.9092536648929802,0.8525757237786924,1.1817122690537618,-0.1200920723779778,1.4714039918942559,0.16568292518561928,0.3531810121171036,0.5627880454503156,0.48956906579383314,0.13421343963778407,-1.037275117937606,-0.6056711561204732,-0.2875325714476747,-0.10065244738433542,-1.5107223114398107,-3.5327495902020414,2.1912907883898836,-2.965341223797694,-0.12608497576232042,1.435519965729618,-3.981713413547555,-4.6087060396290624,0.6821765705024094,-1.9564691126219786
-0.2216526295877191,-1.3843719623129425,0.5255257360937317,-0.04072844433454908,0.4161396041657191,0.9056769399289399,0.10399903324428389,0.45437016410088316,-1.0730031025843758,-0.45528375601693305,1.2336872398197563,0.5506253901863426,1.428196587278737,0.9294884465928859,-1.2873347812546387,0.3030297707457344,0.38160197492658354,-0.6087807692923476,0.19065926049385473,-2.4536731856968603,3.34613510069904,3.9025634508196294,2.388947778434671,-1.0483379605260912,-0.8535323775600342,-4.1243496933884245,-0.7232838640217055,-5.427427501406006
-2.2861030514134666,-0.5934553099986575,-0.8155443959986701,1.397256038827164,0.07422521524157173,0.6608739308150205,0.1588540603178764,1.06321662065951,0.3321403647246491,-0.3130431701332128,0.6473626118036195,1.6457420531197018,-1.4931143261136997,-2.139751363288354,1.2536163294563007,0.024839659905274293,0.7936567160512129,-1.4005044188481202,-1.8945648013393894,2.6423975309176684,-2.662400809176271,6.695604095471177,-6.314176129849832,-0.003560283176298612,-6.382269735383639,2.826755071233011,-3.0181611820259255,0.5706145944080614
-0.1887752096806291,-1.3522664934632018,-0.46984226238096016,-0.786136138037976,-0.25451111388850356,-2.40039406073345,0.47386888924279286,-0.39705593259879124,-1.2302431130986364,1.361004969579239,0.287285559839772,-0.9104623919827642,1.242837772997505,0.2199244610575176,1.0801538014333167,-1.950555311307649,1.0738352750703586,0.8967402247634998,-0.004172042982838684,-2.5483050291795286,-5.190110020660001,3.2437079660973143,5.957026652271087,-1.8815643389028618,1.0162271310707562,1.835310722246384,-2.373967145581794,3.240262654205937
-1.4400022127246035,-0.30563659708164137,1.4877568382272237,-1.2329918781569633,-0.2700999970144598,-0.33577070647345725,-0.23957595930936587,-2.4911846620911446,-1.8009874519917302,0.11556964902707874,0.838099893424385,-1.1134673042808247,-0.4311106769278278,1.0779166227747115,1.567943534404909,0.8592393942399557,-1.2444785587654972,-1.5346832555628436,0.5222012702721609,0.6265923175377539,-0.3576266338419679,10.751036490071492,10.189620535404789,-1.3289146577279451,8.75040850761173,0.4906440180269248,6.416509384183443,-0.8108894986279311
-0.9364751383916005,1.4383566693662708,-0.4510677787513091,-1.3061344291816674,1.1357056801466807,-0.7551930327564946,-0.039456544864262796,-1.6748736996354494,-0.19739093402383362,1.1537328291246631,0.102963612016771,-0.42389472684151347,-0.2817588474008406,-0.6192635947005618,-0.45556424489817604,1.3541777370865866,-1.102992502475335,-0.8656844844212775,0.04855237914338006,0.05935292358593502,-4.782878720892725,3.655359323459581,2.6313184379774968,-3.4813467028089313,2.208844488273312,2.172847307286023,7.5471928340968475,0.7759187271287604
-0.36058176496851213,-0.8552074271720264,0.9140230260127311,0.0417336809936691,-0.5143779944060394,-0.7837069449510611,-1.7702766023104617,0.9063877921536341,0.6583533806834845,1.2712137200464613,-1.6124247652049657,-0.18262935205410372,-1.4119117983894744,0.7896945727118384,-0.12756891146335364,-0.22903441119941437,0.9555769455685454,2.1430976762600014,0.3262466643397449,5.320396393718866,1.9018540491751181,-3.3663567203926137,-4.185124871522612,6.580561981973878,-4.25462632197996,-3.597116459474484,-6.75789482828267,2.165566965890736
-0.7910279239871867,0.1920571660054564,0.9661832496488189,0.051313631717493265,-1.241564282424369,1.7146268176177575,-1.5112280016843649,-0.1653171650255454,1.3382295608558947,0.5116598844238691,-1.1687571527060712,0.04224595792876445,-0.4225542087512134,-0.5794945578602624,0.5726831285388229,1.091773681266451,-0.31222570272209865,-0.853019750432525,2.2974620814533453,8.445881996544971,4.7785912123436995,-4.990729474038952,-3.0575733201988107,3.7299435694236274,-3.347762903072166,-5.78592468898916,4.451043300257751,2.6921490680689395
1.2040175101157535,0.017190314464866158,-0.22261370054841723,-0.17549230987076622,2.245953585747926,0.9833702760759317,2.005163222519418,0.05741930449271467,-0.8752438702820649,-0.9601181696694889,0.5177794108107534,0.7388917568723569,0.9117313720494656,0.4760465111500914,-0.8533546587068812,0.36910761187733965,-0.2371863991002305,1.663362427957165,-0.8199432839434417,-8.205158329755854,-0.16078554203162992,1.1203144299535677,-3.635822608175117,-1.778391608175208,6.784521097178057,1.5940483783560817,-7.010659233546634,-5.0833705448909825
0.23623582678493607,0.5788720489740851,-0.36031102316939667,0.5964765901463693,0.7891083281292007,-0.9742433861183065,1.7791017354634968,-0.9847742588599515,0.2076832772120155,1.1448209366033193,-1.8857786485573083,0.6792038656887538,0.9497167077651568,-1.2754326444951765,0.7711383335644035,-0.08105858989217628,-1.2367316706790243,-1.0232568309662304,0.6246152385357107,1.563329112873248,-3.0453867308703644,1.9848147120975885,-4.339744681599062,-3.7846283260327946,0.20867435286875397,5.956955580754314,-2.4181428684265622,5.324426358406047
0.025311902564467147,-0.27822705002130593,-1.2912821106048495,0.40725394279703897,1.1989785495421719,-0.17666812922511804,0.7478519191176719,-0.5614302229135159,-0.1192042189238658,1.3404757148513669,-0.2755723112604295,0.7889466251835486,-1.1159642275328663,1.893036576422455,-1.6574851165024211,-0.8023666590545099,1.4342520573980222,-1.23560084435074,1.0307853736958974,-10.327178655529995,-0.7617584187636526,-0.13883459484242905,-8.242275423555268,-1.1079475993701,-2.5019355673935997,-0.2144257078104588,-6.661491189428646,3.1156389942121905
0.07867067226344783,-1.9107582323715406,1.658705895628627,-0.24691774989676685,-1.6869330164489462,-0.7549464281500942,-2.226129172345692,-0.6863401369335421,1.0265966155129351,-0.37293827403053664,0.4579847035107072,1.7174352381492366,-1.0505037226564848,1.1436629482618856,0.1136421479813121,-0.4524533895035984,-1.2594025059778957,0.7996590517252351,-2.138737053856079,7.979981185260144,5.410492510619697,2.136774603388019,4.044960127371323,8.505226567251228,-5.19268978295408,-7.288963789611583,-7.787146523428725,-0.7342635948750219
-1.2755582393123648,-0.1330322607843535,0.5214528873810421,-1.5654503686648025,-0.7183021379673411,0.07449744526296113,0.5962668791208079,-0.7838565914539627,-0.8319564242270576,-0.2340933264329959,-1.3992132118325558,0.5274490261461138,-1.122067158092375,0.7648425830358615,1.2310690620413096,0.7050198159361615,0.7168899476613408,0.3564582794807225,0.5871936905522909,-0.26779467961585224,-1.634466598088042,0.03627170276808189,-0.8318968216068499,1.116187574573861,5.679618950584101,2.0069106516527655,-2.96244314017694,5.263297981781922
-0.17440581291409626,1.7137878622811973,0.07368864212993499,-0.648897641570932,1.371846322571986,1.8472194727146871,-0.7693109467711196,1.6997504214806298,-0.16337378422278925,-0.7412587818310944,-0.279257946147264,1.837931624866779,-0.20129107167399374,-0.8662778005995069,-0.8521498640436441,-0.2637144058137929,-1.5968780536047644,0.9078391222720665,0.8022689146437056,3.6385899997929227,2.8233294094347583,-1.3380459782534238,1.8432444247401272,3.5051464523990674,0.7643333953349366,-0.39798459114529317,-4.974560578086653,-2.341432491540558
-0.2670761813106688,-1.7478716242064474,0.24377277529225608,-0.6271718849869443,0.49893734570592213,-2.007701146788269,-0.6722317081978867,-2.213740995545516,-1.4607117405700718,0.37963453944624975,1.0553231749659235,1.2939357078437843,1.3143987121050495,-0.8463034771740929,0.8612819727527306,2.483977784270707,1.9177907826506342,-0.313213045989188,0.44090629169051593,7.105040406456849,-2.0808935398001225,6.246011786036054,0.8777853777011804,-6.862449939860317,0.22087089861612558,3.5899645535325044,4.139844235873063,7.698801501004277
-1.18901254645806,0.25314597900346847,0.5311805523259417,0.2844820053107706,0.7958110655027665,1.23932451951019,0.8443783714684931,1.4889762085510303,-0.03310544722998481,-0.1850234683262754,-0.5392890989200065,-0.7448747485571131,-0.6932860013747835,-0.8107978114724709,1.2570812764757788,-1.1276632710242753,1.142815208771295,-0.3320965493859666,-0.6718184967913141,-2.555724764386862,-1.8356314671941052,2.5511353044239593,-3.3895020162984224,2.6302286514122217,2.215638171039629,0.0570545072338427,-4.747924621225864,-2.508688787543054
0.32921881638644074,1.2845680772810546,-0.08568771880298853,1.7678136716016912,-0.52456483547756,0.838205514811247,1.651122213639177,-0.157512182951773,0.6182994208540046,0.5372065757943645,1.410520452158542,-1.482236493539217,0.11371410608824231,0.46371358861896744,-0.0499776581104151,-0.33763144648033727,1.2747650418413485,0.8328685970937008,0.6307734233379811,-8.911083315910716,1.2309025158812015,-3.747473440694416,-3.9170818942538395,-3.137843753966704,0.4904114454628444,-0.6447989670707298,5.433592651529943,-1.5595647634147423
2.9532617228578486,-1.1332396463431338,1.512907462109831,-1.2139387552438705,0.3127907542685283,0.22822204589431935,1.4831776440456994,-1.2331932800147611,0.5383218421213241,0.3473724808215471,0.09219377569697094,-1.6640770452341667,0.8160435352092006,0.37226276976820943,0.9738429096632163,0.21750823060749333,0.003652874618752933,-0.37385854668338453,2.230257542955099,-3.909810670223579,3.007956353264891,-1.9960394620417883,-1.341704425118667,-0.5517194367354338,9.306880079963237,0.4038141771461599,0.4631525974647658,-2.1555220711789427
1.2566606739854376,0.3707467535782443,0.657874897416613,-0.7828659209773287,0.8070256507505884,0.04758956691543486,0.4597154626929072,-1.214189497130803,0.9618645307054199,-2.021844342502722,-0.8180546182067765,-0.24535452386321624,0.6094662032185739,-0.42536726004722897,-1.0405675644215526,-0.8399203387121527,0.7094664877442308,0.3683784116182806,-0.9526929051529824,-1.7925187527108128,2.8586417156377335,-5.021111111592213,-3.092578289322444,3.4904712667616677,2.744774790563427,-4.478433941636959,-3.2076603378848723,-1.4476270374424032
0.640521080828768,3.2202117672645323,-1.6325469297703294,-0.6173524908585939,0.7433878044389887,-0.948747649001323,-1.2402231957438579,1.313211643627201,-1.8053726758239383,0.3523136193978061,-0.20997542748369225,0.003716772125036021,0.48673113831453,0.008446750556077704,0.47345802776716944,0.7062600215912986,-0.7658824257360493,0.22791775666276665,0.3974410157874682,3.605767704001721,-8.121157950436896,-2.546164612089476,10.92323052934945,-7.133013453407781,3.7118886874113057,10.509293848268399,7.376990528306912,7.304486512948653
1.2973165897516061,-1.0602442851150033,0.6693864236349322,0.0917883670412198,-0.051389601627475114,-0.40197648449240764,-1.3187645325332278,0.39501711952202484,3.0652492884744205,-0.5755657181194843,-0.3407963588952852,-0.5746490740701208,1.0291275068188248,1.1794710619122297,0.8169301021885754,-0.06150159775220202,0.394130898376475,-0.04242091947550366,-0.9098750825591211,4.168159767827561,-0.44625515576650276,-4.423134312611084,-4.859067182103593,2.0540688403076994,-2.9348324195392115,-9.390897144816138,-1.6683999974542838,1.0170731116112135
1.343837824421857,-1.1172386165340267,-1.137960886582151,0.34914791640422616,0.7373761010307837,0.687151465916936,-0.5668110540918828,0.5024052910324904,-0.4499290418720041,0.38125591903199463,0.6381314495472524,-1.4366263837634123,0.8001700451534708,0.09700752521506777,-1.142238011138362,-0.2579671890892938,-1.317339030968494,-1.7102439769866193,-1.004450444885858,-3.1459481780494913,-1.5144911462014874,0.6541344506105559,3.4944688255550505,0.02247540706451484,-1.5074409337110617,-1.2232051454529242,3.276865710544057,-8.080681727307958
-1.0457736471814005,-0.4229047412312292,1.4063405145055914,0.5680213597174645,0.540254177212015,1.73009922078082,-0.7653127875979111,0.005351530370521154,0.5957448836677396,-0.3711587634590513,-1.8929703352470089,-0.0540294867930562,1.3223864596892991,-2.060216306259474,0.21794372207904977,0.4306551733169933,-1.0481992957699535,-0.34066119154147667,-1.0578675655930836,9.603039726030234,2.9792187157656587,0.08219812755924329,-2.5256233222119917,5.912629143838706,-2.8853127520256234,-6.831854587378791,-1.1579930585151192,-4.2176348240027295
-1.2384934891018766,-1.3527790054732873,0.7463484158743129,-2.307326564202195,0.04090232165955451,2.0581055873975833,-0.7204405402132557,-0.009166543994845936,-0.7341578553326982,0.6775538660636156,0.17915615811844326,-0.6640247440488446,-0.36931648517015947,-0.8962900931545785,0.26065075949901173,-1.0809277579278196,-0.023383283706839984,0.6321779627961391,0.4776862539879753,-0.5233036765910448,1.7069108003220128,0.28098881128334624,4.301103568878695,8.749283498700148,3.0722910144114466,-7.338909771874488,-3.2667151714429714,-6.6077553288077535
-1.1926097344604962,-0.16849646188860737,-0.4762165178143782,0.7220067675017231,0.8843776624953924,-0.680382706106247,0.25577616630392636,-1.33839283936867,0.04973891287821342,-0.12101369308044216,0.6579374434805767,-0.16953994049118143,0.6756064435406522,0.7386012847319802,1.33426867235691,0.2733637298011087,0.3861201244109277,0.10396649563731265,0.11189689015334062,-1.5753115765071932,-3.797425367652975,5.236336894505801,-2.491278739087501,-4.46240353068866,2.0016741413290884,-1.9801927754624273,1.703108771235646,3.5319083338068347
0.9094500595749547,-1.862277279261122,-1.5854654304354838,0.7279822229831712,-0.2831211055832159,1.9642304062184053,1.3831820689923828,1.281721406935715,0.1400156237652831,3.321420252989829,0.39882745611707143,-0.5842771112949405,0.07782367825675515,-0.8173061817999279,0.21646533739733875,-0.9955967390663271,-1.4023925255926077,-1.435879968371821,-0.8470898422923779,-7.557443096654531,-3.475920742659368,-0.6647097925447105,-2.4665283386095704,2.1991306265970727,-4.609258019961526,0.893797028164905,-3.547100568531075,-6.955359295516852
1.4424730366764922,-0.04391759864491006,0.32610570967597996,0.2360282907081757,-0.7207605811502785,-0.43452855817282593,0.5202055741008376,-0.532789178716065,0.13053604560818644,-0.31607895963466814,-1.3468091217922658,1.2798453489489365,0.7246794869729959,1.5816480126186092,1.0810356966159178,0.07600428107459693,0.5017358149650837,0.5465524245285683,0.3536807155323133,0.6900399564082987,0.15174831497937813,-5.158230409700138,-2.3194534980606063,-1.017473232444211,2.3597765751533983,1.6235919898906979,-5.974091354665775,9.103820407478105
1.667629546555391,-0.9651874445254972,0.015099517818857187,0.04811755821734404,-1.9303596396049998,0.5135779440029972,0.2897316818654663,0.21249777033858272,1.777117342260598,-0.8239382764365819,0.26028258230262075,-1.1895156775452664,-1.5297443272829672,0.8613307002393477,0.11832653971974862,-0.26417780984109024,0.06368426756087281,1.3983957555760451,0.3685983176071274,-3.852066952734205,4.184231793447215,-7.885973405993389,-4.471717412983001,4.0436561615944635,1.1050026865002551,-2.7036318109062756,-0.0075938362211716015,-3.290860726841142
0.884256837665718,2.237033253932319,0.09725218901217114,-1.9117330218406359,1.08720674523798,-1.2467771239933982,1.3724023025548833,0.029838968108437107,-0.4626578553693815,0.804244363978487,-0.019616914098785066,-1.0196954501926099,0.33138873600363505,1.2818548457404748,-0.5299298460684797,-0.42279351442747254,2.0349779456904704,0.37019958336165604,-1.6761799778983046,-9.672456844576004,-7.665829843109611,-3.152443190272268,3.988030501844517,-3.255912927437158,6.016081156331295,3.9989876298477003,0.2194757094908388,3.035437954052938
0.5267067620625916,0.05485883849621383,-0.11281651576842477,0.004735172506775834,-0.8593712709138834,0.1374609105171397,0.9936939827246122,-0.31212010132163986,-0.3794024625489509,-1.2802909715960435,1.7362658840400689,0.30861921522792685,-0.3727764850719504,1.7559812535993524,0.985136670824903,0.8802803066427222,-1.246397227837469,-0.5808411474891145,1.312809361531298,-4.108616225858673,1.1789173194975222,3.9388830050740222,3.726170686223918,-5.7816699393302935,6.351185907505067,3.893363533408947,4.162106495188658,0.07018866288467342
-0.0714849207516979,0.22528023781399556,0.5761880272015147,2.688510373765552,0.8093977291168436,-0.20208231281109015,-0.7701348507754325,1.599065820122524,-0.44588320816657434,1.2976766765751957,0.40980469353565235,-0.7595506616690851,-1.2217417405873832,2.3722322164325083,-0.7017895904895397,0.5852983605631095,0.5296883202762958,-0.2337533317635351,-0.37580855138077,-2.3860506965426063,0.8351682334465912,4.7877815175486065,-3.209992850481665,-1.2883144909995838,-3.0582631635912985,1.4030577310634789,-1.3892306233580598,-2.4892488049424495
0.30429359899947156,-0.4327561691924305,-0.5765620735693946,-0.044527139810809586,0.41024043271550903,1.0423187763981305,-0.005554922547258356,-0.2260963974000691,1.337967204016085,-0.7986599702748628,-0.8430697312555128,0.7974598662782906,-0.5513475099729732,-0.4641883985546712,-1.0676331225132827,-0.39960468427940926,1.027863167223256,-1.8741345174253514,0.718052063807084,-1.6062711675277936,2.6348736341965293,-4.470225745297816,-8.995144783858839,2.4985160722450437,-3.637181573811613,-3.6841788747084916,-3.0260858383992937,0.9137025699465869
-1.7763569863979722,-0.4681560007401496,-0.9219956714526037,2.2407103406859106,0.5387754478400683,-1.4516592225064149,-1.226957121243926,1.3733532714248624,-0.7508348250204566,0.9224999886962846,-2.463581197832577,0.038155930057877305,-0.5212677019248249,0.1885870515518965,-0.0947236540108826,-0.09463530219225011,-1.9789457008990567,1.5669326787341937,0.8251529092690042,7.98745376961329,-0.6231436084128805,4.6415261348607935,-3.2979822347724643,0.4769826034994734,-5.63013057169164,2.58390672772528,-4.491490435647276,1.3733316305116372
1.3094925925530954,1.0150060243055998,-1.3074115949028708,0.2237162651232842,0.26868073940879256,0.8218344455869939,2.4964080722447424,-0.934178090021167,0.2625305208226229,-0.9124644800766011,-1.0485844025390256,-0.27859531873628496,0.9794199358911535,-0.22594363804696477,-0.3950729522114799,0.10156856351146437,-0.21166835346628418,0.11688489452403084,-1.347938120075989,-8.155127348620649,-3.334996312884978,-6.954002607115084,-4.7083504206845035,-2.5935875927079928,3.894540228652312,2.523396405781975,0.13208633325475208,0.12760363542537909
1.6412712832210046,1.5805217120724122,2.1687528234651707,-0.6481875757430677,-0.23394001199675993,0.27353837478578297,0.42610962650770673,-0.504107270849917,0.07821094180004011,-0.6482434757752197,0.29736179738316004,1.1501838466747116,-0.19772312453532595,0.7940303583594066,-0.4795079786308679,0.037762739212963824,1.5020228079093194,0.533876781772332,0.8604405616122756,-0.8551475932361856,6.25082749239999,-4.474742300707615,1.0724298591676142,1.0367320714370465,4.082836026600109,0.8096201715156337,-3.1645394057076772,3.808832445539897
0.7668726235381514,-1.4524288629779722,-0.9969083989958203,-1.4545481066400834,2.6920710781736368,1.40578235554761,2.033309703985076,-1.281918432702844,-0.5670997889319197,0.5849233914893145,-0.9388963705440365,1.3670884128768603,0.11102945513767734,-1.9594976447403396,-0.1883543459043009,0.6072150200488404,-0.004022420032931486,2.303934748138474,-0.5857193487816466,-5.326395535847969,-2.2957818911832706,-1.5291297672767055,-10.867169626928122,3.0492155909604315,5.865925991621685,1.388532240323295,-12.265805684586876,-2.433035873372888
0.09714585441177588,-0.920026610356031,0.4352642298288274,-0.4180422004888116,2.0000826742212574,0.7225064909822257,0.6049828535929932,0.08951626803866804,-0.31857339234687343,-1.7358231381339657,2.480684479423408,1.1368368121001062,-2.030805677564885,-0.6594373960412547,0.1411140250849986,-0.8661186456818625,0.21258412784839922,3.078029286306855,-1.0149661137236958,-5.391193645158252,3.889635073520044,7.026709483332938,-3.9044127940762063,4.499375488606145,6.136693708390334,-0.10633850192514058,-11.491347018036425,-7.887394698571087
-0.3480427385458624,-0.36135876024255853,0.42925279834445956,1.1844606334247516,-0.11190179644355494,-0.026698528050731755,0.13794027405669532,-0.32138539824468365,-0.02594352084852301,-1.1900424788718131,-0.45903687054231734,0.4064671594782869,1.5457229371598387,-0.3058661277122653,-1.166908685016423,-0.23635202370709446,0.8289835548122276,-0.16141331315743812,-0.23196631171162885,2.2835761973228403,4.015786816784439,-0.9790150966090171,-2.249048547984232,-0.1743263452176031,-4.445351445754718,-3.7180603643194834,-0.24167734458723164,-0.430482982088908
-1.0727128364293863,-0.32717749334250373,0.5559403591797392,-0.5182827844199421,-0.40721652170281614,0.036927578888801695,-1.3004652208197915,0.9476679770529394,-1.5227683242896248,-0.2944534858230197,-0.3855001288810526,0.38272990392714257,-0.7021853259455536,1.6222913978619735,-1.788599146257063,-0.08708645545873336,0.4095681419815351,0.10841816077274286,-0.9971653186900957,0.07783254259682862,2.007360949288664,1.3485861296349404,5.470337996957235,3.920685771181504,-2.344645209031032,-2.23077732010746,-2.952984891386233,-2.696077413288367
0.014243598260920011,-0.03879152277158125,-1.8475544916966604,0.8136036579619903,-0.5568186574455224,0.3965589525988274,0.4864687573254863,0.9607904016917539,2.0549561638241496,0.7174520783423153,1.1894104101956877,1.296767845605474,1.1004711468292399,-0.717801699820741,0.024334816744815965,-0.5529683583400655,-0.9722313137662628,-0.28465300794806764,-1.1481798755078403,-1.3837844980657006,-3.6027719566506904,-2.52327823715571,-2.636639633323169,-2.5110340030699567,-8.297294805262723,-2.6953662805021423,0.5084844676843611,0.00029100717114731445
0.2801648068689527,-0.4852817112937883,0.3638229885130998,0.07162513018741117,0.6555345278572172,-0.4753562364940284,0.24553871471838698,-0.5238088578705921,0.2619017081024317,-0.05891694629811215,0.14618018725612184,-1.6706239275183878,-1.168102914298338,-0.23044198882393535,0.5706437678741564,0.11606912311885377,1.0531353496106641,0.029156187466115095,1.103192775780989,-2.048534631254544,0.42384987415123604,1.747220886021337,-4.730983471101663,-0.18257114446009645,3.7249589662447598,1.4753470183294914,1.6682940086224223,-1.5425195279967554
-0.06209144945440527,-2.0517536945676627,0.42787375559012486,-0.49799679949260256,-2.0643737695193387,0.7980599778149737,-0.5635262328194309,-0.631585881663057,1.3045883214287524,-0.2316610017176242,1.528486556776201,-0.6365812330074545,1.7776564000774622,0.8980043474359417,-1.4985592040101774,-0.8961121304475171,-0.20906213715120658,-0.1989405799174685,0.22936450618320672,-2.095480517420807,5.73878680332939,-3.755991669902267,3.6306210776778807,3.4087716822342764,-6.014278027938187,-13.837659085904102,4.270347341345293,-6.572838624418053
-0.4978419836412237,0.5212682957804247,1.064000141739004,-0.2784196146309278,1.5603166905599966,0.4581432825378518,-0.10270650501343305,0.11163311241780471,0.3015241430037168,0.19778288997337493,1.080460379918507,2.1100963331583835,-1.0598062678209579,-0.42558975754668926,-1.5788241591535348,-0.5501199030261446,-0.1099970807972692,-1.3469461636176803,0.8866761570190803,-0.6213562242885318,5.392022086717631,6.299918471719557,-1.9135641025973424,1.955904985247294,-2.550834747901122,-1.2065384997096738,-5.989779074801429,-2.262145436167432
0.6704195583076336,0.10788447398905145,-2.2712830798965506,-0.9584452694706395,-0.8755457569940825,-0.12416255096359427,0.5342664917278069,0.17452133083739074,0.32775815503253697,-1.1510459441543173,0.9934532669827146,0.38306317380052046,-1.114700961675226,0.45519872827272445,0.07941531036517996,-0.39914165302118826,0.7416177958249726,-0.509168526526253,-0.15102475493934553,-6.98676471771268,-4.127916369587911,-4.691283160511403,-0.40498157186688355,-2.511289876807366,1.255524508954769,3.560780201402646,1.7214045184551217,2.9372061456153262
-0.3366863441522292,1.4992134892239857,-0.6051997372017885,0.35688044924755236,0.48317753195438945,-1.210282602337829,-1.3581452206461324,-1.0501276724292643,0.1993463053660654,-1.699367193480838,0.5873874505434866,0.5291965942685289,1.7303362564996327,0.05777375601494837,1.5572368984036444,0.5790878317154864,-0.3035901371589267,-1.257456415919225,-0.7364594739809776,6.939278872722497,-5.08318006117901,2.5251342449244216,5.711720932785156,-6.7724477852187475,0.7162076051398261,0.23346681567099917,7.733255884255349,8.116684076055861
0.7638026141633254,-0.1615808140370477,0.2515193513504238,1.4679839251053066,-2.2370861090542222,-0.011522349120616785,-0.5244103355115114,0.3313264060724211,0.13562771873093282,-0.8684954107221893,-0.9618870607127907,-0.5420999999863375,0.2501474238833408,0.6075056934374087,1.0744483925470416,0.21034565884068712,-0.18396234960924251,-0.15161865467108565,0.9749193143442768,4.94237754173796,3.0613431949072147,-5.016678453881678,0.7829124795752677,-0.46796686297196305,-0.8574640207292121,1.2289403306545275,3.781773611470479,3.988559112646704
0.7562146013802582,0.7719623650954037,0.5594990834803043,0.018561222256937206,-0.2501846819931729,0.5768965520024492,-0.21456129875921895,-0.6395363688808089,0.34810040297033756,0.6220757453754753,-0.39943702149719024,0.9737624762774021,-1.0200100005451092,-0.7918510923683036,1.3098873803983844,-1.6259880776136777,0.9143813748786744,-0.14255754203260088,-0.5566413848533704,0.6231586937369795,0.4353193808629955,-3.614410591926152,-0.6704948909606318,5.337511783036863,0.4277709568471866,0.8124551612292112,-7.020619582183003,5.7168283458258955
0.845801457088859,0.2339053642833947,-1.096853601812996,0.8329534854466799,1.2635268105088695,-1.4256432299229838,-1.9184474570834604,-0.5341078977711182,-1.0815801745421907,0.2812863795420313,-0.7044863436882624,-1.4051324351075145,0.8347345515418203,1.9710973503500429,-0.11852436569397486,1.5024466267442735,-1.6035429608395566,1.3731280653241225,0.3785154106028495,3.352304986142972,-3.9504713000562974,0.33197744279692554,3.195837155129837,-4.43313466690198,3.0142976642833124,1.3607412039824422,4.972881192627725,1.722522012486527
0.563286656147022,-1.6820121859310293,-0.387045012304687,1.545422085664663,-0.3598371092054235,-1.1873946976910101,-0.504445597680593,0.8417962349235563,1.6317013391722381,-0.7221300598413943,0.9016892310545569,-0.7065781955195138,0.5181611709320183,0.8092191022456778,-1.8230966175881351,1.8605430133126892,-0.668978235507048,0.12607955359922846,0.2513321544037976,2.4168235965365983,3.3584786717612722,1.1502928826951027,-5.7013068648114755,-4.350991118384525,-6.973042220169492,-3.1832912305554606,6.31026426203614,-6.3731576089265305
1.0473805943850263,-0.574111068235599,-0.9846747029470728,-0.7501155708939689,0.18319168900424343,-1.2093574725016487,0.008074106953113868,-0.7346355567361065,0.6070645659172598,-1.3072081230922128,-0.41859185179988917,-0.5981416396865905,1.5194003301206882,-0.7390475917126222,1.608457310922392,-1.7703099405648188,0.0969244610633042,-1.8336225379915905,0.6110747301877508,1.4114770800692409,-3.579100506506924,-0.7859688416822936,2.4005883623295166,-2.4648511683983174,2.2729392745806525,0.29455978710183633,0.9650612999355154,4.946454730065276
0.47530719127446713,-0.689146513305882,1.5841819685842888,0.634867166768921,0.5597797361839619,-0.9833249602169164,1.1010610196740624,2.2930184867097965,-2.098550519636981,-1.2375033955330437,0.32496280880856027,-0.4215436563074455,-0.510194955147985,-0.6396352386045631,-0.1579764641495966,-1.5932751759239792,0.4661862492786319,-0.20672666676184318,-0.3879479857726077,-0.7091128974730692,4.088299621916779,9.18474915368716,4.856387762789929,0.5085232404508042,3.201486605830068,8.72380065117704,-6.754228548190742,-6.636982830821394
-0.43522005354423093,-0.10803076814336715,0.7512809018983845,-0.9419019324620559,-2.1242657160398,-0.9656545122718717,-0.7011455367040849,-1.6821222919552292,-0.34027248566481905,0.5587177850807941,-0.7847863578198729,-0.012086693253329242,1.9121023841843636,-1.1827638590721474,-1.367629014287553,-1.5794311484674708,-0.5560534317422081,0.16266735962098097,0.28616874207825904,5.667942606545033,4.301018603832788,-4.540902787797222,9.821462742721234,4.041533171612713,-5.559380528019942,-5.366483230084017,3.519319624842014,1.398089152741286
-1.6614789972443247,0.6522411120705889,-0.15607082167522582,0.5672852787111382,1.3443489095537877,1.4614968197096414,1.4091179525439068,0.42795608683657493,0.024518200999843597,0.09796057054606803,-0.24632548246274225,1.592205255016437,-0.5303979006077163,0.47605179936559944,-1.069796454584718,-0.8673046084101159,0.7191367520588329,1.2318089368026033,-2.0948297626595953,-7.7147722326320505,-0.7082261986122703,1.1991945681458114,-6.800446880596977,3.40311418898581,-1.4819646872863987,-3.6522422734816327,-11.174178475744888,-2.4153321762702564
1.0875101328426025,0.5477891039224889,-1.6608008369389882,-0.7013508535904374,-1.2117268427104004,-1.8579882297806236,2.073298958337397,1.173856079159292,-1.8831226849763045,-0.0029628684528469006,0.12217966391959884,-1.0847462829266155,-0.3924922479563131,1.3475684549784304,0.21070958092153513,-0.477538994132764,0.33650485861140755,0.09736015418620844,0.6394253500885633,-8.9985836057952,-5.797976287591366,-0.843147587353389,6.3962943419924985,-7.647955392580704,5.623402150957495,13.061292253620362,3.2678553554070886,2.623640322859525
0.14121937799481157,2.1008574968293336,0.6741972561685815,0.8930700776814613,0.9250887401746491,0.23830624239460252,0.053756105123291945,0.6539158513356698,-1.3507813459085567,0.691543556293156,0.009961283904634285,-0.11351045848030909,0.8716012379140499,-0.07894560338993446,-1.6111630444192282,1.0609807162933034,0.13713169822710705,-0.018174014656132043,-2.1557343470341985,-0.13530674740094734,-1.4203546760049988,0.3520841908074157,4.456155007510869,-2.171421674863125,-0.9637000056127207,3.3467887931164797,3.2189615991445146,-2.3269303552781513
1.2430763561299965,-1.429472765325016,-0.36853463139260967,-1.1810671596710605,-0.7685646650447691,0.1304748574298307,0.9061417129325368,-1.1490532478442008,-0.4208652643844223,-0.24280975255248782,-0.08332776581865214,-0.24333253844314245,-0.021928422532463694,0.6559392204829853,-2.2464612480333606,-0.6250723609157568,0.19865215957124044,0.6208967259873572,0.9149302467947649,-7.017778752955458,4.63455328979144,-5.500853134383976,-0.6326206061762524,2.99780450109254,0.5770680001036702,-2.372132760952504,-2.218046910325525,-4.011244747399427
-0.6379486971068121,0.18202765320546782,-1.5644786829459714,0.4695700776226164,1.018357077285943,0.7461110462603918,0.2253250712689433,0.3471033496036179,-0.9064471686214669,-0.195447362869405,2.272012763210696,1.1799244610228232,-0.4028410774866354,-0.8160864844007926,1.0411314662161983,-0.38400346485369025,-1.1441691558578202,-2.211220574526623,0.6377766315586381,-2.2852625529543484,-2.816015301438262,8.694101057938516,3.078458757170626,-4.854410033825461,0.8742909620735538,5.092079016083585,2.0725333234377397,-0.2912521132573347
-0.4763349156616307,-0.42360740842742944,-0.28444149535837815,-0.7755764003661842,0.060653203139631906,0.3760941705021613,-0.16650257701893595,-0.7834054929231562,-0.7295013171343541,-0.33699048731923986,1.2066923378518728,1.1785498007743602,-0.3790030732066525,0.147782272659237,-0.006983213790721358,-1.8109753917118163,-0.06600867984125194,-0.03591851120945303,-0.09406289283280554,-3.4437459244284665,1.1967724771463495,2.6866720963985076,4.62888792001877,3.2102153726682947,0.8957697559847801,-2.3977303095650355,-5.08160510574072,-0.023424794763326505
0.006932599576231394,-1.612644084741,0.9265164272834593,0.5633684535853172,-1.6121751157141309,0.048436171210633004,-1.594495692934717,1.0608929046379316,-0.06782022399629825,1.006042841369004,-0.3422958207549402,0.20774004640937244,1.0932267673981826,-0.05952870727574966,-0.542431146224598,-0.4412504183148114,-0.9117563793662649,0.3668945269974783,-0.13292642441912914,7.837741720913873,4.512491675133101,-1.118203329802952,4.929078967590704,4.522442269292049,-7.691679015924355,-4.815989561816683,-1.383292353307148,-2.7243450769246356
-0.3682732107817115,-0.31616168824578594,-2.0158748768206243,1.879808940482458,-0.13979292722600006,0.025435894998079665,-0.5370467168224939,1.6902342351521282,-0.24685894406848205,0.4141012801849951,0.8979570365331048,0.7571983051446793,0.019058596631758334,1.052874971803151,0.7833423301522117,1.5710938626056665,0.4003470953817232,-1.2078900473166516,0.3129200863999356,0.4398260326341486,-5.01210741054821,1.6636078370893717,-3.124436570850066,-7.927320394589336,-4.566015346279921,4.631803684016432,4.311676687410732,4.568517857002872
0.029125366145216325,-0.49475080523003123,-1.5109596342694978,1.3776370958877566,1.111749059525545,-1.3333382427041298,-1.4400343500384154,0.8571243775692277,-0.4411671329083543,0.7297398430203628,1.750011936534796,0.2393563916503496,-0.6346772769486169,1.84850241981254,-0.9656880889361696,1.146745172244088,1.150593279129197,-0.03490108717702333,0.7033614711013584,-1.906466914542652,-2.4910842682608942,3.715160345295129,-2.8879774558175586,-6.275393531631633,-4.291174785029662,2.105792084779947,2.5476184452987387,1.9906600069068712
0.06603717650273104,-2.0964438649801083,0.042617753063760075,0.06287840666290154,1.7198469555375862,0.9521565834744214,0.5110624072639522,-1.6085153904132459,-1.3371405454256104,0.10823940506933763,-2.0744795982693387,-0.23058560341823653,-1.9280032877944169,1.0711950311067533,-0.48426329996690537,0.6232470090833003,-0.4086039815567535,-1.19435020089806,-0.6215624379475538,-4.9534454275276145,0.9710895651603654,4.525868187442168,-8.46077784326282,5.012442642995842,5.0920461170884,0.8560364306589433,-9.683542763799611,-3.7168188885710776
-0.38675053646309526,-0.5326257297951476,-0.8479266772739514,0.0974568440387729,-0.5530661190459655,-1.684170289307709,-1.1895111512017942,-0.5368824691641363,-0.2865285103619486,-0.0005788426001190544,0.5762916001922616,-1.0629313113804275,-1.007793524235417,-0.3842942462813376,-0.7631521280542297,-0.12432113207162099,0.213601335841531,1.1043968995514208,0.4644482394790887,1.513946372092879,0.2205780705079577,0.44912004279700823,1.4231257299954017,0.13840074307954622,-2.566124330745018,0.6852393275150234,4.778472681435402,-0.8263297550647645
2.472177777685924,0.44189530397293764,1.7618672601663659,0.40196121604030854,0.890425407579698,0.20736869193578744,-0.7102557522163255,1.025483375588266,-0.493182510792434,-0.8537544413292613,1.8394257736309871,-0.10657479085777932,-0.4269364041802115,-0.6701811305282719,0.3313888167793215,-0.5535560879929026,-0.28961358796432995,-0.5562778042909234,1.6743708442907304,3.133658747384109,7.136883709326243,3.5293482656504644,5.192608358297543,-0.030895227170358947,4.505004192591889,4.781542392081204,-0.33531121178527495,-3.669305649532725
-0.23269201881573373,0.4992816919730238,1.3073081101298878,-1.3225406629867194,-0.7868576795482819,-1.1569193022819706,0.5362604299129372,0.5790109764608581,-0.3040461749788716,0.6871597413876825,-0.9736998792738359,0.14889815783174773,-2.0074034517233965,0.13034288802310007,1.6612085390795541,-1.6250900366004153,0.474953657017339,2.424880373924081,-0.357052838664493,-0.2047070717225028,-0.8526501011535608,0.18576851728381458,2.706245424498243,5.289875464109298,4.960384742370904,4.508636333275739,-9.879920696900108,3.7358084551720814
0.8849632869868621,-1.1183441816693696,-0.03573502917658449,0.7276184267647287,-0.1502547591619846,1.1747250529624431,-1.7094432819184862,-0.03797116089798217,0.21641214693493466,-1.3545695741518702,0.23226965707233405,-0.18007132054090882,0.7805328994399207,0.040836742199065995,0.6513438746009197,0.3136354646698308,0.7279787781058822,-0.6641791200506219,-0.6936642004475595,4.2858316502987615,1.570622680018259,-3.4743645754825128,-0.6220637182946512,2.1457189551795333,-1.062169229050482,-4.937585005803605,1.246379259652667,-0.10495171449912055
-0.991061899563895,-0.5725010272192324,0.8565997067290305,-0.42512563039178297,0.9181987285347761,1.6086709223009048,-0.7261107411739753,-1.4312052778624846,-0.725060593184693,-0.6293492503320705,-0.86395970782344,-0.8660260338327751,-2.104552493750749,0.6321069950164752,-2.0448800071108346,0.4604959722480814,2.4883617653427184,1.2493291785447391,1.3064181355965176,-4.467849391460005,6.966661301197126,-3.5589587509648664,-8.883633186902797,7.490042225292995,2.3848883868101343,-6.852266822102116,-3.1885428793666377,-3.7092409370638104
0.024295878756291495,-0.9653692301065071,0.0020575396031114815,-0.7928107780561768,0.47667817116869327,0.17288699366936855,1.831032509657838,2.637573898259538,-0.7372363884424457,2.133887423131082,-0.4171445761470313,-0.5202850853241944,0.2428749299592203,-1.8486599565389925,1.025269691428538,1.1859840904947703,0.5282777641311374,-2.302469985153582,-1.8075828073626605,-0.7515765984567597,-8.26505675963195,4.963311523312905,-0.11440916014873215,-3.7137250078115427,-0.18166200054373405,9.837077786710854,-0.09706712829639902,-3.6534287728600217
-0.2343502204950089,-0.6284897441910114,-0.6895369430264127,-1.1840109639400316,0.368066820612998,-0.23156460138609095,-1.153147689252466,0.31349594502150585,-1.2693855400574026,-0.5504529866308919,-0.2705623712070677,0.5984088755885495,-1.215516067695232,-1.6059167477450702,-0.19913242294346276,-0.15967893241467485,-0.02448898528957911,-0.10551677199008276,-0.5824367332847057,3.8638827101488404,-1.0446526754413286,1.6902914407882237,2.8849348878996164,3.1929648893360874,0.13742750083053157,4.0312474783809,-2.2561939855568536,-0.5585451605567496
-0.20606263602000635,0.9756780179426404,-0.6635973773570198,2.132466889118063,-0.7444693401905981,0.9395966705291099,0.7360027030296455,0.1374775103723558,-1.0542270284363093,-0.5342782506295728,0.947376439722816,-0.2575069294402582,-1.7298183539291667,1.304311655496041,-1.7200077245765648,1.4590558422343967,0.9302978771420068,0.007713525954001631,-0.36212518838585633,-7.46686061036121,2.595520361183586,-1.3326850169864555,-3.891519739002532,-3.178369913621147,-1.1865066984001829,4.060523439521369,5.181146014578183,-2.475327271016327
-1.5755216056510504,-2.3210830747076554,0.4218184153191449,-0.09795286438834237,0.8808949250821747,-0.6517740946336661,0.32941920161562255,-1.2487342544425972,-0.5297965891507366,-0.264392296906338,-0.5075960093501488,0.30674124725479146,-0.8869062615883471,0.4321915512539145,0.7689627635498832,0.8595759077892527,1.066556898759941,1.3549134571774586,0.5136901342142822,0.02918878250320279,0.7213924604453175,6.68131573540461,-8.131412326917662,0.920776850578837,2.763507641192451,-1.6172060998580418,-6.612996914317827,0.5810273643374559
0.9195871208358337,-1.211493161941827,-1.2887680221220934,1.2147610782237028,-0.6821871553508737,-0.5809530899352608,-0.13847808389009397,-0.6918089372634633,0.12995127335908885,-0.15370400668721876,0.9852698418678887,-0.33966362977019293,-1.1772496774426426,0.6389585663254199,0.3189967221744613,-0.045276346207571316,0.030884514920903685,-0.3905065694119571,-0.6481516669490187,-3.433468436726839,-0.930383296050519,0.3465120248642715,-2.6910101233283252,-1.0188326623956037,-1.3382756289578708,2.2403974225545453,0.8318925679124194,0.271576134136258
-1.8564966760848147,0.4994728206891806,0.36424645550671886,-1.0488302979488755,0.6811114485889016,-0.7432622685427667,-0.04284667250771846,2.0543007151147186,-1.2436230913336883,0.4942939293411493,1.0444586103543971,-0.24729506013571223,1.6356671292152871,-0.23671908935376207,0.48610002744373937,-0.8379277067767129,0.486162112495921,-0.14860758712867284,0.5673410753059052,1.2145084094550143,-4.071159326703438,7.328597533806834,9.272558915064726,-4.05850347249791,0.3318085909263296,0.605922652951979,2.295030775728072,-1.003195943259664
-0.07548746015987345,-1.390567494045279,-1.1506571257521645,0.5652463000806481,-0.5367175585210845,-0.5800418648317491,-1.474148101898888,-1.9432273654256658,0.6172224067812204,1.1247264476373138,0.6010201364395278,-0.5895165151453131,0.7417390162815388,0.2230429994149948,-0.28415642417333997,-0.6763750399450443,-0.152655429069521,-1.3795822461707818,-0.24462476815034026,0.5438968569384166,-1.2111485007688054,-0.8218028962536872,0.9459872559670757,0.7946930151067708,-6.268734863181516,-6.592650592023294,4.12845085255257,1.5361717069666783
0.8959481463377305,1.3076097812424947,0.021596594469672943,0.10917917422379318,1.6883319315968337,0.4776385453798392,0.35971744785018606,0.719509398358486,-0.133886419656024,2.0012236407971438,0.4629391636180118,1.5883183746645975,-0.2868791443775299,0.8549836752452847,1.5442976894220044,0.14579995248705033,-0.681341929787798,0.2172155692190338,1.0775982677140428,-1.477056572331291,-3.4118539835057557,2.490848040421356,-1.055623384070606,-2.819657160654019,3.9943630706674433,5.287024573385949,-6.463253455757721,5.645559195357889
1.3345328191817907,-0.9912759691511708,-1.6932669907977067,-1.2062881492229058,1.7421977992216116,0.2466085655791505,0.6209193114083957,2.0851136042691407,0.10456611557213696,1.3706896490710418,2.969554468478793,-1.1328390521658025,-0.9377882332471948,-0.405387312240219,-0.08395198932803812,-0.5320880416850238,0.9538734546063781,0.6027081033270536,-1.3322129594256829,-10.943551118152662,-6.985090303685639,2.2920276322752864,-0.24247316031105068,-1.4990946064866066,2.0498336539340434,3.175701246484573,-1.4757060977382948,-8.37570845769913
0.0892093013607164,-1.3443724194009092,0.7829930466221561,0.7082186916855151,-2.1170757563707103,-1.9998216193127476,-0.03245088950808,-1.3062944144612636,-0.4068443026687853,-0.2507842434176691,-0.13701379008004097,0.2572815186744323,-0.7769246202091868,-1.3931416254323523,-0.9234646844699909,-0.6289038677893899,-0.30207353612367027,0.6633289585716019,-1.3595302105964588,4.783745583748243,5.411239963741616,1.373553544785795,2.530347416151293,3.5685276509104167,-5.448702301197822,2.619464426269421,-0.9549276266105771,-1.3067083284703935
0.04869084508727236,-0.8932849974174718,0.46423954264186057,-1.031199748829235,1.431760723237376,-1.2341210159174156,1.1323242019191286,1.6051686022162264,0.6616456038044006,-0.8553304055108504,0.10645758705783484,-0.021567489315346113,0.048592864755306026,0.8854334661187537,-0.13941307422319532,0.5387917695992023,-0.30536794191739525,1.7406598490440033,0.5797938080583575,-1.921753859772048,-0.7609884014666012,5.43699196427854,-4.043899580554622,-2.637029113389706,4.021861172872523,1.0973406373349806,-5.363750658546244,-4.465969609091577
0.4767155968855954,-1.0485307118966134,0.1588144591865307,-0.3438867686836183,0.3501121081008041,0.09492926086308405,-0.4288658776164222,-0.02135719374886248,-2.688731003960372,2.0048708356307228,0.40475690560145233,-2.51858090998616,0.44689312511875257,-0.6807867894063413,0.3251886456394476,-0.43545312012595255,1.3186009743183036,-1.3315207961411089,0.5521436729260861,-2.1854099974554666,-2.262866590781303,2.7306223478344576,7.592303874780544,-0.1554507559241492,3.0747501538578033,3.6965369401442087,4.763744678989027,-3.060642877464177
0.9744566810119002,-0.9613799796431596,1.0987922409747493,-0.20638185657624064,0.7471570483496937,-2.2298617909231524,-0.9688713028867386,0.2297999680100398,-0.5862569696018293,-0.24462764194352066,0.197995006936092,-2.007564755551955,0.1811839163653273,0.6315125658229362,-0.1954930043456101,-0.7971582451304661,1.371695295078561,0.554764227404605,0.8896300960907456,1.4140195383115455,1.6220086226842167,3.161166833237531,3.163207643421942,-0.21336392381833055,2.5223906668104905,0.46450253268759156,0.2076069898421929,-1.7485206738374106
1.6386711280625739,0.17126721900476222,-2.278338367990475,-0.47707592677651145,0.31368900489285334,0.38817640571087064,-0.227616171474668,-1.3789675273213846,0.1628304221884634,0.40362928561785677,-1.6200825683689017,1.1416298194733634,-0.03863353298121469,1.161530009098143,-0.1789046373417271,1.5282615127580934,0.8299914434261775,-1.609500580436608,-1.2805448025430988,-3.1724789819928945,-7.17689536408182,-9.636576325759428,-6.040827550327991,-2.37054103018765,-0.2664810289780313,2.387566080684059,-1.0481401198903177,9.442824758478817
-0.7322281160936556,-0.9755084856930633,0.002428598313816202,2.3364572626919466,1.156937586943699,0.34899281975689994,-1.1472986375141305,-0.5130201704999848,-0.7122657219057354,-0.59375221375065,0.15231724878023437,0.558800329121285,1.001241092871092,1.233425926925483,0.9844291877117956,0.4914512749366882,1.451860373672261,1.6254943040143655,-0.5949958740615372,2.2364169848337325,0.20687318553801534,2.183420869026155,-5.587027075864824,-0.5650887946789312,-0.7396802831228378,-4.954826000626362,-4.499781335600125,3.4605452112946353
-0.6595020214156772,0.5139242102682023,1.1360943815723148,2.192248393163235,-0.3006546115940525,-0.5292427567377963,-0.33158488103364864,0.4873291606760788,0.20962012929911594,0.1427518487128513,-0.7547277771692296,0.3229357927118978,0.6243765134488348,0.8129150474280966,-0.18867622769739698,-0.6167031898399307,0.09455243458788608,-2.0671772264135755,2.3747682245929678,4.477131118250471,5.411467697832106,3.704546801920341,-1.5538235122590875,-2.6707148254852413,-5.121840754822582,-0.9156906304018386,0.8430284389278795,3.7626216176111247
-0.44540322207960137,3.2184172604173833,0.8724725506284617,-0.14732240005342265,0.7554643574834219,-0.9641555970831438,0.5436836104336917,0.1503998796199434,1.3685968772674488,1.3630451745996612,-1.8458688109337593,1.2634383359767016,0.05346006492870244,0.44949037698805416,-0.8019102188387907,0.6668393510203283,-1.1232099180184496,0.1917189591185507,0.5054256154146942,2.929887991355955,-1.5793273337632003,-1.4145247034482835,-2.185939899556861,-2.374954580103855,-1.8102503361209803,1.9075546503692768,-1.2077810476620066,6.373718981305779
-0.3891028962634867,2.296940891170658,0.2619268627755064,-0.4419021600660282,-2.2461138743028375,0.6276725474684263,0.9059658412375801,-1.497429419194345,0.7429096447783133,-1.7523950817486198,-0.06509116323323301,-0.8180612059792863,1.9669460174572253,1.050527545444224,-0.2692482354056041,-1.9894637330616174,1.1415264502679208,-0.19950395781314903,-1.2487099168127764,-6.18080655760348,-0.011090080724947354,-9.9892231852862,7.12586224358286,0.9181936210942973,0.7174292740477602,-8.202656427777983,6.109949996913609,3.6483345126867315
1.1928316453161087,-1.4712342599012276,-0.2524797334377098,-0.20871061671978672,-1.3777668521395172,-0.6847262490412864,0.5318463759453652,1.1412163749127193,1.3128763470130294,1.3294224717716272,1.6847801206213966,0.06357829322471714,-1.1300805986467508,0.35409186683717525,0.17873897686538015,0.8833806513866594,-0.3037732881409336,-0.6574646860106593,-0.6164434873742833,-2.3758453782570204,-1.2921191799403438,0.9036164705889518,-1.0445278509859823,-2.018110364416561,-3.3726720734165334,3.3386845884740963,1.466635113905471,-3.019905768048328
-0.6801040684899541,-0.13109473479376857,-1.188433950218133,0.706732796924073,-0.47100531668831397,0.6674570986235852,0.1777384321413221,-1.8230444451998016,-0.9686513892745628,1.4204081263166568,0.6871605559362367,0.3206321539353118,-0.6864273523655597,-1.1074185878616256,0.2600477675000998,-0.154681253908368,0.8017713979231943,0.2710953867715641,-0.1516716717847193,-3.300418702971818,-1.344214830832735,-1.3630637917263917,-1.5092354437477422,0.6049116232324847,-1.912452440684445,1.1355453587676176,1.3784933441676623,2.9163180438485004
-0.10817403342946026,-1.954764913530008,-1.3381337930102357,2.190721784477162,0.9211990469580938,0.3552702200672172,1.6320335812865199,1.9861563191526723,2.215462672611677,-0.1809583984888689,-1.0999608239601542,0.17337763925649796,-0.41861129484974546,0.0080322511956497,1.3855937060667411,-0.43368230134121777,-1.0293048245264036,-0.7394596095255249,1.216790098726355,-2.042115550531076,-0.9583428483356392,3.598189667736472,-16.2614159475047,-2.119723337996092,-2.914119499601631,0.6083235573896552,-7.71301968910939,-2.0549609570311507
-0.8459200133100754,0.17900818507455318,-1.910780177257483,-0.34093272565575294,-0.5672535021768597,-0.48102702498991007,-1.0312368752075005,0.19517892358866182,-0.10191761238707622,0.25733739424375024,0.05860277507340898,0.47229523924766154,0.20788840653275256,-1.2944358818137591,0.28866716053900976,-0.8800480099622219,1.8825947929596212,0.49583885155067303,1.1130669160930318,2.125440843268533,-3.1311983638340375,-5.613035834366261,-0.5207099546528026,-1.1799547318484436,-4.757801126486194,-0.0306653037862765,2.3737676719671565,7.264110361324302
-0.35204482754170413,-0.28981017695863465,0.6657062403476878,0.22785272769041165,-0.6092339817487329,-0.36361452023306523,2.555427701903102,-0.8143802395093852,-1.2561556830331282,0.8758489817875289,0.22604310108389106,1.2809673635333456,1.7090426471288982,-1.2277459075572854,1.5492887387582135,-0.9774495319271304,-1.241453765545797,-0.7016530736829497,1.8922841359051876,0.09830923089871048,1.5417183840251125,6.783461250217176,4.154929047954262,-4.515248466185111,2.6552848396304625,5.949571124019935,-2.1608164565092505,3.142377233682897
-0.4966277042931791,-1.2110670444345146,-0.3841793277874414,0.903841771456852,1.0876367288432265,-2.4885706441308706,-0.01701407721045965,0.9764086346446162,1.1310683392465213,-0.5764302491223664,-0.025315697500749777,2.039717216747792,-0.672026586635181,-3.548885048373563,-0.5162331892009029,-1.0029864420335508,-0.42499000217020017,-2.3559686043823977,1.160136598602169,9.383762609814042,2.864261331497312,9.970114678038925,-6.472000464257363,-2.5523596660480776,-9.313792106837814,6.605246169865778,-4.360703951090973,0.85294223036773
1.1201597798117544,-0.5712471386988534,0.6519840853938337,-0.469716746675055,-0.541825411269515,-0.31217220349731845,-0.3838302769226439,-0.6196900422389973,1.560741029683325,0.14929684826605288,-0.726085565393818,0.1501413355809272,0.9407857514767408,0.2873473004540479,-0.35677347235046974,1.4259885077687038,1.55059686766247,-1.7790500882888394,0.793882642679244,3.3594076576511,1.1580196035331933,-5.651440112390682,-5.023923504599336,-1.90486632691281,-2.998314312253818,-3.0998924615046644,3.612420802903809,4.727660434637081
1.6445004852157874,1.28981137371156,-1.1840383482868857,-2.485604150193352,0.596739143032457,-0.3739541422554044,-0.7173158361183207,-0.5976145070372468,-0.1821678391456788,0.2622051822079617,-0.5919105294738431,-0.41582782482045544,1.8310836250553377,0.2840739258380298,-0.4686361612426052,-2.1345676045835744,0.87598995517874,0.6566412769437769,-0.6722654597569607,-3.557126745958077,-5.781761858758121,-10.544424567275131,8.033633809800111,2.1729379799961306,2.7374803735439417,-3.2747595333026296,-1.5532572079357883,5.1788667776876265
1.1165052597511795,0.04716837970912224,1.2286564719865125,0.28030607695936516,-1.3921712683173595,-2.5109073370877377,-0.8584636922874229,0.18160112517553686,-0.33259269854129553,-0.5794733800807291,0.07922869746025273,0.9454849266223766,0.19864661571002418,-1.6799269025046408,-0.6746485189362388,0.5433347643550963,-0.3904292515049052,-0.025402501448772888,1.0041930212762915,11.7582166509784,5.773477204736428,1.1573621585297875,5.587934513597617,-2.3300038711620594,-4.215832701166846,7.276529682681191,3.5975874062460327,2.946676987131577
-1.1022561895818845,0.3598686926184687,-0.49903844897981564,-0.861622196424839,0.04141973936106168,-0.7637540932790695,1.5463146827023553,-0.8778361924400079,-1.0533947450315329,-0.7295433668821573,1.107657971320844,0.5875812637742073,0.8669788127027249,1.828829401990326,-1.0119034451235296,-0.8557390487536914,1.0145897512141366,0.4567751802224586,1.5533048720545437,-9.108124470095236,0.19253100431044853,2.4729508178554456,2.5709883757045917,-4.961779842835854,2.892071410511897,-1.3202543853594004,0.19074727098031408,1.9705660102764777
-0.9395786075037071,0.5942593405680205,-0.09476958368663105,2.4192320160548726,-1.229079440115906,0.7464322671815753,1.6069446872311302,1.605051739626496,-0.4083134739668484,0.6748268605492126,0.04805279786975717,-0.41051217072997576,1.0775213860798298,0.5781242995633002,1.189731448466804,1.3009203623613104,-1.2524813930965215,-0.09353323965900459,-0.6136910096174112,-0.5220057989296464,-2.4303954305063717,2.859234518204187,0.45271813034481323,-6.182031807251468,-1.0043797321904118,4.012468128636301,5.438200041722602,-1.3506926349647523
0.19648536822643203,1.314763985136823,0.8114313187365015,-1.2241495868353673,0.5942041223976847,2.0734467891203687,0.5921623380245309,1.4193220870499528,1.7182079903718024,-1.3024854901726552,-0.9383719770774052,-0.6963775326675029,-0.4813128214888662,-0.6685020855003284,0.32254088343980114,-0.4820042994409057,0.9628446661917255,1.9907514834090099,1.8625188863697324,-1.4584667629268993,3.1912187949259936,-8.402729942672817,-6.880918005971459,4.833363781249417,5.32329239356164,-4.42622501015404,-2.9909560172290597,-2.22485898900682
-0.9656855513051898,-0.852684490209918,0.3255778645596949,-0.17893912122815386,-2.119372819684687,2.62138085307412,-0.5144603608832693,-0.0944458509989514,0.4726185417497762,-0.630739767487407,1.6998372095533443,0.3423471968831773,0.035754104222753845,0.6617281740732758,0.3341916851260144,-0.23983869713801273,-1.0277252789321483,-0.2575019247980326,2.0388415760702094,-0.5864319857080047,6.887972707711658,-1.4940389125407074,3.5197720132848365,3.226634629246755,-0.7845998062948221,-8.884494809468656,4.174398009031075,-3.798832317545019
0.32904657006464355,0.05235004550495454,0.9108844737127715,1.0310321367968187,-1.0641856668206642,0.2885892254940583,0.3592327751025317,0.2928069323487958,1.1490926965392487,0.5740295647153444,1.1515717169964492,1.5182467373451074,0.5935606638174803,2.684011798546901,-0.39766561828467745,-0.29008780626736813,-1.3243455933755683,-1.2017222760402684,1.9164346926343472,-2.029267645442281,5.742840736702442,1.9878766325361974,0.7918990079690459,-2.5823665421499746,-3.3358748771525164,-4.054387169233072,-1.1852773922263113,1.2467274250039615
-0.002945717996493568,0.4441357009035493,0.24379958814991437,-0.7038570068749134,-0.5123352940112058,-0.7283566027137457,-0.7241551988887013,1.3952604587898454,-0.25195950934503464,-0.24321827292752965,-0.23094425694858173,-0.48439795813120257,-0.25264904238173636,-0.05929200869615937,0.6491052854795596,-0.8680722846955867,1.0312798803714491,0.5893523798056809,-0.10369774002706779,2.1706668232498787,-1.8869448270520608,-1.72816520151177,4.422665493651237,1.0531026411035502,0.6028567627563686,1.916062416276158,-0.4316134969949933,2.2715155380331042
0.0015438921032067052,0.2575625024101524,0.7268239644879383,-0.24928378839815402,-0.06627412601423328,-0.0742750841292656,0.1876713102094205,-1.2346323036087188,1.0830466939214578,0.8093153539380193,-0.2800452111429113,1.4687913007295386,1.3309516135472574,-1.378332321677159,0.8574328555565459,-0.025393802023817687,-1.7754431619218123,-0.8032793929412262,-0.9621765992975306,6.154901201075414,-0.3048865163611153,1.708035817716376,1.7500577460782543,0.540021071385765,-2.188706042952351,-2.173925032406328,-1.3157232412017386,2.265471405383248
-1.2698534118325207,1.0744334664111745,0.1043976400627931,-0.644598856786049,0.9553293467448084,-0.5964170369814533,-1.0602820581211847,0.7520206600880863,-0.832570816331255,1.8415627765725728,-0.8714320485335408,0.34555172389805416,-0.4834462171519992,-0.03752894460640781,-1.4848939174176738,1.0243072984255823,-0.3423243837269881,-0.594735968237108,-0.3650455331338188,3.249709552041175,-3.043286527954903,2.7680389560381493,2.6649588361913885,-0.28447153962826993,-3.5595654680350375,1.9618717843371374,1.1951471599406884,0.27565861637807254
-1.3441462787046892,-0.6405635141567956,-0.12935256818984878,0.8968413681316347,-0.6964498277755479,1.5888648062845048,0.9843549049943193,-0.6709274992857462,0.9624147219990985,2.3236999671367475,-0.8945592492572139,-0.8745363553345378,-0.5243651691248696,0.9566728403754592,0.15781226528869632,0.6369979403795909,1.0959857674319322,1.4199834596739467,-0.5747819251677365,-6.559127526280933,-1.4348477365454253,-4.949211088159843,-10.258215518311813,3.165688177208522,-2.750648974277235,-6.867173258087118,-1.8523005449633576,-0.31871867055845726
0.6029516416040794,0.44701403852607996,-2.5418133702714245,-1.918867572798376,-0.0981922790611938,-0.19854942447484367,-0.861164823052467,-0.10362576913783621,-0.21202723661266953,-0.43047017872690846,-0.47172433995352087,-1.0476891848371597,1.3294823431664424,-0.15144039514614005,-0.41452103104040966,0.493654781141507,-3.1711146381177437,0.4306351364410148,-1.6968459437094965,0.6808998560075574,-8.05806482787848,-4.817435425728588,9.68325149804193,-1.2605094942161843,1.9892975436612226,-0.10239313534099705,7.571187628428498,-2.9544577322744257
-2.7074472960240317,-0.6521326089570255,-0.7700660718641542,1.139333974195647,-0.03774396979553332,0.20156372223268051,0.2122445017997307,-1.5787654818906347,0.89560784338522,-2.385574008726266,0.1013423957910067,-0.8291434911180503,-0.20621919007954195,-0.01398167556578157,1.3024757627939525,-0.5334286193897888,0.13285797351097656,1.468685286394946,0.08096602969843042,-1.0559340174340939,0.41485891312467715,3.260200931566143,-6.8802762612874275,0.42897707623667153,1.1642143125649707,-7.434912947738836,1.7141720312001907,-0.665360208876578
0.16802687644487102,-0.02937072978334741,-1.4555375903965921,1.7170377974185935,0.6540395055566638,-0.35990397748845676,-0.4509477552091677,1.0189713236963642,-0.6565303449999114,1.755233983967774,0.6950895633586576,-0.06508090491332498,-0.9975544643051426,1.237615667299649,0.17327246448152817,2.004869280205256,-1.9238275178187847,0.9109075308697445,-0.3808804005954844,-0.5251873418920745,-4.46261867937881,4.39313815876581,-1.4872463499649604,-4.914871678128078,-0.9398165049603212,6.2768631812184035,2.2153923732907645,-1.38425217947607
1.040852979699806,0.3933758715685283,-0.8736964496338846,-0.25398969893649953,-0.3391009020803987,-0.058260219433393726,0.043900434202721716,1.2083685761862335,0.3350377864792641,1.0731364787121316,0.5462142289215604,0.4172157464327397,0.3996804724312799,-1.5086520684187927,-0.5844597101455251,-0.41217904197993344,-1.2922428120899305,-0.08322884606773975,0.8352194461782294,1.6593509017888428,-0.10260891825334051,-2.6102059449538824,3.0284890734261833,-1.2442334924870069,-3.5581518984279215,3.602259638886925,1.8440716941640918,-1.3588959762737456
-0.6996019503932727,-0.5627799270267192,1.1059572998970961,0.15772402891234102,-0.365264287080329,-0.6031065457832935,-0.13137226043927103,0.7000713209957258,-0.21178175690110546,0.321224008789025,-0.016507537619850923,0.7916869665392469,0.7031862029491059,-0.579609856465083,1.861584997158709,1.076976836620295,0.9200686907206035,0.08195336633772597,0.4378921648787268,7.400235530570105,-0.8838011696829641,3.653565556205795,0.11659000145888018,-2.8879758958079726,-0.2457499149969943,2.659879983124211,-0.03624655924630826,4.828825018910635
0.5459890644731353,-1.1979274314914024,-1.4672382264118617,-0.5422432322477705,-0.5216610191560871,-1.1721548891721836,1.0111292885416445,-0.9628496886561673,0.88873959555833,1.6868046534158958,-1.434336537441717,1.9963453261507822,0.7274402743584606,2.02556825712686,2.268203408529209,0.10545289234040857,-1.452381575568911,1.045311308363242,-1.0986177320345614,-1.5723556948160267,-8.46076487642093,-1.8481461299788848,-3.4632453374580967,-1.8998706602003694,0.8383787094233639,1.0690533630640828,-10.009859267530189,10.606413102366501
-0.9621410150297954,0.862898140167466,1.4137162431719217,-1.2548875769532333,1.380417713905318,-0.32191648980294213,-0.21055809624203317,-0.9932662734301908,0.8685355899030696,1.0960444236282114,-1.33612126593012,-0.832596456558606,-2.0813968178618167,0.9167446051872057,1.0990839228348825,-0.1332998002040884,-1.0208211418161146,-0.8044360342295479,1.1306510189681973,-0.0026566681772073678,-1.1627659224695424,5.6500302615791815,-2.217521057765522,3.479881947722723,5.967624064530575,-1.3307695930520942,-3.4221613196062943,0.9964262918251381
-0.8731410960281535,0.9496018394403879,-0.9854820601606279,1.3043555497249297,-1.2161724289526192,-0.2969046806113474,1.04100802565216,0.050810406564146475,-0.8603594780151904,-0.2819760173544205,2.170747941037806,0.19450052405837207,0.15077277024655275,-0.42896340707882114,-0.0736058827395454,0.3142846716939404,0.3300830669810566,0.1075601209105996,0.7598598300059859,-3.1446549724789974,0.06421343065808297,2.369600592256935,2.9672083684883503,-7.253849585880194,-1.7227675037504777,4.960425245667919,8.770707727366771,0.7452268191621095
1.8110179274673417,1.4963945443346531,-0.719137843677294,1.7863442413028185,-0.5941530260262243,-0.9621114408922508,0.24079664926963293,0.40668771595636266,0.8291607254836412,-0.27809678639904856,-0.4308622447296944,-0.2994075751209981,-0.116425826087866,0.03363576908984347,0.7544488520606931,0.23625498177917936,-0.1568056141796657,0.8303390397097349,-0.6244840067336591,1.4333720045452125,-1.9670100485115967,-5.800197289588246,-2.5251283584300652,-3.6723624121933485,-0.5677391650573267,6.116980062884156,2.0987177187386883,4.859385979286768
1.3835575354895275,-0.1870261243551735,0.016883710848228834,-0.10331179824081027,0.2544252547247642,-1.4293248245128936,0.6097381237639048,-0.35030658052965113,1.0768099213312103,0.0754827909680313,0.45299885167950465,0.1923979252284728,-0.7419512760372912,0.001447048244273296,-1.0251981300521347,0.3947330081697474,-1.8054675755153213,-0.3691474530960127,1.3670638680510683,-0.3273952547114357,3.3206610520591435,2.423220444256512,-2.1184630984399977,-2.4051739674614403,-0.22339003624030113,3.659505370824948,0.7774703065023758,-2.6641966051494643
-0.5597821482487721,-1.5572326585335943,-0.9278301478486506,1.5477434118634417,1.5084039626598014,-0.20470120345601717,1.8318671780966111,2.0516857061104607,1.0012952794535412,0.30746091913152224,0.7474941374193389,1.2562591724920122,-2.0264074064824555,-0.630460544325549,0.8930713520340658,-0.6729598461443014,-0.27021111139484305,-1.0836078680407826,-0.6348158218385732,-4.766011963258391,-2.0870790510503046,10.598736339931364,-11.836154428612021,-1.6934842520473827,-2.664340030940798,5.739711840998072,-10.794302431368479,-3.7540294988694214
0.9904302762330246,0.6848330669019059,-0.3291259164970202,-1.0675722741054952,0.48395029138921586,0.1588605810959363,0.4079596523784372,-0.4681898229996374,0.01573748694576923,0.22362691647837518,0.9486705736991703,0.7706389356517298,0.6165218355002798,1.660479433417947,-0.6281632610524857,-0.27734068371035464,-0.7413910163839472,0.23928675730446106,0.2251377234974284,-5.812771721283761,-0.7653992811060187,-1.2456537222326927,3.7361569456764543,-1.5556939940787808,3.0689951583978035,-1.3591410465472828,-1.5574965660028504,0.4314084693440537
0.9413285107521808,-0.4198305485679459,-0.9461261285706377,0.29681917872737834,0.26023366696797956,0.33411079652181147,-0.7444931979115603,-0.3491197773950265,0.4477411135354857,0.38245118348302687,-0.940405053814475,0.6066700580715924,-1.154857712820047,-1.3764192366735282,-0.24989618816079365,0.04882680914601995,-0.09966608240278214,-1.6416454436214982,-0.8184306488948134,2.408413524304829,-0.9516186027481903,-3.0524988504935093,-4.524311699831,3.087280367075324,-3.8270756031156257,2.54016139251699,-2.1246429256192627,1.7592204715931135
-0.6009286537162877,0.23509728240991665,-0.08406321626520812,-1.0600223396927866,0.5661268803582012,-0.03874828928555739,-0.03413636247295917,1.2666763225997837,-0.7039773330677448,-0.6770330152528861,0.560790380403201,-0.44313923878986233,1.3350491803285982,-0.14024240502773325,1.2680061576792525,-2.1488321602233147,0.02881072946719813,-0.18592284464938472,1.1013231974489626,-0.6045787480568265,-2.2280954331785874,3.202557952064429,7.793158886547655,-0.9710941209978055,3.790355774554474,-0.7414917403889851,-1.2073374252666407,-0.06652185271491746
0.12300575125726827,0.07390749684261856,-0.8976167742569859,0.8093301380820549,-0.9652450054248087,0.389260244993221,0.985703130138941,0.017461592573674283,1.1853713092761866,0.22281919469929148,1.0543349007110996,0.09355263491519954,1.7948344840666475,-0.7668845728458389,-0.6841073544078267,-1.7858678951294562,-0.3152418799069109,1.9851067146300527,0.05125419924819062,-3.7237207092024494,1.8974983795970244,-5.7358983542128055,-0.3422135382310977,0.6116031460943494,-5.085202835027351,-6.077491810003124,0.29721256664914875,-2.2486321369460724
0.5746930072580442,1.8151826498311057,-0.6143563606097202,-0.8736578365815372,1.1528887830043808,0.7266419212910515,0.3593608396027674,-0.30818794944616346,1.1183182002440137,0.5181466077780137,-0.9676366901067766,1.5353146159196747,1.6522986111590159,1.046412041664243,-0.7476980222069232,-0.3458263084270485,-0.59097986364162,0.6310273244597395,0.19642468633815272,-2.797493376498854,-2.5846849992325036,-6.809878273171067,-1.7750887342002382,-0.5711493210132512,0.1752036154963323,-4.685811767763299,-4.402530386006163,4.794300849920913
0.5170503681970056,-0.3296984071289649,0.6405999690973326,1.528733770129064,0.10158576862381802,-0.008427627340258152,-0.673991686296102,-0.8395977464180271,0.605435602032382,-1.0716726755221548,-1.4114886735032734,-0.5991732050872036,0.06540810069708076,1.1096476672710673,1.9320478451100676,0.4154182919801824,0.39988664105808835,-1.3993143152163576,-0.3540229303717997,3.675795321063421,-0.5473437121368216,0.032868049194543246,-4.6028152731677805,0.004229553093430954,2.2955439565897158,-1.154252939563603,-0.7356119375733922,5.2578261111591775
-0.5236942540533728,-0.6587690974979736,1.1199539539807866,-1.2443822539573188,0.8721810806028357,0.9703892719736635,0.3687087212164026,-1.254345846577369,-0.49882124461079413,-0.273312239840991,-1.039806488131423,0.9079520414838631,1.351122954878527,-0.5179473014040431,-0.08169830301168401,0.5131882842467911,-0.6197635121941962,-2.115021598118243,-0.9674617686606336,2.402719638945654,0.23463345776190717,3.537532020905013,1.498207070794154,1.8974516736072804,1.85296186244909,-3.3670098139679476,-2.8042496899904936,-1.1038587932386772
0.082696878655775,-0.5376530358461226,1.811996256052891,-0.6037255806345201,0.2256261145343052,1.4090915454841686,1.4065469886519324,-0.14226440614504157,0.6085582953912821,-1.1918205990629105,-1.4819437033762057,0.44144722507663825,1.8978106816837146,1.453270454580403,0.4655582486843705,1.4882428817275868,-0.9808610488977227,0.06089775220528584,0.3743099973413717,0.7217008256359928,2.8273633395561104,-0.005915473181944091,-3.1103650400669114,-0.33896118163737815,5.653682464155559,-5.26416018188042,-3.212382585100307,-1.6848762148307694
-0.7300848421009715,-0.19295581615783347,0.4327546890373353,-2.6498764664126155,1.264633395483399,0.565510584741037,0.3141108706240083,-0.2888255781603195,0.25650738729955613,-0.357590368423395,0.9657886746306283,2.1649438952287623,0.5631899779910994,2.0909348955703386,0.14589160443150342,-1.5885052192898772,-0.09402461396957568,2.619513281839397,-0.6439960944535182,-6.522145243333941,-0.9653796449680062,1.467501070441032,2.7521814091775765,4.334615869128218,5.1913279461501185,-8.76563839508932,-13.508200739891288,0.2947210412145074
-0.6028958073082752,0.7570455070806065,-0.00955616212423975,-0.5226045243782049,-0.44154707406211063,0.32982653134268297,-0.3985396286778494,-1.3059135282794045,-1.3582667967093633,0.9245287102818698,0.8638205025253568,1.1934875051487972,0.6668602221511981,0.828603040176667,0.8921441872854716,0.42133725626643,1.013445994747636,0.619503083258674,-1.0147368923465925,-0.9051118198546424,-3.544107685639889,-0.8312081140587062,5.951259094147386,-1.0437827192661358,1.6169042958203401,-0.608476540305622,0.4015901793530188,6.794266672189004
1.3075146516736311,-0.7176941095849054,-0.4766754570316249,0.305435138996367,0.2574879613726078,0.8936874771354585,0.7503475944049088,-0.6941013440705658,-1.031824037363473,0.3241090271351337,0.7234104406389087,-0.2162298734911355,0.5463371564238279,0.02786567188025318,-0.20598487938974477,0.6428172388958424,0.04952818118406281,-0.1851630293299165,0.3916795509524345,-4.3566668838781135,0.8794743843700917,-0.9508473364268917,-0.5231310684359224,-1.8620691532925653,2.73870316184621,2.2320539172568243,1.2471913468420643,-1.933502541089826
-1.0513709298305938,-0.3245355906975537,-0.1722862532330788,-0.33562529927870954,-0.4681227133899854,0.3624724614080934,0.7483487382525311,-0.3813986305651688,0.815532701902302,0.603748980300669,0.8588848650345243,-2.3954619731880995,1.2290747719400785,0.9022613253241386,1.0406224721908643,0.06291564673810156,1.6432319027796864,1.3390919078772976,-1.4774186569861971,-6.79196785919678,-5.889125898734361,-2.406209858373668,-0.5762691906454296,-1.1535105714783522,1.835876866368404,-7.343331232191866,5.626158131378383,-2.3091265354914823
-1.0021126327829177,-0.10324028878512224,0.9688158626861253,-0.7575190217394042,0.4868047536409877,1.209987496158006,0.6581191431883622,1.2551240609050804,0.9371850121093231,0.8036991365169577,-0.2349892838886325,-0.6864436732939312,0.2447781829610018,0.44509647635917715,-0.03496039160832064,-0.4286485785250043,-1.3025993893556358,-1.6764056118944646,0.2986630767709213,-2.0890775085684674,-0.12343364674266208,4.431523812483706,0.5897446079496221,1.9380354223911103,0.2858678406540585,-4.660283884741648,-1.0043075265777037,-6.7521706944762245
0.5123649439002115,-1.7189518598199864,0.620430105605697,-1.0677246293812308,0.2565202212668464,-0.6108858951221173,0.03401533696270702,0.3351822063747497,-0.7917867744765145,-1.0538121470296582,-1.0309226427203548,3.3223455642986277,1.2123662354193319,-0.5831536147350622,0.4539798259128507,-1.2684538511603558,1.7429806992862587,-1.4786970451274917,0.21675350317345016,5.089278445573728,1.9352599877830368,1.336167153601632,-0.2893162999365801,1.3634940100572357,-1.6811177585226091,1.6070564529296574,-13.18238415772631,8.061458098363017
-0.9165623086716176,-0.29069232380338306,-0.016349996621933507,1.316737715266477,0.020243296027594716,0.8831919841718139,-0.8674649885681087,-0.9023837181577995,0.10146018530694831,0.6084982181274944,0.003406601961317891,0.9779783321035441,0.4854406527700628,-0.41095068608816393,-0.004651319847053154,0.8806536075606088,0.5796407798261611,-2.0962949043359917,1.4161809891689383,4.473224663923205,2.5559081066093197,1.0336258831781258,-4.1187157175592,-1.7746158549078792,-5.376470074137793,-2.9031057217838945,3.332973707109257,4.233114554332703
-1.1004032848353058,0.36812760618845,-0.7083181899345155,0.19070779669144092,0.99902026649153,-0.7865519368112802,-0.5486640223955194,0.20121737248619553,-1.9668307627781967,-0.5594317311286543,-0.25495911019404566,-1.808437325574906,1.114011900259518,-1.4129111589454202,0.4764178898087472,-1.0371888628168358,0.7208947023052328,2.538574767217098,-0.602783027184282,1.7128944557452288,-3.9320374515854057,1.3062218997386468,5.396285163426095,-0.07845468541531744,2.9105187364678837,1.0859506621675468,2.325046240175737,-1.5750546340646696
-0.8345171168429123,-0.2089180738846264,0.9644554233022691,1.9460394268116998,-0.2701629668780547,0.23244076665464197,-0.5444304361183697,-0.16793773175693685,1.0630404683624028,-0.9030373310644845,0.6469845305343602,-0.5620712765198697,-1.8606255258140572,-2.4885969885325574,1.8107929537864724,0.9880620610332883,-0.5032405419668274,-0.8395647586069431,0.08454587726678671,8.526972229783803,3.5913763724183343,6.343158411976529,-5.255008338111763,0.6512691507920494,-1.371945497476256,2.765466036219059,5.001921397683909,-2.421647569133677
1.0882803373591512,-0.571432744306551,-0.34755746177899577,1.0421030844296713,0.822604800567054,0.4201587056870618,1.0582051705032245,0.4303138100921052,-0.9623715485265423,2.0494835928633752,-0.5951438238027347,-1.6876733138124587,0.22896593863757814,-0.5548438438613597,1.2473487884276144,-1.1334558047380678,-0.772547529590306,-2.3087261340486487,0.2828585024258452,-4.008754387946471,-3.4963440258139307,3.763304212033269,0.7100643514681759,-0.9791125198469476,2.2354458945964226,5.840543801714482,-1.010571126197918,-2.3309469882431957
3.116912789639564,-1.067862921832809,0.23824376839452188,-0.03867583319528572,-0.46417921534768697,0.3589352150306318,1.7841805485410143,1.5039836447530215,0.13176094689149967,0.7872202265821938,-0.5702214707884292,-1.0900122842287767,-0.31577089762601607,2.287759905240832,0.5205579280514133,-1.1459913879846024,0.36641558569937277,-0.2615945617814693,-0.6337647444739264,-10.231094430803067,-1.1255658497167824,-4.714600187879536,-1.4899674143812829,1.526599956794812,4.87866902325407,3.6091894872278765,-8.405547076064442,-2.434936149090992
1.513068708875666,-0.8893641382089925,-1.9009688900468305,0.5540736389206051,-1.1306443843223524,0.31395671065737024,-2.0893743344532547,1.270309146343879,0.13558448389313785,-0.05737286132815792,-0.4363543845216827,2.010645714060723,1.1103729724005795,0.48440999339463114,0.41310358320125395,1.3073144891992394,1.1688801914708524,-0.7953058683758636,-2.310720270250796,6.345909156808641,-5.3228992946215445,-9.470724656469857,-0.15897106713896506,-1.4092012779004865,-7.713006281373258,0.7718602363721047,-1.008037265120831,8.936880241640658
0.31198904499150437,-0.09851873907778033,0.662055979946186,1.6157405625187493,-0.22974460514023112,-1.982231433657712,0.18988291595704923,0.15990154816708607,0.14763938706554472,0.8074057287950259,-1.661477247884878,-1.2709755470614226,-0.21206289322621272,0.9004749797377297,-2.2817326753992115,-0.8220435832250974,0.04183235397709422,-0.6385412124253033,2.458335274298217,0.18192204161379535,6.124563073926938,0.33034677293459525,-4.0096388943652075,-0.7519581260342747,-5.4115364551704666,0.8710332587652911,0.539356579356979,-0.7567161050307003
0.8076275119857086,0.9328263827006592,1.185084034760582,0.4861675845766661,-1.4666956308125876,-0.8592158799249755,1.9135016361550736,-0.8237428474128619,0.06877863343145764,-0.3185281135465686,-1.596145673603832,1.6744493485981258,-0.5112973227095375,0.06311882134318418,-0.36072166397595046,-1.0903576171071607,0.5670443313381954,0.22254699271152417,0.43848448264060647,-1.1440595902965656,5.223947346182085,-3.9069657839357124,-2.8220142269510013,1.3285990773277498,-0.32498770851359604,5.065133022819402,-7.400241344560613,6.641595013040765
1.9164740297149967,0.3893399000042508,0.14289669489691037,0.14769966485080702,-0.9247404599345281,-0.3570745538899751,0.748912761589666,-1.2574228299156995,0.6614101448591656,-0.1316348145119168,0.5591235876673993,0.006791126569623019,0.43803055652370587,-0.0214903033531879,-0.20709126567403444,1.196765631564588,-1.5490648899659347,0.9921192663382647,2.1274255579110846,0.8432273641451788,4.325490351037391,-3.8954660149383553,-0.19956802580584976,-3.572309500792022,2.769955131480186,2.6517097749957967,5.708989572378795,0.6514602825974734
-0.8699124913648763,0.40278613759646087,-0.7605477229002583,-1.592540333560501,1.160644046783075,0.4983039797025599,0.33343608472801745,0.3437646791690567,-0.5534808321856592,-1.2370673735332167,0.22818254995984202,0.09223359030633066,-0.21109774702080975,-0.4415514783740642,0.5859648429624547,-0.45642111466887786,-1.5444595256743072,-1.3362805189107072,2.1417110115813265,-1.021077943062683,-1.208893623334113,5.6538667396054985,3.5559800870012728,-2.1302991636277073,6.251989824977888,2.312540166424072,1.4378392644376001,-1.644721916044556
0.00867911874728004,1.2029052946032088,0.041350275907133985,-0.1125337631116552,-1.0406550482059334,0.6170274262053883,-0.7866674774180826,1.5690584746889993,-1.0882977502843783,-1.0270368663814002,-0.44408569124386893,-1.0818328863235747,-0.6865382551434832,0.3442778215914641,-0.39991423992162783,-0.8665916852567052,0.7585159894390756,-0.7491047681481884,-0.22509809928175806,-0.3435871929818797,0.533703930634707,-3.950622763283434,6.510992834915373,2.247418441050571,1.1884685605504888,2.3178743441342307,3.130875808232965,-0.8677823293027213
0.5264327700562772,1.274772708384302,-1.1808638611193643,-0.9326077364518539,0.842792076850419,-0.04183174357888785,0.2997104597547513,0.2412233068323656,-0.6294138419837217,-1.3740110469531825,-0.01804226976640467,-1.5009553434344594,-0.812491729993374,2.1355206637504534,-0.6789579701032169,-0.16178964104530094,1.0185161316390678,0.23794101111415233,-1.4718646944773854,-10.058558938050961,-5.6287387074537785,-3.174091255909721,1.4763528759125706,-1.4584467534246595,6.591674601819294,1.4330860079003038,1.5851933817938548,-1.1634535076783108
-0.6006270159407607,2.2464856531325776,0.9047204498473937,1.170762145910813,-1.4532117975169303,0.45058295824931494,-0.7630424600846425,-1.6020653305726558,0.16689773643077355,0.32324574449066135,1.2371034696082834,1.0241052692461514,0.13198595075232378,-1.9678884120689748,-0.744828499328393,0.6976040890366922,1.2095699473654276,0.5641767323065614,0.10504478021717113,5.660139281424805,5.198264863830106,-4.837231755380376,2.0022734498345858,-0.19473297893875108,-5.942277801384712,-1.0967165461515256,8.169098351197706,4.522060014033461
-0.11715690231612581,-1.5241996310363575,-0.6069384984963133,0.5432500934674203,-1.0339410884165565,-1.248094510250831,-0.45979525398048154,0.428322956020202,1.1227399952759383,0.5559541440277909,-0.3398362146133289,0.49692819581155717,0.577318176952483,-0.34232336715519585,-0.9440242388296757,1.1016333987292326,-0.3512575169752094,-0.40956890062286916,0.49006220029986775,5.4723925455721805,1.0412426737294735,-0.5588483722278894,-3.8947664780478073,-2.458530257507264,-8.582395968670056,-1.056937721924723,2.8932436779158803,0.35700820093943664
-0.8532683106753108,-1.1632998921166084,-1.0916567386228069,0.5336123232865285,-0.07488514536419376,-1.1211110637013328,-0.25110082435282294,0.19505364984296691,-0.5054352428386761,-1.9249617394871998,-0.9868411709292231,0.7517369503631639,-0.09189101993829399,-0.654861194676807,0.2370273343342185,1.5362269007952365,1.4875306139908544,0.5639524040439443,0.6527400939580359,5.491200739305993,-0.7028529413610415,0.09603669662978007,-7.1861679581816515,-3.929718768237837,-1.402085389039932,3.7865865513222965,0.7123456425569223,5.062752396602948
-0.4828741761398337,0.669104037331958,0.7578794694355189,-0.9547354188994692,1.6810317113446291,0.5995444414398331,-0.4966257866090335,0.8070603678750978,-1.757320278050869,-0.8349914891626389,1.3548048783408553,0.2751389617680162,-2.2984123902381484,1.5245169017718465,-0.77131629490227,-1.0123569143348576,0.15307845256813216,0.8379950463359902,0.4447432733623877,-6.185681724985356,3.0079232425582245,6.845632780763214,4.6159578222383315,3.7936242773757964,7.053887655233003,1.461321176596498,-6.67159152939069,-5.049991176011883
1.8224221509994314,-1.0885393423673027,-0.32274905978927865,-0.05432538718915206,0.23311823867919446,0.39774784713274447,-0.8786828219410941,-0.054598611792593246,0.09093723287876025,0.5779232708209019,0.1120009603804308,-0.5717030722803719,-0.5768547781232709,-0.3633444266015467,-0.7281776365099347,0.05678133502052275,1.2184085219792855,1.6172841296797873,1.4556126367735636,-0.25956341412310086,3.533600045066788,-6.9145605280547535,-4.58057246484701,3.2795447715926427,-0.25005760968525337,-1.0882082879468862,-1.945362274933034,-0.983453956600531
0.2804527535884768,-1.061897054424023,-0.1191310706908078,0.5659863281511045,-2.3804871089872974,0.5797024802927186,0.6314566988755685,-0.20274402792491386,0.018646170928826443,-0.01114184018806252,0.7676881996867108,0.39009002633579026,1.1367241226987217,-1.23596759939456,0.9068075246850834,0.1983091668293984,0.7882403043195654,1.0512546202969755,0.3944662530897295,2.0636767466185426,2.3901409826228823,-5.101784215499416,0.36235063478874446,-0.577376263346534,-2.5990426108477624,-0.28822916353142264,3.2095680386766383,2.112923482065435
0.06231360935828002,0.34944689227969483,0.30585152165445284,-0.9215711006098671,1.3836163733425895,-0.19503657462947285,-0.716887173243773,-0.9408448850780728,-0.31193901738183377,0.5961011014039744,1.0671705692116245,-0.27854078634612045,-1.0711528034146813,0.5992678024104983,-0.897081489622897,-0.18758568172884704,0.29895313519354594,0.3825868847894605,0.9368590074478849,-3.4560279669246188,1.2048406147128439,2.468692385582415,0.9097333542864501,1.474600081486319,2.688037525176066,-1.516411706299944,-0.3679161908901999,-1.658343772150777
-1.1924611938421876,0.07570375133803972,0.6239560677530699,1.2766825675884865,-1.5975304461367295,-0.018098486661021596,0.8892044877710372,1.402028730119564,0.06468356172595043,0.3925024205397521,-1.4154618411773634,0.26192027484319924,0.1631981840653053,-0.8899782399332006,1.4972137431944623,-0.13815191776346097,0.10557748982306714,-0.6902412139266642,-0.2205362822943523,4.5588514250637235,-0.49703982548469045,0.9773719666056265,-1.2236869349913229,-0.6988542573038785,-3.3410988748403074,3.765531247146229,-0.7874816332634069,3.14401053271538
-0.07638467868797473,1.7456113720174533,1.5669069252520826,1.0454315811057182,-0.08310981351575461,1.451404359802444,1.1090115012116342,0.8213890042654736,0.9379798568537396,0.2754465344484183,-0.7904496784292363,2.107328862525043,-1.0259009607423528,-1.4691226628170662,-0.16204267512189102,-1.0720138902149752,-2.2887188789010735,-0.2862413776180025,0.004748733690190617,3.120856292870345,6.51185041176463,1.295823031817048,-1.8878881644829086,4.971820662357548,-2.3265154771663545,1.982448480468546,-8.170374571372117,-1.9774067037815395
2.4036512328207507,2.3652671731352526,-1.1448091099833821,1.0293034454216556,0.494166684768267,0.8725297852151073,-0.07850531834808668,-0.7781842550431065,-1.690514309313129,-0.08680495905134404,-0.2243788648675569,1.0029647692070143,0.3658631262711594,-0.7085538388337592,0.42752885758999604,0.20184942767879743,-1.0906492804280947,-0.011147023682549476,-0.08296952926078666,0.7151416067511095,-1.0889502523965728,-6.098518399461947,4.590545539563121,-2.547249554683544,4.241806694613455,9.28581358978166,1.2889449081782332,6.17209658921642
0.6357673965707846,-0.708785007845615,-0.689741872767942,-0.835859614966821,0.3671500416058568,0.10813241605155464,-0.014494993411559019,-0.9747022432951375,1.9639036480356993,1.814767615783717,-0.4005092346708898,-1.0576711680818993,-1.230814183502858,-0.6659983926017529,0.733264688745046,0.8425398400111749,1.624263055544042,-0.1096693613546918,1.080829747506708,-2.262061801201647,-3.4006935989210407,-5.667825925155045,-10.859561546812479,1.0706930596059734,-0.39026361042535035,-1.6515755587435594,1.7689052824401377,3.176787312143894
1.2766826684308823,-0.6968755752232821,-0.1320892846708829,-0.09188408696725697,-0.9267947355474268,-0.9359946583282145,-0.20522171856572669,-0.7650370792855025,1.182441548204488,-0.5784322474653689,1.5394972207651927,1.3915360938865962,0.2539379619530479,-0.11772314937823312,-0.7653255348349104,0.23068242385093243,1.0235232654539341,-1.418130898894193,-0.18899461975741783,0.4742312739930432,2.264044126916101,-1.9720754558275781,-1.017165963979193,-2.4444498388740183,-4.896721872795203,-0.7361538434287629,1.9589561943078255,3.0674665829837946
0.47619751758979206,0.5257023681495583,-1.7294871075665788,1.2991635225160174,-0.669527084272481,0.4500136411887304,-1.159590766910095,0.6229542570700858,-0.09416564025343149,1.550595766697026,2.4779517977824015,-0.9311943730753646,0.7757698658614683,0.1634744549047449,-0.4650592619416709,-0.5274503075133048,-0.580828979567973,0.7498451366925832,0.9021910484909893,-2.359320268514722,-0.9291325292207967,-3.2874149237238806,5.4688330911652905,-2.944475457409679,-4.824932284537574,-1.8256217673507424,8.96334358007907,-2.0151974221324793
0.7950332633573414,-1.333598328400545,0.7650069274603319,2.176743189551665,-0.9030309621141517,1.4486916269979282,2.128879240219779,0.5420309189378812,0.5261887571080314,-1.4286273167771373,-0.2083479148843187,0.7192934248118449,-1.1170548754757343,-0.018883514239272845,-0.10760950955829879,-0.6884614422637627,1.0163711686928085,0.1271231741341668,-0.32081665239180496,-5.379434225758685,7.579025693446253,-1.2192001364812106,-10.965264801710987,3.2922215266724,-1.0147956961966118,0.7215720223132195,-8.730625950178288,-3.7207254984737173
-0.62986925499073,1.1612337005667503,-0.649659178633145,1.3273735670060223,2.052642350990676,1.6576011095421654,0.7180286395367486,-0.37909750556279803,-1.625252874884436,1.0592841789099217,-0.3665638115232708,-0.2722702626085073,-0.47293387646532203,-0.43216618717123517,-0.9483457983086996,1.222491088674297,-0.9942975388172017,0.013546929660938269,-1.1240448448491753,-4.185647493166477,-2.0725140731360736,3.2744300202028405,-3.0140504780911046,-0.8850609891171147,2.0478440396402684,3.5966914743104614,0.3622817471026325,-4.667821041184148
0.43934707358690667,-0.33094358311879174,1.185816835637196,0.8412493799683858,-1.4906400882671884,0.6778781914382541,-0.9504450564771211,-1.0665821200966252,0.32131368457871284,1.1968491324221386,-0.10561796969560583,-0.9716030454667405,-0.9489103625856171,-0.6564342679841043,0.39413166315355497,-0.8346480416699159,0.6933925717172412,-0.23894918440226667,0.39820453362877517,2.25984620873952,5.157625013349975,-4.011768552032931,0.10729532197297628,6.228724549672745,-2.578754128217215,-3.161903025793763,1.1224461081530075,0.17291107717566312
-1.025570246124764,-0.03062237474880875,1.3657025858880596,0.37299221960083384,1.6409775573427299,-0.14203279683681397,0.07322728349683885,-0.11038030536491769,-0.40524681864366957,-0.12074945021372979,-2.3706117718978352,-1.7819147258010937,-0.31365373379694295,-1.77398950089575,-0.8414965428626116,-1.6473595289938683,0.9191921603567785,-0.13690305686516543,0.5051503274663061,1.8834587847646922,3.462535187870676,2.3886699739096096,-4.657061109830868,6.033533099704419,0.11943478043055783,-1.9318690766888948,-4.5306724262653875,-4.475507596566288
0.09902138243676493,-0.007303724875580181,0.15395423086348078,0.5955640428778989,-2.708042972826248,-0.202308282536183,1.0077586072403568,1.2555317680360405,0.8073759962686962,-0.37261998981426314,-0.6234830374015665,0.2559597943293506,0.14150885456861564,-1.9579501473404335,0.33613535518036075,-1.7044963699333024,1.762792041020001,0.6577815961770265,-0.3390074955395371,1.8107356119248252,2.6616175378463254,-7.867871297102876,-1.1634713108584802,2.4441202964956115,-5.961126642967928,1.389575667648082,-1.5037342249821737,2.8695077067824264
-1.5375929880849468,0.9780007535676356,0.08078995572661336,-1.797234003539714,0.7432253853212862,0.9784719711992068,-0.6273708922279965,-0.5205836440964089,-0.033155407748274676,0.6441724300934503,0.38293841910530907,1.0185909911297952,-1.4673321430395752,2.9013377479775233,-0.23809436045804788,-0.9840247285479101,2.461031010980209,0.23351370283860556,-1.2065486265537106,-9.319420024010578,-3.936564074691023,-1.678877140883595,-0.4355181873455748,4.848871504041071,2.060005223206465,-7.45277159592922,-7.710782302339764,4.582026279123364
0.9604110604055512,-0.21054745460826566,1.8509674972075374,0.11713875298807486,0.5350647320777541,0.025985478290464555,1.0112542053301758,0.6996249457311355,1.0497027524146483,-0.7018458953433064,-0.5142058520095798,-0.0902902568440162,2.0189679075275357,-1.0110686581995443,2.2843813688286243,0.07878503193337834,1.3653286117707617,-0.1333563589659534,-1.055478116676912,4.424018420866621,-1.3792300085862224,0.033292263325256755,-2.561436422718779,-1.24072579162298,3.189588763087343,-0.5308926856199074,-3.2451336306230583,2.1484315047185207
1.2776334097014577,-0.4206775472158088,0.5405126845879795,-1.1918601008813925,1.0910439849393956,1.264418844269358,-0.8885122469338017,1.1666510440271325,-0.992758162187653,0.9940926255232578,0.9001295194868156,0.6102006528816839,-1.3849443978451592,-1.372502206148283,-0.6036362970568269,-1.5316442405862973,-0.18661917552846524,2.271010049855586,-0.3372348948030491,-0.6437010667676993,3.6716030315831256,-1.3535659673770115,3.2956567414428717,9.04578172062909,1.9435843460322888,0.70476894345852,-10.196963151579327,-6.474452157044003
-0.2056504881009543,1.1365930630580197,-0.5136743472256743,0.3587417973969163,-0.15787190637521953,0.8440095889891212,1.0460786606642765,-0.8918137601520599,0.5679159492156655,0.47014076613861727,-0.6299701943636219,1.6091094022137442,-0.9123424895143123,-0.05952938728046097,-1.3054458679829994,0.08597268718749672,0.9073359777774123,0.47744834319089524,1.8839862031862038,-4.224764371540931,3.6311830786574677,-6.134964862454228,-8.705949692014443,0.3153866772590415,-2.599712494311642,-0.029872102664206465,-2.8972953891587956,4.711121944292081
-0.020140354656870165,-0.28762809645084186,0.5119075468024229,-0.17294005895931278,-0.5790645050486851,0.08369553485401701,-0.9356834332107613,-0.5118332790885219,0.7561729332542776,0.4872565439532191,0.7195502516685426,-0.5712209298227469,-1.4291671370694543,-0.31795696497580217,-2.275329770597845,-0.40177876391565354,-0.653428653383918,-0.10275342364598895,0.7892270500215526,-0.28589913420649804,6.705788013678428,-0.8982814756367085,0.3386468589053662,4.876809443614983,-4.5859151614039995,-4.48312619233121,2.664381532818046,-6.512952682846878
-0.40103161249027613,0.5607982312195783,1.0432193311974034,-0.0028891809120530324,-0.07416835104912724,0.08858482760665265,0.3863001215564999,-0.21953694696259338,-0.7841541699699656,-0.7117986580581228,-0.5974318180142748,0.2584345098284433,-1.3473442358053853,-0.7895076067160427,-1.8182530207560799,-1.9724527697938068,0.1495133595844979,0.4048845410729681,0.42704865537115083,-1.7701619868256246,7.356905293092507,0.408813206385527,0.7607677599429273,6.045240685041624,-0.6133430026599728,0.20591483331211316,-5.819529846385138,-3.6642610508735207
0.2400677126637166,-2.094630733655792,0.4301289091055987,1.496608870977231,-0.5085066939399795,-0.6770881768853013,1.4096177374150805,-1.0306964773026364,0.30480847417703816,0.4082498172504131,-0.2029320832068995,-0.28060364071481353,0.24136018029016768,0.9761594411152476,-1.6276177166525987,0.1616336675879135,0.9509107921691354,0.40733687428341664,0.48912006700355315,-5.054202257390831,5.365875726701048,0.604415973215655,-9.07747866594761,-0.35125651637360755,-3.9256613020436273,-2.921040759582571,-3.0068722911145604,-2.904349904928958
-1.23496577245406,0.3119206583830668,-0.058323767817038664,-1.7272629725992978,-0.9508483554811901,1.8518627930085132,-0.19868619023890496,1.4323138395056207,1.5357004375174095,-0.2771593477827872,-2.0661319156357947,0.6832085011170153,0.2069442095604961,-0.11255196696009283,0.2595504970800415,1.0352285200421374,1.4272758898467763,0.18346610081337772,0.7552674748564827,3.036054216305298,-1.5973538641767655,-10.025054905525602,-6.206232419674882,3.0304688003645124,-1.9746247775798933,-5.727104330497918,-0.5785921523664534,4.2168813672292815
-0.611817471268759,0.2879367503287457,-1.0148186933377428,1.7958433431679666,-0.41013463670010164,-0.16208155883586758,0.02068581113653667,-0.8412837720859753,0.08217688924176965,0.42343376897804036,0.9990229778579227,5.153364712749168e-05,0.031190791930745893,0.8200672143701485,1.401516913977717,0.44165275321836706,-0.7864411084486737,0.5361664261473119,0.4601884674789578,-0.9139966567707927,-2.094190793551471,2.355410756132464,-1.1552324943275365,-4.66420566273196,-0.27265434328313254,0.7013130899288565,3.943926065358248,3.67234081708168
0.25012629892285787,0.7188648416422619,-1.788514218073099,-0.2256196617425446,0.07723167291038528,0.0767153115685126,-1.1295663345765299,1.2955008059983766,-0.6218812609275575,0.6246238771443502,-0.8350250820071833,0.8496118803931144,1.0543146992549421,1.2261638297266149,0.4303778919494456,0.7142658395170345,1.1386616621785204,-0.022385390716422895,-0.12681014219312195,1.1429650862393823,-6.971444636100192,-6.543407316312388,1.217565477369406,-3.816230055993785,-1.702409819961402,1.7106632366295464,0.5793989927729615,9.053694020433465
-1.1847981384216046,0.5960706900262107,-0.5662977052308306,-1.3673502371803359,0.26968120010823493,-1.1225841869992756,-0.9581945613856839,0.36694416129863944,-1.7957722751465435,0.3398318623077537,0.8966609447940664,2.097133485881756,0.8663567677829221,0.9285322648483771,-0.22822834847598947,0.3665351228846828,-0.7533493625393467,0.37572798893259807,0.5706819767113983,3.077960306881884,-3.0342640641111487,5.044297777390639,10.370006688265814,-4.215480172290188,0.08429420190088309,2.614899896663304,0.02669069034135431,5.004249434284615
-1.5738891832107549,-1.0401110137333682,0.6382642772621012,0.5086875512289616,0.4998039139070426,1.4810231111181018,-1.496051081554295,0.08936255097314956,-0.991784060678787,0.7052946622453649,-0.7390921505916531,0.5825222969484278,0.30162089259067754,-1.5810796197841546,-1.8715262086970497,-0.46494456055546185,-0.370659871347929,-0.23653983323748118,0.6556541712502956,5.786446388026089,6.501511546618917,1.7973261830304823,0.07767059672931906,6.593403338431358,-6.913490419570761,-6.380326975532274,-2.862924090043937,-5.58242617275477
-0.7241661423365485,0.053104935929103377,1.3725110983594815,0.499583523078739,0.6044572504449531,-1.3489619007799425,0.08366051739418022,1.0889283614004308,-1.4637389905508482,1.3829416744478478,-2.1401892685037684,0.23706712503421704,-0.5109240478526798,1.3083201803820668,0.9754868059533305,-1.6037384662258054,0.7165665734933034,0.5850627860718316,-1.0291046350406505,1.022054673333865,-2.0488150471499327,4.816788661928761,1.751583774229393,3.1587451181960935,1.1115340771035742,3.7003636803774502,-12.493055371362894,4.3423355159622306
1.216106446787983,0.05871336684817194,1.5387334353668132,0.9213835828242508,0.16248289455622333,-0.5715198193575838,-0.7370227846536629,0.9039235178292243,-0.00011593698713090926,0.5910115980910607,-0.27343824945058526,0.13872880274071422,-0.035969942857548134,1.5824962928446422,-1.609894881895516,0.2262274203098134,0.07115327817361267,0.003925239079697667,-1.8386294607933757,0.9467138985424752,2.7618881187469406,0.3094623368135016,1.3316700044318894,2.1951539477166664,-3.451984978884663,-0.9438674602255462,-4.287171344725153,-2.7335928845628423
1.0159867432189966,0.7666006795621592,-0.2360907891474814,1.2298538354124078,-1.1083007510131992,1.3258455147383181,0.7825030848635944,-2.087680002537262,1.0269161353319463,-0.8021270291291716,0.12621868942838335,0.04399537407950601,0.3142664883781492,-1.7841346126771696,-2.80883717215543,0.28066775152327683,-0.8263587466520156,-0.27840180476535104,1.0658340824116237,-1.1809157901787923,9.178200141830116,-8.266082206105454,-4.848579905964606,1.4969685171708285,-5.028098702561972,-3.3077712823228373,7.143709042951434,-4.215165277012238
-1.1469476731323773,1.8473842817249029,0.1311573264598417,-0.04968225156740869,-0.6157077628484214,-1.3399976903433977,-0.23364374288755355,-1.7464486518934796,0.5923086585135297,0.6410189511953115,0.7368868775563508,0.9803995213705072,0.23713070106512188,-0.5838863672416097,-0.42583964518998474,1.9870129575123388,-0.3645420460715204,-0.8576120670751584,-0.30702494245650963,4.559982573406974,-1.9898738254473303,1.9522842542642442,2.5993972810889736,-5.967849779619232,-3.972551316714798,1.6527452138311636,10.233600109690089,5.636357720394619
0.24184744237644837,1.2896972161396474,1.2478354303880468,0.21923257865638618,-2.242781897293306,1.8484789890686841,0.2876718553506504,1.0650142952135773,1.0359978427945444,1.3942399738156717,-2.8110173829297755,1.2129682246960343,-0.02796532006148834,-1.4732244751749701,-1.6321955980279292,0.5081443121207188,0.4156360816791535,0.907261232512988,1.1076637401336118,5.766427344603068,7.023207388062971,-14.364324174242345,-5.115606641023585,6.288127724295158,-7.609414402239486,-1.943188267761927,-1.9809535109886758,2.7405737684028573
-1.2145794676693518,0.49322270882736974,-0.7773176883728896,0.6979838524901038,1.6366819733414306,-0.9644613669727559,-1.2584988759179412,-2.2663960309871487,-0.13593624452361788,1.2824140504587462,0.655685042089605,-1.671324452479284,-0.9282017765543571,0.24739670865573496,-0.7875137648502275,0.05361383846317307,-0.3074826163625168,0.7234480952162425,0.7834080201938931,-2.1660110477516894,-1.5027155028886725,4.3319698019039174,-1.8174642757707273,-0.5500632126190685,-0.38764932663384155,-3.4968651490355214,5.524628317033249,-1.2480834945723138
0.5929503994819102,-0.508764564339592,-1.3829837218438328,0.5495922839110068,0.26956115766155136,1.5786935090390521,0.21503849574268075,1.8962662089217261,1.03825173753632,-1.000150833113951,1.0216939543748815,1.0507254261070105,-1.4490543077162366,-0.10410675592518971,-0.1987039014568809,0.19299697474100086,-0.049759784107834576,-1.0089116571132752,0.3544504614150098,-3.448746044390492,0.8061194038805218,-1.0288495024105606,-7.102517437111143,-0.32297527195625797,-1.9661972179294993,1.5821978754474115,-2.3990236410730805,-3.1083880831260458
1.205529715318856,0.830890191537615,-1.1581235760180337,0.8257774737779213,-1.3207820945696243,-0.7384369673500518,-0.14628241668274178,0.6937047166852818,-1.60458509893231,-0.05942986300594857,0.4248346517375005,0.10169283851725942,0.026271988244944058,1.3126305632918154,0.011142276862662382,0.027371540875461293,-0.5246335261255036,-1.5666897376358013,-1.2251646304994452,-1.9405252885885158,-3.6763165131196187,-0.6637396246818528,8.993500932175204,-4.601156518332875,-0.34189567019826755,8.5111748984899,4.098629309356116,3.4504754850643264
0.7487195650070524,-0.058502400201889716,-0.995885918820414,0.6379422907124284,-0.6141831054537339,-1.1655912839930338,-0.6585230228104205,-0.5446235074226803,0.33972142874680755,-0.36040297456084264,0.1641211421160626,-0.7993137981813955,-0.9092776522875105,1.5121755629349942,-0.047197148006738056,1.0319282809165795,0.44708500918397864,-1.1130069543200773,0.3628772553353337,-1.2819331497170003,-1.960389649562755,-1.4091532285219392,-1.9007619203020234,-4.132643556011239,-0.46313028170246573,2.637465352079591,6.235420917334104,3.543896333769675
2.189035991547249,0.7242571048075548,-0.10984221438616695,0.37263151591837673,-0.16207201865583015,0.8259622043918194,0.022097114179006172,0.5185980264507765,-0.47138157601704267,1.2275372224545835,-0.008643929819858691,0.29461870984289545,0.7584653680270491,-0.8467141249485055,1.3313657003226331,-1.0872166189180603,0.8760099725146079,-0.37942154771569114,-1.9406646966921497,-0.6227812299906919,-3.6396350912096844,-6.272257053168092,3.8157883846060807,1.7638150689872008,0.5993792627266301,3.854554666571721,-3.566118707794804,4.053425955176527
0.6997321575624066,-1.4710365600558788,-2.4513555249925534,-0.8576606377892693,-0.6153416380514519,0.20684384284471144,1.167521027907887,-0.514504538953798,0.9465429455811811,-1.2943059863452553,-1.6167940356457886,-0.23504833901784006,0.550553527652255,-0.32146341703528314,0.7582520464555395,-0.23414098140057835,0.2513085892531376,-0.7434074283837606,1.8358012761791962,-3.2357704640225364,-3.103656808627998,-7.568739474633042,-7.903619841961143,-2.0727305077488722,1.723986524204656,0.328149091438371,0.1900663839104213,4.482507689148055
1.206056175573939,-0.880552660494678,-0.14825298436086948,-0.37351326574267335,-1.4042308007908597,0.4734533639026087,0.7812084587262011,0.6825702873483142,0.8179620582043049,-1.0871072492396203,-0.9685685179486075,-0.23899153549616098,-0.8069292020265109,-0.8619491949955373,-0.6255038848544466,-0.23517540347619187,-1.07687967985282,2.1628749786495733,1.5296083780242307,0.4898693267044257,6.203594810513367,-6.994334956961134,-4.164785567326984,4.204836161595943,0.8382907080232164,0.7717217124341169,-2.457061383593647,-3.96563783394017
-1.2360232529372093,0.2189420336220837,2.3443126391008926,0.7992830844236015,-1.494580317004108,0.1438889372700045,-1.6793937482276722,-1.855119074521257,-0.3574877153734817,-0.18679763887225875,0.3524052050195503,-0.5649152337042804,0.37841235721120586,0.4977848553239548,1.6501348800244495,0.5007519198094885,-0.28501856485774557,-1.4730399041555708,-1.816019415656693,7.9325533423519605,1.7126794303108115,4.692664940379857,8.618567318917446,2.536870555459768,-0.1691865939853428,-5.023154714800453,6.158511589645818,1.8317444429470795
1.1205431986471917,-0.4190914337811361,-0.6724565370645853,-0.4215641214391666,-1.1045887999774227,0.07765021267793096,0.40493472756825855,-1.797693178782214,-0.5473447020730583,0.5990846459936241,-1.8579478567703571,2.0384398896731812,-0.7860468694345996,-1.6398758966634917,-0.3892679629758165,0.8776449559342491,-0.4326238517984223,-0.3447790335610632,0.389277821425998,3.913876531781778,1.868574422494101,-6.334657842419621,-3.778663879956633,2.171638862932032,-1.7586738897690304,6.14857865634907,-3.302208421453325,6.677830852134534
0.08348493267104617,-0.8392013525404765,0.3623962441735925,0.19976269625633805,0.7290376892310232,-0.8972307550862375,0.35421923309657954,-1.0971864797790116,0.6598631543019663,1.1411630680633047,0.20696119954183836,0.00957349860033072,0.21386180352621126,-0.24551584209539318,-1.202854503183624,2.7639535872351884,-0.4155007796619189,0.7108399799168591,0.4436547481335203,1.8651146653730035,0.9272612781870743,2.515116915073995,-6.588007035191317,-3.771089821059608,-2.2138108449613916,-0.15350687679225164,3.8590766567995742,-2.4635782264111596
-2.0732836622082584,0.22352692149696618,0.7785349834448075,-0.7746083828373392,0.7834219801846898,-0.4111608262374565,-1.121477069274395,-0.42943679703818977,-0.7629203788018771,0.22514484632599677,0.4415459544565203,-0.0755101428384734,0.06527092296078638,0.7921768478708793,0.7551799501436075,-0.7421315499860288,-0.06712467028771456,-0.1930633544583363,-1.5083035913564355,1.3710582688332205,-3.2139841382971426,7.641497924136957,7.133159331332535,1.9618039242028222,1.4267516771896849,-4.385820345246055,-1.7093858692173847,-0.002446970329153822
0.8777734867082824,0.7813485389539506,0.3629790961630641,-0.4689991217239436,0.46453602900970714,-1.7070992369423243,-1.4450166811901162,-0.9901860333072106,-0.9564525484689659,0.23707888053866238,-1.473509243129859,-1.0251154150795232,0.5649926001307528,-0.9967344931250248,-0.39574621289934797,1.2389457873796894,0.5227567382040176,1.7931509087304756,-0.4954797647425849,7.746253407012226,-1.6597650413519733,-4.211595750040869,3.0965142182104795,-0.016542505736761443,1.4770912901887456,3.236992219058875,4.150770671070947,3.648819868092526
-1.068456401075264,-0.27514570209849465,-0.897344403130453,1.8767011461855927,0.119576403903478,-0.026591768079047527,-1.1017600363508415,0.6403493348202284,-1.5188334023218584,0.34745993539911774,1.0854938286719382,0.8895331763954976,-0.5846585708442856,0.36869655563603687,-0.5048029471421792,-0.5459348296057608,0.8124299640334,-0.25702082755329264,0.6720744318081485,0.1728010566366673,1.5931916186388866,3.8886775084143985,0.5502726755526504,-1.486308540317444,-4.993237911984006,1.5188826837978096,-0.9239340460570935,1.5134755127833883
1.6163953516285914,0.2673762029089181,-1.6289325606318854,0.22026984120747278,0.2780706585576053,0.3878017650911185,-1.396436763687446,-1.2265187442305754,-0.21343583288572704,-0.09791962853323688,-0.09696444268293021,1.8751421560194956,0.24593219214394707,-1.0276264203339374,-2.499880268207811,0.08384077930148925,-0.5612746478845405,-0.10777606292535535,1.3407042529173205,2.6661916680862827,4.3483153347815655,-7.839118013657125,-1.4760086159298433,1.0155897376972995,-5.674563033728474,-0.43167323614889686,0.34705932204938594,3.0317980927155577
1.2746195082828422,1.2958753766633877,0.5970387596585272,-0.2806390204986693,1.4251076963125135,-0.5295215827030035,0.7306013281662351,1.0793473138424559,-0.3153658873988256,1.1039516388351407,-0.13180478387315603,-1.5272777852847954,0.551844903431538,1.2536069186304115,-1.1462529338840466,-0.45829891616053664,-1.6745279786197829,-0.5704307135736463,-0.09760394677400207,-4.7906702120079165,-1.6860911245400483,2.8258732130134847,5.3048969327537705,-1.8508728039210973,3.673161009623576,2.693118887586872,0.5448357861112954,-6.152203358704013
0.9008033809707269,-0.7631788222681469,0.6802338496649608,-0.6974003199064246,-1.6748359311306942,0.9626783704458564,0.5450700160088039,-0.7797055017326067,0.23474201947492435,0.14771690937633308,1.1732159617784457,0.7299146393296162,-1.239619309007446,-0.03355950719508434,0.8475225147908466,1.0576801250648966,0.4513532405975185,-0.37664338543375026,-0.4806806188645542,-1.5196975118589489,1.8980854915316887,-1.96071109262183,0.09636393279263529,1.4709907368879966,2.022432644675593,1.7856870769276543,0.5999795569493391,0.31784474995334455
0.46915199463256746,-0.5212638058109783,0.05670223467486947,0.45444283056877965,-1.1747368784139856,0.11640998494549641,0.5190941577566266,0.4498698664382907,-0.7309674225605011,1.4022060774799734,-0.6729388600898234,0.07609453053720976,0.2549516935725263,1.26977914171747,1.5253831119971795,-1.5007698426644984,-0.1253303232864453,-0.9843835536560159,0.7218709933309491,-2.0486775607816026,-1.2517900231434493,-0.40936485773151254,3.381722802135955,0.4123671348490528,0.6092355366332425,2.1228113438266645,-4.484795757728449,4.73686010562545
0.6767508528075423,-0.4174928369918753,0.9747028298624131,-0.19420908929703273,0.34956438118223965,-0.4424553521942884,-0.6337471638089495,0.04707044120904607,0.22245080300360737,0.37010146844490227,-1.179516642325383,-1.6389944318043617,-0.7899796899973042,-0.3452263818130503,1.026840413859655,0.44025641804163756,0.7326681537387724,-0.3450805793512636,-2.43551692358484,2.558941972670049,-3.5710315218866766,-0.14826185761744218,-0.8383427334609314,3.6778838987884384,2.1303999845158583,1.187742002864931,-1.2774382039246261,-1.1195320765008903
0.27090329740917934,-2.600363399316256,0.6978399359729517,-0.9073584498820587,0.5539809116331905,0.8957217340408861,-0.21014745204161941,-0.08679729807721169,1.826453081472889,0.9081735914116077,-0.48887963850801436,-0.477457342260097,0.5932478408759657,-1.8558409534130547,-0.8638172117739468,-0.21920082394531026,1.136830722656927,-0.07516053194393821,-0.8837632839220735,1.4390293845772866,2.084366684946816,-2.99286644431278,-8.157778426924462,7.171408915126604,-5.651074506734677,-9.290669614998535,-4.653837132045164,-6.475014515930268
-0.35294121297555353,-1.2041242967215893,-1.5155910373809187,-1.2982457115114299,-1.7620458240651016,0.6437806857642963,0.27832062927989115,-0.6528138961434113,0.2623219890526988,0.36832598246844855,0.6039992322627403,1.8187599254478701,0.4792079056130025,0.6042299481349279,-0.6432937511810966,-1.3260924451502394,-0.3598775235797387,0.5393323757886427,-1.0428624884871702,-4.795952690379119,-0.8272079622495605,-5.329217411529589,2.82984209602248,3.293698527018326,-4.378292927132796,-5.729230513288574,-4.690105849887369,1.3638207618131044
-0.9159041832972936,1.5350993490272957,-0.36008693748885495,0.10373546481579184,-1.7295401852555308,0.15109437349133784,-1.7258562348291138,-0.9841427328245701,-0.8643106954843532,1.2474979992249013,-0.5537912705899142,-0.26438500159845,0.9472798645273015,0.3591917468273711,0.41718483653160926,-2.22166067426777,0.8522809664969907,0.07038057404930095,-0.2628257371081643,1.6618564499877007,-1.7911301645504119,-7.298154588595825,9.771846207685186,3.3495843895611914,-3.9199556856488336,-4.846529031686498,2.526599313998598,7.9809221337610845
1.0973489471214497,-0.17752694885762857,0.054965299976665126,0.053733232356810746,-0.6466669419098088,0.3380280411836908,-0.701527421325683,1.3137765215644832,0.7265353416873593,0.519581748670179,-0.06158600842747243,0.9025440005051609,-1.7718015096010271,0.7785536957421318,0.8457633860450302,0.082381752187494,0.7711712150400081,0.3995638210938586,0.26459755540357344,0.6809217603081571,0.4622305108917585,-4.083338555255203,-3.6338789493808004,2.269403580990112,-0.6951625048154175,2.180492669488454,-5.352096864445063,3.892632353629819
-0.01901207573356642,-1.4885078115826267,1.2781694793235368,-1.3041347330520983,0.30268972450717974,-0.8520738982287603,-0.9776447224670061,0.062263287364202294,0.06978955569932646,-0.20561941013456592,1.5588862727259998,0.11096062721866932,-0.16711794623413193,-0.1390481318666558,0.00046248177523814597,-1.3717378697464653,-0.6972860958886432,0.061927877065275014,-0.20670518693870832,2.3717975475660027,3.118967429145409,7.237081264222532,6.859058426144683,4.048234595296405,0.22756483748794906,-3.777534576892531,-3.9082118965600317,-5.537591962094417
-0.41517429418706353,1.2130083873350412,-0.4058040642600203,1.005512927042112,-0.7865154478733416,-0.14746272835180088,0.06364676381802307,0.40565887279365986,-0.28467441998668525,-0.15011081715990954,0.33048104366259,0.15394794581552337,-0.7107827889187884,0.6250979815111959,-0.29343365378525044,1.5753310431751646,-1.4351307684234882,-0.8576504676824853,-0.755868447144949,0.9507250600599466,-1.2593827335911083,2.2132815305558395,2.5996480582522157,-4.301867842727837,-1.231103481778378,4.999644724327191,6.744822964051075,-0.20925180881949518
-1.116295046555746,-0.9351781275732542,0.6427009782009496,2.1658197397143715,-0.04036414275263461,1.5477484231086571,0.89785999917614,0.4598563741637095,-0.9316893033623762,1.1150809191365738,0.3501435600290371,-0.05561512710487869,0.4899702489013839,-1.379583693004389,-0.1079241180928843,0.8533068050224758,1.1883921616417987,1.683678769773378,-1.3485400849002107,-0.3366244863344549,2.3802861952220895,1.3223013466313198,-5.38888978253008,1.3661339164832587,-3.7448238421393056,-1.2734963855035355,-1.6888225934423393,-5.0465592516019315
1.5085616406280806,1.0566584059453044,-0.728831545381121,2.2022334689236653,0.6211842661251094,-0.2899127515712352,1.5005146306449137,-0.5056929537388326,0.8331137517852949,0.8050004899029324,-0.10184004831473546,-1.038200942716804,-1.2735653892131302,-0.9884128692017026,-1.480798159445632,1.365213571151069,1.218884391423902,0.4870194981682247,0.9198211477713606,-5.0144136595340125,1.7909087611869832,-4.9506241212105735,-13.157845828463126,-4.195423563172163,-2.14135049624625,6.389504494030198,4.530634579683306,-0.6572620342658064
-1.0317251128893823,-0.6169832631357683,-0.06770373675744049,0.022650616999487724,-0.582114446727807,0.5736004956995487,-0.08584350756471774,-0.34218967392395844,0.26761643689563397,0.0983313311959326,-1.0374157889368307,-0.28497535566941806,-0.39867027084223716,-1.3127083827248691,-0.7590986894694015,-0.49503807368864394,1.9050174266593194,-1.1209305724931573,1.2928642261434486,0.7355827750703856,2.81369552954903,-3.454734700472286,-5.784950628591166,2.7384074772343188,-4.577609783312031,-2.872195362737586,1.0735261660024262,1.1742819773336506
0.09535075812728827,-0.3346955539995014,-2.0506591292075527,1.3643329022724415,0.2103296602306793,1.0080350424140319,-0.9290756384831282,-1.1991898289783334,2.0343552618511156,-0.8495264168014954,0.6077548252610079,0.8861268615482588,1.1635763039904465,-1.3659346958708563,-1.4674683121866712,0.09085991206153805,-0.46061152491580504,-0.2123084065244383,0.16417285457350023,1.7371423826999386,2.2778538881609243,-6.16115739917342,-7.897857461245621,-0.04528023552273441,-8.92321714849841,-8.470080136480382,4.268605053929458,-0.48454896563139166
0.15177824673684118,0.7807650856291359,1.248512833436996,-0.8774307348522928,-0.6944650540466147,-1.8257995242030334,-0.5557994051015581,1.0325643223498118,-0.05431230567892321,1.4095379785624478,0.48405983574148614,-0.08040840954458214,-2.8961369894606968,-0.6139214779557126,-1.8945203841924216,-0.1166215053961081,-0.2691934408169532,-0.15748544018351301,-0.12669925568868823,1.884874249961812,3.2939928454909007,3.0811753871005876,4.33027276049848,2.9757477526159306,-3.7858451029110523,6.456012397544896,0.14003104354473916,-3.628443977870139
0.16423703573112491,1.084608518779674,0.88330949090635,2.2297243884771527,1.0178324587956413,-0.29616147788975433,-0.44737233380882535,-0.9891220798568565,0.670080069702203,-0.3840264443559732,2.5658776326713877,-0.20803772821299812,-1.2091055509142528,-0.5948490988688617,-1.6058194457503918,1.6014601997214584,-0.31023320088151246,0.872989132005581,-0.9251008600343361,0.20831354633834626,5.447060232791258,5.184596544520441,-3.5347354709802787,-1.9621397667000013,-2.460607744785292,0.05345973699613209,6.371916095089389,-6.395664688841389
-0.003137587946542391,-1.6758292958476664,-0.416943864801784,-0.5449204754223291,-0.5081660307991883,0.6120240073050276,1.7135813171441399,-0.10561546588410475,-1.7505584183718854,-0.6329166636195085,-0.019090316056699346,0.7521473638743345,0.21633351508737733,0.5859468004392981,1.2265129439891123,-0.23432472519258296,1.2456213105540561,-0.02767024420922972,-0.9525183065829714,-6.005470809494696,-2.4570004210966507,1.3231192992188607,-0.0036022357633401607,-0.7173833457179914,5.017112130646957,3.494759751248965,-6.422684806929259,1.5108373287607848
-0.6185218421990614,-0.3739640342862154,-0.8368962936448112,0.5951888216386036,1.536974856871298,-0.37858907541875253,0.6237558831792397,-0.19475539635458333,0.7808853079703059,-0.502927737521135,-0.6323577656698948,1.8127694537199415,-1.1597668479227834,-1.14129214704714,0.8297007364060192,-2.0508513656256597,2.2728092217892923,-0.4040824461131953,-1.0444968711825222,-2.5952291388191004,-2.515471635941484,1.4082197682893702,-10.973082235246839,2.4991539657545383,-2.6215162589430085,0.8181634761996077,-13.088018199582715,6.245160431012331
0.9516741131393555,-1.533170042568204,2.339668686972811,-1.2260846956256068,0.6405996332173497,-0.49630267150869933,-1.5300949473047367,-1.6422934723766864,0.6732309432786509,1.6550118288012623,-0.415596353170944,0.4467751943559786,-0.6800950504591988,-0.217046789037932,0.46383258523692306,0.05560173984742695,-1.3051006583404938,2.542573022997995,-1.8665408545258306,6.639781196768137,2.6307878266404936,1.7232563452937524,0.8894325001910486,10.061940512228373,1.537690313340367,-5.7059933217209355,-10.136595118930998,-2.8665990989983086
-0.741820002912975,-0.187575600262283,-1.27164221309865,-0.1361951198055132,1.0364243282592271,-1.5580422658444606,0.3207388760316372,0.00988575325676634,-0.543110355237669,-1.725268268477545,-0.8907369837896116,0.10427357348051405,0.8993150486817627,0.34241378734530653,1.0507853344163405,-0.3620158964987509,-0.21887794881047726,-1.0196177550255416,-0.7168716145556162,0.6123971510362586,-6.416970475775012,5.098996073690077,0.5220830364867389,-5.0107957746446425,2.759722856672722,3.281451062014915,-1.0322586230901667,4.192376524101904
-1.6684806009290778,0.6097486215059549,0.11927810280304679,-1.3276254714997502,-0.6387678729582881,0.11104313718624971,1.1712117912175828,1.5370805091617412,-2.0675277409916264,0.37659607024670466,-0.6245725616392422,-2.0256574164494827,0.8026350337121599,1.3433127324569525,-0.30704973406602704,0.6613496866841974,-0.7990114690959852,0.09903686151634061,1.0566001074816453,-4.201350179128761,-3.3768426418691178,2.9114868670908574,9.185818709611809,-3.765956725084591,5.5331864786811655,3.04633503664384,7.076079112320646,-4.682878674519594
0.10861541771799486,-0.8091258995045209,-0.012635383194244263,-0.6870346421173156,-0.649190613346788,0.9533273397674137,0.3633297095301179,0.03780490401951192,-1.8557311609286578,-0.7900712706676699,0.13037367132351152,-0.5161295576598869,0.24786452443981002,0.6239691604309642,1.2904071017335745,-1.068308401470875,-1.482332411154363,0.9565225979549464,0.7161126009323866,-2.1962500473975584,1.0842701586685102,1.8339073129526433,8.014497280250513,2.3226573382327595,7.6836713791210265,1.1004027518189379,-2.3312127294226475,-2.8328918938013956
-0.0347181166453953,-0.22473930367409906,0.6600037927347591,0.7250483753588411,0.07607975084860986,-0.21048293258987677,-0.18128267276362514,-1.0312461273490925,0.1604930597132195,-0.34983918975097356,1.2098832609368242,-0.8615985434544878,-0.9917418387256031,0.356131513520138,-0.06482887557742315,-1.175287389358596,-1.3571230601500925,-0.5518318399880489,0.7786309454938874,-1.935576372401605,4.785575501964608,5.949684233740156,2.2976489997438962,1.9459885626859619,1.4855341880924213,-1.8786274465910093,1.0864260393127532,-5.0054262115483095
0.1976373016215162,-2.399150615835728,-0.9736551417345711,0.8972452530057112,0.8641672960165978,-0.7181802190931809,-0.381395006125785,-1.7389518737194616,1.8919452313383494,0.2533448486947982,-0.8665370272990462,1.2490924233061493,-0.6663633770158094,0.16630199409357138,0.3941258859884987,-0.4070951067756581,0.49645467600282384,-0.12251441073481174,-0.14614930923315692,0.6157250685407537,-0.05650446802836105,0.15535779845544978,-13.844653645740598,2.97951142226739,-4.772996320525262,-5.119533031301903,-9.567689383878689,4.303803886570259
1.112031937642651,-0.7085108462857043,-0.21085476360252176,-0.19166821629230504,0.6523658348641406,-0.14112866374389157,-1.9787402758429833,-0.2529715528951262,0.6110161097892683,0.45904117886983725,-0.04778280141139054,-1.0604502557176907,1.0617873598808343,0.48117498354783456,-1.1380116983618835,-0.401816906791561,-1.123003766044744,-0.011924878752392119,-0.08047288703078374,2.7204348992777847,0.8979370626871311,-2.6041846753758056,3.032972021259173,2.835015053162971,-2.790351165715071,-6.7537629128418715,1.856981627300034,-3.873942611712982
-0.3651891936164969,0.7684657170201763,1.4841946478314754,0.1220102176077022,-0.7852028427157015,0.1629166575554516,-1.2406196711870987,-1.0114838941741,-0.9484586873321146,1.3679943418351668,0.6502387894857166,-0.21688341408958378,0.903540102119367,0.18085688013473158,-0.12790926795221008,2.2801676595357048,-0.8548712560674384,0.8078668608299331,0.10976438228958323,6.82716549915251,1.961720577276171,0.6835294959431116,7.495980326789145,-1.31890989461144,0.042944079168981866,-1.0032355404905657,8.811651332776933,-0.01796515761841888
2.407111649834343,1.4394684980810222,2.329629279016828,1.4716417876462151,-0.31184671205935405,0.06527843232049128,0.7348291555726891,-0.07961628612412074,-0.22739023760538574,-1.5436448344902831,0.1142641213681939,0.19672920407061345,0.49281438939117467,-0.5214905429470715,1.1876185923357407,-2.4694938858731446,0.49304964276907953,1.6071491996198606,1.147608823875675,1.8053857442046717,8.870488938835116,-3.155719105653406,2.675498614560114,3.0214483490560204,5.459944183545586,2.985740625831693,-6.7328897237867675,2.5214975879616017
1.473450907088836,-0.13610866977777045,0.4628618149731778,1.6747144394209426,0.4594052269659094,-0.255339039672502,-1.3490811886233138,-0.6024421436576057,-0.09647686726739318,0.1346727965384701,-0.14673179145319104,1.8528154190812276,1.5454548886716106,-0.5831991744218233,-0.6910646572174857,-0.8494200130476531,0.914928625260802,0.47875210082734726,-0.901273806737439,5.776993123598594,3.961094373198238,-3.7363919699692016,-0.7250539680918908,2.161262371449984,-6.347333307233615,-2.665086854999277,-6.372963486802992,4.859746922870339
1.5205077586570503,-0.9636049005008038,-1.0833594209885664,-1.1941137900239265,0.7520653146042234,0.4310290266766736,1.0165269760362428,-0.11320053509627002,0.06054763334676622,0.9472013419713871,-0.7332031112723983,-0.6327522053458712,0.28296433359768675,-1.4300147309068199,-1.0912027854070188,-1.5379043453888417,0.7709042794974483,2.1060321212441453,0.8432200647708232,-5.914332723515159,0.40757163598153046,-8.073617781605517,-4.967037778468661,4.577630138757879,0.8724272246664432,-0.9110095186782332,-6.373746822724651,-2.8252431345969438
0.4943216289946081,-0.2606316818364027,1.2871062752449915,-0.2804926452506778,1.9813850375971913,0.4590190534447508,1.6935077019298044,1.237792218710462,1.0958574459614925,0.2512939736617167,-0.8866035406955141,0.29836895463512564,0.8213644216047655,-0.6946563934599109,-2.000554530432653,-1.6481976127479039,2.8291378505158757,1.1739984815823141,0.7146092496759896,-5.863391615250728,4.559577632795642,-3.437153893113215,-11.421298747179353,3.682996684664703,-2.052326419331434,-5.083564410871662,-11.816324211388288,-3.7652055595037335
-0.32543680317069146,-1.5847030366498107,-0.6088709418153501,0.23596182119118894,1.601714060327623,-1.7216134431800667,-0.031142046827301456,0.8127813897737605,-2.0228287301237966,-1.18529859989306,-1.5998264409461656,0.5422784913045453,-0.20290794336274695,0.4111613871273122,0.029173886844364807,-0.26183826847218716,-0.6135373537295937,2.9519196644478143,0.33231666368064877,2.468596418847465,-0.17047955649967697,5.859543014213517,-2.1925569803110827,0.07873977010619021,3.80973356466738,5.1917772266312525,-10.981539577537163,-0.2783313896419758
-0.03493516205296886,0.8450476301974463,0.9800505327126299,-0.025211073141976455,-0.48157741769613766,0.3076104953540069,1.0737341754173941,-0.6012264755535207,0.4075623154256493,1.8198723474534535,0.16595299982903008,1.0232322390715582,0.5177166647160715,0.0696412664370185,-0.20035435201504923,0.4634858293801479,0.18297488924856609,-0.17701809799528023,1.7604047758987473,-0.9746673902877274,2.505234884198636,-1.2710009860091451,-1.3830881350552153,-1.9761692597999818,-1.3437035664530563,-0.03725558371093923,0.569649415243035,3.7892256836574614
0.4048414443921222,0.3724397416882843,0.7091723770172527,1.5477689690886003,-0.7478586004585812,-0.8797299829810924,-0.6785561391544901,0.8577349074544611,1.3319882572404325,0.6620780611942927,-0.21830686478584208,-0.271985287072374,-0.5575522511187334,0.05508942049145694,1.756903969275686,-1.3631880721168217,2.037920161715283,-1.8564272365236651,-0.4174922709508588,2.956748703141287,-1.080339814455507,-0.9729922330434028,-2.6635226274147343,0.13520955752502334,-4.525338322619447,1.0325846912597807,-1.6343836630479416,7.0549665357024445
-0.5143854886863414,1.1763797564774912,-0.157992909087469,-0.8209403176718474,-2.2893754302229468,0.6806504849209178,1.8155801751053577,-0.3651226055089618,0.49391722184307896,0.18286323734890478,0.9316012224456759,-0.40271276708606074,0.5946849908227674,-0.5293619791366153,-0.9439345526643642,-0.4949162452987459,0.3503634198596541,-1.3501617662806489,-0.352998145021712,-6.441781598247149,0.14232602524391755,-4.693880581787609,4.7382761172606385,-1.532674208265722,-2.301113729843411,-1.0319421085000882,8.339359623634502,-1.5723693718616436
-0.21713821425895147,-0.7615572203321114,-0.5520357985741831,0.8556696823781212,2.020329040132171,-0.5452849791012598,1.1870067247177751,0.367015824457011,-1.9176642173186955,-0.10820302996813,-0.5318890397447907,0.1159769372380663,1.1589958575188213,-0.6698476332952098,0.04982321890490848,0.5714361245890454,0.2276928181585801,-0.8503620152138239,1.814312952277899,-0.000922516397336065,-1.0487933367438067,7.319191516011693,-3.324586427867329,-6.678578052415668,2.508130076325275,7.017534773251201,-1.1847862400348559,0.3463472235958994
-0.8883975945451201,1.0820848568070922,-0.5876022468970343,2.279501713261869,-0.6270819159943267,-1.4808253757718775,0.43266651442501525,1.3418435847553258,0.24613361671423872,-1.2307266901881675,0.3479363948844273,0.5621195252578745,-0.914764424933178,-2.4762746733665897,-0.8858669242400536,1.0979390274839185,-0.7226102432281967,0.5380107104558938,-0.18059692747202838,6.888730276127463,2.2240000079984066,3.4964207682426642,-3.2199222600095427,-5.213787913061086,-6.639427626663296,9.248179678614799,6.351096314313129,-1.6110053572683065
0.7144840462126681,0.08554737983345899,1.236883421868434,2.458080565967574,0.007684113602217059,1.8660647628988527,0.058208993639047704,-0.7576110002228321,-0.010120049021649266,-1.3220977419049542,-0.37678566854934226,-0.9944971834869777,0.5961591226639338,-1.7162707155280992,-0.28315935359414196,0.1862276605112555,0.5702356848446726,-0.21363136442331304,0.2738469345033928,3.095724132352483,8.060110922352708,-3.0451086033494614,-5.20880026364595,2.801787827602288,-0.4945168391494352,-2.5964748478284405,3.071156567931793,-4.0733756798851495
-1.1351353942913096,0.6427420683828468,-0.45393262498576215,-0.026063192493553343,-0.16446805795899344,-0.9278644458997365,-0.4329410285529293,-0.33028599332923597,0.8755836749727937,-0.04094711100198934,0.12984603553100402,2.1171712354609755,2.3545722153637705,-1.376275676362553,-1.113431032645303,0.03267844821335858,-0.012461367693430236,-0.2935122178430058,-0.37989219500826016,6.806316463416118,-0.44583833639286163,-0.9709956328623282,1.3160247427208067,-3.2616357594641676,-8.969609811436213,-3.9728157426123762,2.3390929350308034,4.495215542555215
-0.875165097593034,-0.07121481838958375,-1.647084451784244,0.2800173391760625,0.9008276305565177,-0.8404234237703038,0.26362444609410474,1.2436096104417036,-1.1747250484370462,0.3372948310890145,0.7133313886895382,-1.0305907272744383,2.326795536728644,-0.33477270088557415,0.47286813265429667,1.0395710208517674,-1.0256689532798426,1.0856549652259062,0.6135368448807791,0.9290173652500324,-6.631638011222789,4.482240325307566,4.434852531844545,-8.859797694263797,1.0463958839372676,3.0638383780407468,7.800539993042695,-1.6634148751809108
2.034956491881838,0.9400907255711282,0.8318677365804563,0.10116106102752384,-0.6009604596963176,-1.1356749055940178,0.7725588248092061,-0.43456558686571256,0.1509437784212383,0.18776811331068227,-0.7792596305628878,0.8076277300896851,-0.48086811597246165,-0.24720502813221643,0.7938254029599207,1.1128502212690936,0.004453415317115035,0.26756703891867145,-0.36851853796813844,3.0239520328807505,0.010413256328148969,-3.166546119456886,-0.8370701558949211,-2.157220049299913,2.7184668208521825,8.73571326409881,-1.2715043310952812,6.130472405027251
-1.6942740317100184,0.7961493275161086,-0.6694073643919962,1.3040442430330856,1.6631935092019188,-1.2052707415822725,-0.21697990754953306,0.6849749317146321,-0.1547010315892219,1.3967465014611176,-1.2721475339674457,0.21088810231368252,0.3728043332785904,0.18084308629170012,-1.3311281741601073,-0.9733496548817645,-0.14467949000071273,0.4801493362912804,0.24773235897746132,0.3114221676122896,-2.1451803940066085,3.7456753374457112,-3.562718978956865,-1.2115050305248465,-6.117330958966645,-1.046515199172376,-4.039813161267371,1.2787521503424595
1.6937037432956836,-0.5893546772273135,-0.18740951324599647,1.6975990146009539,-0.33352747447630393,-0.5687540673495907,0.9565787218973556,1.3483501446797455,1.4237378839672459,-0.6788313339942328,2.2050468751793395,0.40943870902999,0.6684061057511901,-0.2484728660737852,-1.8524788114308426,0.9306380781550775,0.36459846530317164,-0.4561671551561893,1.09982235446078,-1.8896734344188402,5.524516544017008,-0.12911735728226348,-5.797194985466174,-6.492655146980079,-6.2797563943559656,1.6228153722895216,4.75739392207519,-4.759520242872677
-1.4711591560993709,0.7956968536290492,0.20341785807769688,0.8223794414551557,0.6605227378848995,0.7933663135313578,0.7953854145875867,0.4490815737384761,0.4918235237832287,-0.6533129149992685,1.477993008288629,-0.04182092183262943,0.17563324514512807,0.0700157208140554,1.1401036885206182,0.9974064910996496,0.015065182412775506,-0.42969063186415307,-0.28202327474697214,-1.7169007511051806,-1.986322100334949,6.254330538604934,-1.827363490261139,-4.893691151868132,1.997978146122882,-0.3658284923077421,4.488070404407555,-1.9765447638485893
0.9679065890176934,-0.5695584281155451,-0.2504114316747422,2.0088883732170237,-0.8909898544524362,-0.9473220731188926,0.9310360031396495,1.6100578656101405,-0.0055370947644757165,-0.20927742837934207,0.38393191110987757,-1.472379738007921,-0.027530602090100064,-0.7533984133690959,0.16368352191250818,0.23993066248103823,-0.7452651136693391,-0.7034982204868798,0.08382930797965034,0.9535586278768433,0.8327489186185157,2.707764182125769,-0.3024189252235563,-4.464946739768323,-2.1626375082843325,7.260211949672584,5.470054836150112,-4.530177521629151
-0.21617073749126706,-1.0918091078973964,-1.1750229286519793,0.7898470784579349,-2.20529379226706,-0.5050663566982055,0.6051345286968722,-1.4641382476334062,-0.45632399012897074,-0.18467575956464066,0.6984290457960155,-0.25407945346347083,0.4692168190076414,0.4238998073421756,-0.07738426336394057,0.10365720363623217,0.6370414967364523,0.3544342685684567,0.8956263370913267,-2.915872635180855,1.3035600479595384,-3.0089811937205573,-0.11459638627922386,-3.174078101476421,-2.270922008276112,-0.2970327268893681,5.614454485816723,2.8279859611984626
-1.0493942254576745,0.5708661746449925,-0.9369147086586219,-1.8137161828394561,0.05097555275792099,-0.024880641230870738,-0.36945837755384137,0.2839349972191955,1.1126254788497911,0.025849496148065698,-0.3094179374444174,0.759758088544337,-0.4528852440253345,1.2044507689877355,-1.24123450432684,1.2905778673108896,-0.19466013076124186,-0.8585607572953405,0.6193503228909951,-1.5482887802796634,-3.1005641607115013,-1.976323124685247,-1.685404104215531,-2.0945091772204196,-1.7747782220725463,-2.8863571200735305,2.9659514644902405,1.7212533603789308
-0.27082620105698,0.5399902778138342,-0.9817748561598486,1.3414014190498067,0.39878382698896214,1.17724558371549,0.025642378642240598,-1.247244661655912,0.13879457058782138,2.9913422952308237,-0.7205717432933285,0.6891569598144266,1.0045551869839555,0.19263308983386118,-1.479338553682283,-0.889795341697503,0.7307854237362059,-1.0824614270363375,-1.8880979279018257,-5.1431129680821055,-2.883341065396674,-5.458743712405803,-3.652423897607676,2.4575390251169025,-8.533956712098217,-5.734274281232191,-3.1729207820307774,2.6688290326984343
-0.19876412169489754,-1.1388157336071367,-0.8443809182427424,0.2218003438908047,-0.4309704476555158,1.6750271788435247,1.0800704688400442,-0.3909033324556919,1.3885200680548266,0.4866403489007992,0.1596947474354875,0.3390955777056588,-2.0553254691313665,-0.5163532615011329,-0.7441852266772415,-1.0896678125356232,0.11310158916901812,1.1678298103730476,-0.3522479586517587,-7.98127944730487,2.987357496423742,-4.01465180601486,-10.335874406848308,6.9728275859521185,-2.8136027341790584,-4.684861843518346,-7.320032987150192,-4.929939498132761
-0.1319969609144238,0.14114759684804315,0.45119635902171845,-0.030096148202557443,-1.322151239380987,-0.014014652648323331,0.7676945415147992,0.3101090150561657,0.9347188227302005,1.6351721937323218,1.5895393008294163,-1.115708918286303,-2.362619759207164,-2.3235287682094996,-1.0207171189175466,-0.2867336637340583,-0.34137429741890807,-0.5862479892798432,-0.346320456532608,-2.4457606645692342,3.140354798608642,1.5071873801687312,-0.06904627895499173,2.9582247706878912,-4.625554800964004,3.0967123786176427,5.453796260035283,-8.198496100558597
-0.5176184264334969,0.2166039953764667,-0.27905649976593944,2.454641312066449,-0.026080500164772168,0.9236312148131892,-1.6477204769108187,1.1138204203985254,0.5811781908923679,-0.5849205919383373,-1.263573815224228,-0.19437295738304314,1.0707921099372948,-0.2474355305569972,-1.45558383911781,0.09157368428860864,-0.7277621539194772,-0.11883168184610393,-2.3733353758101177,6.107263790665933,1.4244295588826674,-3.3375840803137318,-1.7687341735852369,3.4424340682111407,-9.260596951044565,-6.2684054780991065,0.7729558434290128,-3.744604357989088
-1.7892822576862344,0.61341558518472,1.2955890812751318,1.6808460619826127,0.9019463424869705,-1.1613110607522064,0.20733930341063594,-1.058581168245493,0.5889130178641706,1.3274980480246417,-0.9701195792362838,-1.1824047580344028,0.8113693931919116,1.711881419681257,-1.0803144627426795,-0.5006856538889312,-0.8510503317600459,0.4809245618401631,-0.2839345363415333,-1.119656697989797,1.238786879584507,5.86114264137452,-2.3033046162155273,0.16113730040574814,-3.329383146232008,-7.078968377005623,-0.5170306054997222,-2.5168581715046594
-0.4999305687962349,1.2375087575958412,-0.16441793877166033,0.686642990216311,0.5097492545035462,-1.2587760927103446,-0.10788584458812944,-0.9887484172381009,-1.0611839717605998,0.4197189432675261,0.28653880595506154,1.6707239600698451,-0.021768996209611716,-0.8103337145022338,-0.95956928481033,-0.9523349598540183,0.09747947950179892,0.693606563698846,1.0552909710745773,1.7915210101007746,2.41876240739083,2.3892686330633803,1.8489070286630593,-1.6400060077838254,-2.655242363563561,3.462141934954027,-2.352413869250786,5.026711473022064
1.0509921967015876,0.4462957858792044,-0.5233992632184808,0.12991853133504416,0.8113912318547937,-0.06468933467818794,-1.2890703678094761,-0.22129729214566105,0.6801213903968547,-1.0116079567870453,0.22105295023339144,-0.5823844632938467,-0.45582066631178497,1.45266572599222,1.9193136897800485,0.175322779049434,0.31480715992740577,-0.8226434074064214,1.1052883401680207,0.6724349247772623,-2.862009255318298,-0.7361888729069521,-1.318856136894425,-2.269198121383171,5.348688424844515,0.035622726459544216,1.9414878226481953,5.529770779467931
0.16773055548139357,2.200276399152684,-1.64664354102852,-1.4166127656135348,1.0036672691074338,0.20313495041355142,-0.08173477076720387,-2.09932267844388,0.5316773835678491,-0.815205301751591,-0.2916183225669307,-0.39962029285572853,1.4931735713412726,-0.3254146411129447,-1.5561232396661284,0.7782415576487656,-0.3016991935373568,0.6428334489111281,-1.7081592873302016,-3.163383545599972,-5.414927035781119,-8.049180842557487,1.5207921543373366,-2.0816530342104196,1.6253968584688587,-4.309323586354064,7.587913118611934,1.1738000755403317
0.16464952254104923,-1.0164029078065704,-2.1416906821362764,0.9272473194840727,0.36043058983503784,0.5023670723546256,0.69104466952834,1.5273154143058276,-0.1450956092854066,-1.2765561501680116,-0.9660790047034427,-1.1989050529674066,1.2527804015759612,-0.4682556272970294,1.2355466323824567,-0.7741993528023033,-0.6176331544519247,-1.6378176956683166,0.08419618848522402,-1.6307009339219918,-5.247834332606169,0.16767083276451739,-2.3259220847402853,-3.656524089934314,0.6686295150458933,2.4151244983792957,1.4360709066068584,-1.4712415075892786
-0.034923115349745265,-0.5097776287139513,-0.18832107012461957,-1.701971338064574,2.0844409604043577,2.6741734124731646,0.19783113315929501,-0.755894564337827,-0.006931451615347364,-1.1608521894029167,-0.05195879559467639,0.697948396782922,-0.3375556737415155,0.6799366661314125,1.0884825817722246,0.13431318297338604,1.287133435430575,0.21021440895259216,0.2525128091315089,-6.042790256360257,-1.5095746691423149,-1.7393757252464468,-6.443256770652003,3.6399798850300473,8.978424343468259,-5.47732271383515,-7.658463584968471,0.6468514259723731
0.4563668502196961,0.09269532698122651,0.05567925967830973,-0.3605930823615478,0.3444473565879257,-0.5596189935420562,-0.1445243488035491,-0.7549711576974505,-0.8651653767852434,0.14056154598376794,1.0150582746627241,-1.563868711545825,0.4487642456497267,-0.978964764020755,-1.1787358933428946,1.0031484349216118,-0.39177278134644505,-1.291565008307037,-1.1488497782140783,-0.4087970156853874,-1.2208500336065755,2.9370634653751058,5.748625907004596,-2.593510389576133,0.4990193942912401,2.370923919831509,9.617889171780632,-6.169865969969047
-0.044504182990741256,-0.8965264153306411,0.1519623392196192,1.3805313966323243,1.355692707339108,0.17107790615129986,0.5132503649330542,-0.8652573469618591,0.11542014937834821,-0.6189696245708273,-1.106279789065889,-0.12379244129020833,-1.4084164892276478,0.9256312259309436,0.7720350474258311,1.5780180045619434,0.5244417285949512,-1.1583617333111758,0.7194161694447976,-0.94280651815386,0.5653281547613216,4.423482150312784,-11.907248730473182,-1.8893842149638453,3.22306799148316,2.663427408070049,-2.7862210573773183,1.7238026104134407
1.6113164291598856,-1.0997929032822862,-0.02481344100865717,0.30266617007348,2.130138086512052,0.3184668975201003,-0.7250896368713673,-0.007973350067999773,0.7404822506345576,-0.10636332292121145,-0.12865827887471828,0.9983704920407788,1.825008957456658,-0.7557696403976076,-0.8979385093306804,0.003957883631881694,1.158603673094432,0.2648483255816665,-0.9199579254769644,2.4254370813053723,0.5802371700726898,-3.0005401895623796,-6.350836818883972,1.4148521581755387,-3.4640518468651345,-4.995800953394296,-6.480721150597827,-0.47726547017905474
1.4865445530072314,0.2271154929360149,0.21249712499504173,-0.06482326830253322,-0.14298430226798764,1.7048323765250764,-0.3802909353250331,0.8486127298808885,0.9750276750105072,-0.07847954134509079,1.0203584212587027,0.6910959532705218,0.3280431553698941,0.29050455416886645,-0.7207646180915221,-1.2694382847195953,1.2849292325705122,-0.49194843785398223,1.5579796794566083,-2.9130439833138264,4.9339404241443185,-7.053392251456021,-1.5497505709165447,2.6569353668337405,-2.2534569034798415,-4.942531277428274,-2.6341851892912045,-0.06322667931163857
-1.026925785554666,-0.7788589159332538,0.9377974843728749,-1.5712649453171899,-1.5583139519270839,0.39065940260676263,-0.22528601602589904,0.7281768179810246,-0.09690216845872314,-0.10509796004400597,-2.215447120306108,0.6959460484717369,-0.22418095664835339,-0.5754021159812571,0.21094067965666452,0.023722655263034877,-0.4599671719347417,-0.06905858843308237,0.5428420744240903,6.23104957300165,2.1976796057972288,-2.304579113928272,1.7463878059840454,5.408151771617368,-1.2408189441025876,-1.2151253812060632,-3.650459774998782,1.1509006554462338
-0.5683952057137058,-0.11618642437963946,-0.3149190423692599,2.1866739350380335,-0.40268659934723244,-0.6621422003188664,-1.5396548789470104,-0.16996468189521532,-0.484872708285527,-1.1890541108326276,-1.1711462765739895,-0.38673282518357643,-0.8791335204871379,0.29278924050342753,0.7002766932382729,0.4096252041988563,1.2494638160998643,-0.6147122280335771,-0.06539397393010637,5.7138609309936665,0.5414704655525291,-0.010819234280290996,-3.8491448509676416,-0.4696783964928011,-2.7243729818433455,1.837734465088526,1.727566377549708,5.577653471054813
0.676877258995345,0.24607134350053397,0.4271662331203573,-0.008619785303018322,-2.1973862108111692,0.33693325094105836,0.9873927709756547,0.06822062037084763,-1.656650648672426,-0.6328939524827842,0.46897350500222507,-0.08338411449001985,1.172078121074052,0.8137494055392464,0.0667178873891006,-0.45009365569683096,0.8913232787588317,0.03083057173297508,1.016041575263173,-2.688908057297688,2.998602322818393,-4.065285119506543,7.58878133762599,-2.3824132794740986,2.5225579455344005,2.775791289746961,3.540028000675893,2.2689652504154094
-0.2240457605636787,-1.9860491699766054,0.387529718773044,-0.40180772227613065,0.651806305615903,-0.22044908771255572,0.11946122933570637,0.9117596655588864,-0.3733071108745933,-1.564241720906675,-0.20527943064275522,-0.26485635356051695,0.8598899710989162,-1.9463983088944687,0.5309344686714825,0.3104441871101669,1.7023063328844459,-0.3046389957686268,0.1312877159974951,4.659041646434213,0.6007504191090793,3.1036492481517235,-3.1137119464198864,-0.3724716535354087,0.3623895039507867,0.7148458216710961,-1.1236392446770644,-2.334502934667683
0.6099349469976263,-1.4344093956644708,-0.1340266322805816,0.07438505178072713,-0.9710994444622602,2.640277422763909,-0.05887099960859162,-0.3745802651795436,-0.42340010583564985,-0.17032792318403392,-0.4611114016394978,-1.6695020642324208,-2.3759415554694057,0.7655837192654202,-0.5431149391212841,0.6849206982844153,1.3521681751010122,1.0297630395518926,0.44119576028317414,-6.893076140879678,4.279473706636146,-7.987878438228656,-7.237811973775612,7.473287416290975,3.38285441823672,-3.1357553111007443,-0.8408709853209501,-5.592856532092354
-0.07118168316073151,0.913381650462033,0.7700004788488093,0.6677875873963602,-0.2882755407752505,0.6666201415791041,0.11490786490685323,2.9858170264175805,0.7177687636912804,1.6623910938837776,1.4602730850733654,0.2784976972200291,0.3187552073220828,1.2480458131202212,1.0816324251482896,-1.1473785711429538,-1.4325366882906767,-0.5490820963726969,1.9160388408124063,-0.7766800986800168,0.9182026466246689,4.2128665282174795,5.088061945212321,-2.021184949825061,-1.3407971897652153,0.10222313245186686,-0.8643491160964332,-1.7844809120486065
-2.168157313203917,-0.28352581835891144,-1.0896962312809997,-1.0628770690132936,-0.7874538482647576,-2.3085293704439627,0.310761461015743,1.419991530518876,0.08235574001799466,-1.1285257424730804,1.7593822359369706,0.2744679164812345,1.5002378114266264,0.9199050909988804,-0.5620674997231208,1.2285850482125134,0.05865710271473193,-0.11342803711291655,-0.013637474662265895,0.37832735070810136,-5.163159046709935,6.871258479600435,6.024933621330901,-10.266000914275475,-3.400298652165766,0.60990853991757,9.443762205610781,-0.05167026843547881
0.6464169185296826,-0.44507310647782145,-1.1824554864439736,-0.051172644068206416,-0.3259684801517605,0.6424306464772515,1.14995321541372,-0.42077376390044047,-0.7086922682336494,-0.7636354321111284,-0.09278660517646294,-1.3661217061668185,0.11359051075459423,-0.6885073497793391,-0.12161639634626988,0.38648108402593306,0.45779393495225096,0.15096546744494765,-0.11548005230526702,-5.06728154893979,-1.447645893517593,-3.647748174892637,-1.3567589456423947,-1.507106061987785,3.5650132618342942,2.9129233334661704,4.375660790370552,-2.8177936881269092
0.5083006544014675,0.13715935390685702,-0.8547840693103345,1.1707102325649974,-1.353122760721679,0.7710832675676876,0.819848078060963,2.101279221527158,-0.3249631396982299,0.8333235184424657,0.44186878085498627,0.4761670601068881,-0.12331603476503283,0.8380827504840451,-1.8550206997849399,0.9666531927297678,2.4111427244817847,-0.8724906175384302,0.4373989225829025,-5.71474385273244,0.837814380462723,-6.636933365836405,-4.335184315421636,-4.219310605860606,-6.831604745753429,3.390016283987822,2.934911090528409,0.9152712760249109
0.6835453024433872,0.7999793794595685,-0.3789155245327401,0.4759312803152592,0.12024272062078863,0.4833576298073167,0.3136555865263537,0.4704738441458531,-1.960645908366564,2.003972008562176,-0.03034971127683413,-0.9910510904165948,-0.19711124262300747,0.6048611761575847,-0.46272615962512537,0.5640278872151164,1.744651115886746,0.524468666688447,-0.6790873575038229,-5.784424497991567,-3.5621056732389373,-3.694979775323592,1.8659526677913334,-1.5554473146574794,1.3544844951942718,5.286239904013865,1.5320186778778377,1.3419179702530446
-1.8491486808248239,0.6675782620159859,0.2459664220625512,1.1613940112269932,-0.4183565282024014,0.09569149084085672,-0.3225145191588083,-1.3536790232302391,-0.11929588981083124,-0.2159219396983431,0.7638891663066686,-1.0459825261458913,-0.11250714554285722,0.4070662208018292,0.043234965875735824,-0.9001641456566323,-0.4202967942143243,-1.860563741250281,0.2908006943663061,-1.5894208570086306,1.3285743760882942,5.371285676485654,3.3145500677119353,-0.5525622340449154,-1.6305920938716387,-4.018218924909197,6.783273425088405,-1.164747873245078
0.24464323627337284,0.5531635572268566,0.3295272400496264,0.09864641264280004,-0.38637163709592875,-0.6022868257163749,-0.6796153015825491,1.447422303164619,1.9577362932558429,1.5482608867877894,3.6840120220484627,0.26106959050531325,-0.47892289025909857,-1.4854289998894057,-0.7059235632615648,-0.5038816739250418,-0.3122135205104646,-0.12544068341806688,-2.806901738888455,0.33488478156538476,-1.3002844530730011,3.4085581821963236,5.356311408551642,0.22482132850624506,-8.73522523437962,-1.5688332095511053,4.165998331230356,-6.94693930178203
-0.6049353974429866,-0.38155338521342047,0.0035895062651508827,-1.0996751153235007,-1.0869474401859758,-0.5241832043495874,-0.6475322944473271,-0.3201340117086909,0.9244777992646221,1.5116414913512604,-2.22935085521048,0.032785640869576325,-0.2556319540540453,0.2850022523891598,-0.9515369153640615,-0.7774782301675526,0.8090179148170694,1.2266220472494924,0.279482580162049,1.4085357471920368,0.011919423376319377,-8.031488094898092,-3.1293361281733407,6.097705602594603,-5.2069996113486585,-5.620499787349896,-4.34502608392209,3.8282975385213858
-0.919185728776965,2.05271865786268,-0.219990660770062,0.6801930484364989,-1.6546606225685876,0.6487874213183259,-0.3787985670335258,-0.8164707514921045,-0.25943092408106594,0.995680422779008,2.535582596405279,2.1403479049085106,1.4409652335570344,0.8048554860912696,-1.8713231215356283,1.196293947810289,-0.28045490383713745,0.6017738893642801,-0.9679641556370028,-0.798164126919171,1.3657367498537467,-3.0437860893974626,7.645377420697607,-4.278595981108479,-7.551073532544242,-3.6998756671789463,8.442041528471385,2.394481348341576
0.33316837267686983,0.37980805843745846,-1.718887434739521,-0.5628876929338732,-0.4937094925430178,-1.202996914245604,0.07653852670482131,-0.6837906517552566,0.43733648456595026,-1.5888534288857488,1.1768378435871794,-1.9454569034635876,2.062268327193097,-0.1039817104135339,-0.11060031931371489,0.9944586246616834,-0.1437326607110575,0.12881765980285761,-0.543708818612661,-1.251381745048539,-5.5645047259420055,-2.8867701816540468,4.956931353615156,-7.73464005739577,1.480992469548197,-0.9100946858582373,14.667331835840399,-0.7999661181681602
0.7152597562554636,2.078029177789838,-0.200685184659589,0.12630606761751087,-1.1156888803480471,-1.5305759837839037,0.08567149893455198,1.89258265392572,-0.4262801834644015,-0.08234469135512908,-1.5776782324927008,-0.14481532021562105,2.136149174838803,-0.04095150906035529,0.6026115984619518,1.4851626709284023,-0.1853175915762484,2.2132227995100586,1.254856065256089,7.950916238179281,-3.2201945992827032,-7.4734142540767685,4.781384539359968,-7.566488941238302,0.8960389173162205,7.393590656582158,6.730128471742869,7.767183339513236
0.35332097857473743,-1.6772831621354596,0.7422107307740885,-0.07328930554038862,-0.1621167225936728,-1.987825174765347,-0.15598941857576745,-0.8976597227259887,-1.0516522575640108,-1.5057123749314945,1.184608498505925,-1.0837417257808226,-0.5983263899013168,0.28513008179930815,0.703985230626582,-0.6480077487664925,0.7005627908792184,-0.030405249136463093,-0.8167488048439184,-0.06329497037423407,1.0621506227181143,7.451513689411888,4.466293466860376,-0.4083678607132827,4.122991239091656,2.6958977881270387,-0.08478681429713972,-2.3517015719408203
-1.0963241341932906,-0.3689693794836258,-0.9552676656400585,-0.002001541822750029,-1.799440019058926,0.6089987079165207,0.6471975215063283,-0.40495656084915077,-1.65872853181963,1.0414492456138835,-0.10189262892467438,0.5386043032360207,-0.46830546218252933,-0.8223107972773575,-0.0462981743132381,-0.5953778381408763,-1.168348046824568,0.5614832292218805,1.2276881311031844,-0.9149866024623831,1.5499386064410625,-0.5406691277286698,4.379792497309958,1.1074141443687986,-1.3447321066345035,3.320805673715167,0.8372187403944548,0.198189056961262
0.22771397061556553,-0.013299715645032068,-0.43864027635471037,-0.5647442547538775,0.7435574913257678,0.18756622503802386,-0.046156361502030514,-0.47967724219108054,1.7494087880055762,-0.1968154457326296,2.902820796722912,0.2567696525880903,-1.3198120828222488,0.16995084821892703,-0.17512041452632005,-0.5469430830946541,0.41701793795363146,-0.34200683550979133,-0.07061919467002314,-6.212835285509148,0.1440780291328085,2.557861533525335,-2.585512039998923,-0.15713513465323198,-0.26340061109675433,-3.7069170144718693,0.7981263181257492,-3.139170172820537
-1.4795978890137822,-0.7239562539978195,0.2974176697964028,1.2619311870386303,0.2885732606137403,-0.08570288042612884,-0.46284562597339524,-2.0246862188218224,1.5033719708955704,-0.7128549723306192,-0.5381332657091644,-0.3802018318385759,-0.3996955541974204,0.30293438949525614,-0.8837580420175833,1.2931465004404403,-0.5319750330075214,0.11597205042578458,-1.7993319192640793,1.6287879819316906,1.5838087868525736,2.465759207535395,-8.278269984363606,2.010214682625347,-4.146431252369798,-8.225632963806119,1.7489591724314348,-3.1905142827118365
0.4182362703706285,0.16363666477385144,-0.585354507031458,0.8854495823716264,0.5570135690423382,-1.2858409966072655,-0.36597859500668845,-0.5809995407058807,-0.5082605648673376,-0.9720009582000626,-0.8802050324888173,-0.02691437791741389,-0.2717110381136857,-0.6418123235235813,-0.7465126075246096,-0.5590781711161404,-0.8064592140125091,-1.475114772050325,1.5501949854535628,3.293209301018777,2.685952606235645,2.4571690010285048,-0.44328555293587235,-2.0522491598672,-1.0186319984637766,4.653488417450383,1.2048848883566272,1.6213575939261538
0.6724247111637712,-0.9557464219394523,-0.9918010926708591,1.0437506523536617,0.17269426970638121,2.0055871947123465,-0.527756733520686,-0.38205826635510304,0.5347682217194722,-1.3646476730908785,-1.6550935253540793,-0.27299956821696725,1.1057418942277026,-0.15086616857634885,-0.597485836030186,-0.6945097574753112,1.8565514626459694,-0.07574944699608983,-1.169929768817786,-1.5032153530752101,1.0020510633009931,-10.629173754800496,-8.640479153733876,5.017144138051158,-2.9091919936406065,-8.083540790933204,-3.899472009037638,0.7406429893386082
-0.6829438271102549,-0.23829550298063906,0.3072545695070171,-1.3766234891463707,-0.1653084361139288,1.3215425695276433,-1.5704919525150065,-1.5536599677257459,1.4137258889567492,-0.18618339235253215,0.2685369579845829,1.6662995855203264,0.6813596039200123,-0.21259532224257155,-0.20230345519914114,-0.9139242996830971,-0.9793763526928534,1.4549314593695244,0.35364731330732446,3.9504344469267805,3.7785296309328142,-4.425715796874624,1.06939481248336,7.267163170565535,-2.3124084084480665,-12.769383066468052,-4.290810291171039,1.1320145029542048
-0.6266975389616305,-0.9475861742928928,-1.0878277586734597,1.763906054723559,0.1759427511018977,0.43887568099545693,-0.5727546013346035,1.400516362657635,0.6796472899119563,0.9889610612510384,-0.3547063660196786,1.1473518459798662,1.080619306622657,-0.520515040745718,-0.8159179575406583,0.7135305227089599,-0.1626157309044024,0.0007415743881482496,-0.1034069012678665,3.922466864579607,-0.22413366910902377,-1.0150935840179574,-6.476151381830662,-1.6298513550637792,-10.122722721385855,-2.5848498419131625,-1.1908646659061337,-0.08374082123423339
1.0976644710875048,0.17992659285552362,-1.3675395249425792,0.6919065607229913,0.6893125217117393,-1.0056994355163973,-0.29189571750676924,0.050329729461415854,1.6967161800737105,-1.6023074645667768,0.4103083028072383,-1.1538322635650524,0.7638844165445112,0.25980734351592827,-1.163174157917124,-1.3253673834910022,-0.8405472977507682,-0.4709218946071782,0.3786654281372702,-2.2927298545739716,0.5043232834762312,-2.090134398634935,-1.8912481724899597,-1.8789194341467916,-2.28571488988268,-3.632973211649783,3.4058994090518055,-3.0663036399683588
-0.579083846698781,-0.6800559041921749,-1.1471880816949225,-0.9425724491241659,-0.9489381867894471,0.6906687689090085,0.8471798000334808,-1.2031751631854692,0.4368265813707383,0.8277731078759687,0.8682669995127991,-1.7514099361881061,-0.20177952566460475,-0.31201035297612373,1.2404107184286675,0.2133417185237556,-0.11881965420664753,-0.43733272883157853,-1.0292450281142878,-6.1615253067424,-5.793849564379917,-1.1199053573312368,0.9932360102704457,-0.4614304402087232,2.475480904081333,-1.880664466104635,6.618290095559325,-2.345386355021027
1.204272306092974,1.011872197031457,-1.6701809086031791,0.29875773707116876,-1.356964142285799,0.20554961150847031,-2.3145444711483867,1.1223925815684943,-1.0663818457842567,-0.1915221015749241,0.33747303258251427,0.8290568406936282,-0.25328069063549336,0.8235153424672498,-1.099099708721616,-0.1461640777922389,-0.41199812125460145,-0.6302605072116608,-0.6896939720334561,2.5595508857368996,-0.9979737208728872,-7.282102241321748,8.955678721263125,0.21141224414495718,-4.876211255047267,2.903228299627162,3.7580927305232974,3.4623926229045154
1.4686267985310424,1.0538484353900488,0.9315791171675771,1.370631194828213,-0.636139945837767,-1.5020771690907655,-0.5434276682618965,0.5824850413189245,0.5904702406645684,0.07696321271322383,-0.6825107103672214,-0.7127847837521468,-1.707222237624004,-0.10800719064225958,0.06621992642553136,1.5282415104108404,-0.7737228528375201,-0.5245315170689667,1.639460307749806,6.660713247333886,3.6235487504304036,0.004623929109514535,-2.165146155993194,-2.903046755821528,-0.2320814957949852,8.68815439612823,5.375423722725441,2.1699591190577987
-1.5346211673744765,0.9330883592777752,-0.8274802986457418,0.9923758969728486,-0.06869236560757336,1.5885927045167656,1.05443285920946,1.2273489728511955,1.5999882743453528,0.7599622833607593,-0.2851961648441742,-0.09875465505725152,-0.039169979341758324,-2.0558591229538243,-0.5026616441316768,0.3509615378070578,-0.5403368309423412,1.217020077395271,-1.6756910461241352,-1.1686908867065846,-2.077109335780906,-3.310407342848097,-7.299624757033836,1.63990964719305,-5.935060009379538,-2.9771177378132028,1.3908810571325105,-5.107033431401179
-1.0148866648997468,-0.6645658312606594,-1.6831521636286966,0.13147222895331495,-0.5045830898300513,-0.26525968144668105,1.298822484738557,1.3857896636578386,0.09473816289249443,0.5773836098243493,-0.6981253492367178,-0.41275658715601726,0.6642401155898856,0.753508926288738,-0.010155477013639518,1.2483579474421576,0.549384619952026,-1.5017996177868334,-0.512510245552728,-4.11222769012041,-7.303820157163455,0.05838648415995763,-3.908528349761115,-6.451569159596067,-3.0312904545904473,2.667274209064075,3.9242046500958483,0.8910419114585669
-0.9341631929981232,-1.5889464150247363,0.20106479239735714,-0.22412304502906508,0.30509692039858866,-1.451219094591132,-1.1003245125713035,-0.2212918569806054,-1.5969605303815848,0.6603667814769617,-0.41257881424725235,1.4576228542280638,1.3166065951994215,-0.783073642057277,-0.7500677602886804,0.5796473393741691,-0.0428423521873557,-0.18033311726393378,-0.29451404216872723,8.148669746651086,0.12071240632184413,5.795606139832343,4.037001834472507,-0.7749687966410518,-5.123791180115816,0.76435839881684,-2.228162962844764,1.9745697746145603
0.30966112693785075,-1.3229856147948158,-0.2897087682446473,-1.5199467200418477,-0.18260920392902585,-0.22714074513315233,-0.3616892529234139,-1.7807297173460375,-0.8154342520879581,-0.048881923753393994,0.06329349413777614,-1.0616040911816333,0.3215808177181338,-1.1532147938567603,1.5253713946548588,-0.06180509553778927,1.3924863436551091,-0.41892614206376455,-1.5569183977440861,0.42088198390707177,-4.69229359111858,-0.9959947519420957,3.2922793389707365,1.7717626710617354,4.07769137755681,0.09873675722200054,1.935673517812686,2.0250658090530242
-1.152789183885817,-0.9258487095171987,0.27633299939549905,-0.12583948777244236,1.3979939051551291,-0.46635545294212405,-0.6241559770077268,-1.8981222236934854,1.6977369108037266,1.225196230425664,-0.7108845440335892,0.08452367619260609,-1.1171291830000845,0.7042121973088793,1.0442375135566868,-0.9356887235762472,-0.16132513907170193,0.4703884428835512,0.8118960208128154,-0.3381413350559084,-0.42552622231831616,3.5683980816045495,-8.489990957523116,4.486072873173148,-0.09540887142827256,-7.617939248694283,-7.525946697929436,2.6840306920191037
0.8131506284025326,0.9138409660043246,-0.6091558014545679,-1.1305838881652754,2.106508400844574,0.4758052199573086,-0.5962594877547711,0.17427010106473245,1.0728323029005453,-0.3963038064507635,0.3415446032126492,1.4412047092891345,-0.14090268542429296,1.0579109254296422,1.434409099559023,-0.5343734576773556,-0.47341256813027155,-0.7969962935133921,0.28979108980498297,-1.320117192329759,-4.391890972183033,0.8256178757649539,-1.4145845189322124,-0.9337041811337257,4.860780346090414,-1.010286146264851,-6.129601619169236,5.155543171046398
1.807888368099187,0.6125215264522877,-0.990564857119527,-0.5290445685283179,-1.1642568961093631,-1.1095336356250898,0.40331993490751095,-2.565194460999022,-0.8216947054285465,-0.5074332984725867,-1.0095922745390118,-0.23194183788929318,1.0855744034210681,-0.019824343396352834,-0.3057029733065116,-0.30953971361547455,-0.6080225050609056,-0.7560044268469023,0.9573436973308969,-0.4194563411880004,-0.10639937576281235,-6.80313851668196,5.052371865634506,-2.7231179793916254,2.766747952761026,4.159626245033383,5.1700842404447,6.7531539343561775
-0.0621776054194985,1.4191046913660008,-0.47529847159844,-0.8046370066397788,0.7742481208052489,2.207578393755487,-0.34661708231409905,0.7242174104273006,1.0837009414779253,0.17045355012971203,0.6229426934285879,-1.9549950701673036,-0.0245609000605582,0.4394986063172994,0.6868514808378924,0.5608851353192147,1.752222648219147,-0.24478930411439342,0.9043515541784612,-5.373028388276631,-4.062693895114033,-6.756319805455302,-3.2405484323578104,-0.46599729066575934,3.9174678790729214,-5.019810399493692,7.194612450534546,-0.9233148452580668
-0.6192785409299834,-1.3700688326120052,-0.038437258372307305,1.6112502928967907,0.6886245564428523,0.049063919954850446,0.19881326956363163,1.5928090351463673,-0.9449532714933906,-0.2551084573544589,-1.8184862574076932,0.7938222627319731,0.9164931542088619,-0.4753626377075258,1.7303009760369956,0.15617723665596392,-0.055884566924268006,0.1841496173395552,0.8583016806122316,6.399479723213971,-0.6035936283222643,4.108455766877718,-5.159479030998117,-1.4445204288389735,-0.38233539310225756,3.6195187640038795,-7.224809833872932,3.273069662439014
1.2780148655879433,0.015022546573917835,-0.6457733811730199,-2.3788005559704835,-0.046130082510055834,0.6773926793707565,-0.6808015249322411,-0.21530582544969548,-0.13927818730257766,0.7296191986418218,-0.07220323470357522,1.131149989012319,-0.7885432251184833,-0.6308977806748082,0.39298795511325063,1.98405891526946,-0.8057230628634237,-0.5985946697245496,-0.36435810865292745,2.636699884615806,-3.8626348818480314,-3.9025651044999354,2.6223227658894506,0.41915244218077924,2.8125863060574567,4.368185813203578,1.2807520354304842,2.6498234576081083
0.13304201179525993,-1.25563524990311,-1.8142621822550167,-0.9787591497384842,0.6187081753838577,-0.776257704288335,-0.4673436227288297,-2.541852879619853,0.24440734900098743,-2.9865367090956676,0.7591610901392746,2.7700932464915673,0.18149900216574014,-0.3430509776545396,0.9093513257947798,0.5378714468109116,-1.1900931744933547,-1.415630175602686,-0.8390046200557393,3.184521006404191,-2.165532861547275,4.175708253807518,-0.7480131163374595,-3.090566256851162,2.0316452461067898,0.42586356883106186,-1.9476548177790847,5.894171574927144
1.3879850004755487,-0.11343458367191059,-0.35510831384562397,0.2552432619801568,-0.26020610091315055,0.5220960600703095,-0.13196276929037026,-1.7207463249541401,0.578489456853359,-0.09476150164822005,-1.4703643993381814,1.2924901740725192,-0.3957402105089618,0.44799585827182475,-1.609631534839389,0.8651473763870026,1.1004795053173275,0.20522412322922245,0.2594544828789564,-0.9273856058641958,3.7742822106845173,-9.754288125106266,-8.872138318026545,2.384038177330964,-2.780671537444007,-2.0488058520867183,-3.6381674424335446,5.071875074125682
0.37947416853001553,-0.28737239493601835,-0.38348077321669843,1.2088302152361872,-0.9317917655118779,0.3366999819442126,-1.032803394929091,0.5370736838230709,-0.386726510127855,1.2821148851552597,-1.8720378458868954,0.6841977720914915,-1.7974388269448478,0.7280889440463074,0.5906020185318743,-0.24489220349713775,-2.2195639864291308,-0.7085076478190908,0.8773485471802073,4.296165795177601,1.6925442158637765,-0.7061705131584469,-0.5577437942616686,3.8153014503950113,-2.305167026358661,4.125972762886001,-5.247704709917001,2.8216093987331057
-1.715538318459118,0.555903617179479,-1.1570297703911232,0.14896128863147898,1.7225459689097486,-0.7073767465171785,0.3433939146869291,0.061989827097854236,-0.29520193394078464,0.7709862541062289,0.6146469341538188,0.6641193812900399,0.03823225344436676,-0.07027210159636578,-1.8532086826196321,0.5216428977949886,2.264675291253009,0.5247333592924911,0.8829176576097966,-4.472692707484316,-2.47443765504255,1.8018336874829175,-6.705796339663302,-4.852829308655796,-4.170828259388557,-0.4911361253221352,0.4123435336373707,1.996064419570837
-0.2242877326727577,-0.023261652693013744,0.5236990634813972,-0.7515197640875817,0.5621884389151923,-0.18581522386684313,-0.44505031465024975,0.055816224779756465,0.6256112470838648,0.08538263954443871,0.08399925795725756,1.9006611193839889,1.0611874754120305,-0.34440702934838174,-0.6745158492596377,1.0305266351162548,0.998087875181769,0.6083024254012308,1.4438349963592592,4.59137602059114,2.327957945534786,-1.3356382609946735,-3.3737004230363485,-1.5553087049323353,-3.139146985967408,-2.701308954715984,-1.5425826956865376,4.339189126844508
0.6152113954703191,-0.1546459689857224,0.6382938175513869,-0.07535902667694815,1.0069133340310403,1.2754491729648132,0.1591678885885215,1.2263963788769867,2.361231475015251,0.44921715376203253,0.8205014039871747,0.12239155473452583,-0.7675754290327281,1.7677633441676988,0.45972452407053066,-0.30612309505038965,0.63775146095898,0.5742085032053441,0.1914211253778356,-5.370881254818847,0.5312258182735595,-1.2707192312232634,-7.908062780538531,2.7511984024060694,0.9591622747207389,-6.873285722454376,-6.655964354370908,-2.342063157212088
-0.22973720452184584,-1.3064545489052006,-0.37884600419820863,0.9598107571124936,1.1940125763332006,-0.12796791445684888,1.6204677833895433,0.21745702542405532,-0.21656059781785025,0.4939461647770567,0.15760145042421259,0.5246633584334589,0.09064559734942151,2.9704150915627223,-0.738927256865335,-0.8611569259669554,0.7329702756557477,-0.26092666761169897,-1.2297955348997256,-11.65794539466865,-1.850672349342791,5.017955057904039,-6.119542214230665,-1.0452255756289892,-0.06640206183149734,-2.6692931103993427,-10.288822533635688,-2.041625795920542
0.4429752652158475,-0.020020744277139232,-1.2170970232589033,-0.5943760364364112,0.2348540667721685,0.3885547241393738,-0.4790542265660906,1.0260940361595459,-0.43968337427232324,0.3780258701108806,0.5953014419414006,-1.45787081112013,0.5691165643302969,1.3799683346682148,-1.0659783253551978,0.9121709261816765,0.5234042785095071,-0.4708797317871077,-1.7417257019166401,-5.455460934556301,-5.865297484633423,-3.0858578096085445,3.3818973257442617,-2.2227868479391306,-0.19703890380111172,-1.0786630188767474,5.747877201603779,-4.184472882454798
-0.880703292571783,0.7432242517713942,0.1780489543887354,0.8148121791026233,-0.26536899705941464,-0.004514882765837677,0.4226470623646601,0.9134733529810769,1.2605175584855897,1.0583155970636386,0.5594616159048474,-0.7607865776344044,-0.7748006921822933,-1.0803411947698167,0.9394087594222309,-0.5730795811393365,-1.193746843353417,0.6527301605504924,-3.156704666104912,-0.23609017657718528,-4.174417279243365,3.062942803871445,0.8404626563517393,2.160137137645062,-2.98928494110154,-0.22385855074148442,-0.035220764741975295,-4.873551152423106
0.5298477740673967,-0.5820479235790711,-1.816178989443936,1.8897481155204987,0.7908242098850269,-0.9090614966454491,0.7554855705807236,-0.9702749889280383,0.2758070015922066,0.48626345893952094,0.8972864791770824,0.6944861580357741,-0.8770690867593909,0.505774628490049,0.880115983764809,1.046517166035044,0.8178133008114152,0.9750502018560895,-1.5398757998730652,-4.722016094278394,-5.17501265052761,1.6612349476305446,-9.662196998567921,-4.977236557011985,-0.7104744537428096,4.574805964956973,-2.31529396793308,4.574673909637088
-1.0320949565972963,0.4988609327424365,0.33624661289499613,0.23376160883595115,0.24556566941430763,-1.618659966913836,0.7269659337072244,-0.13165303214098625,-1.2594339669913548,0.3355230168328453,0.44531787232609055,0.5714195631496558,-0.17130913042173665,0.7563003117128414,-1.4462311232928469,0.17270951451471628,-0.06579677751878642,0.12027772958099334,0.08332374855857494,-2.18214240798432,0.7068430037794564,6.6853034780374285,2.993947550763372,-3.750261750615396,-1.1429396401228928,3.9461622605572835,0.15424801819201012,-0.3713669658856701
1.2602002261497074,-0.08953620641482149,0.2542562359343766,1.4407911892228547,1.4911222273546798,-3.401408389346934,0.9325611802816646,-0.14587921177528393,-0.23109604889960936,-1.5988520133071569,0.5527198323187393,1.7424399651642084,-1.2620650727840572,-1.1475363926567577,-0.4107996602205132,-0.09922141187787972,-0.7771107354508594,1.0172254476974307,-0.17028996629630982,3.7409126326893167,3.304563820057665,9.866779904781549,-4.092828361331659,-4.606603428395576,0.4386871546389776,11.991754963416483,-7.017260831724708,1.2033529561136502
0.1701688582151195,-0.10170178223546947,-1.4203625415093177,-0.8013057177570511,1.4993072000656718,-1.740752771652811,-0.8348506550103023,-0.3630483404009942,-1.186530368797204,1.3655236681540512,2.0637735401704704,-0.24749745085707095,-0.7323926533067291,-1.2326018133334864,-2.4297277163677067,0.08153824114241556,1.398507064852513,-0.41197846060509424,0.7774483079949592,-3.1799182062226423,-1.869088359461105,3.3797232074325443,2.029895951671356,-3.537497931992735,-3.7101218988909994,4.521316436781855,5.19877412228775,-1.9468210034493283
0.598284323247554,0.13747210984959624,0.4538790719631599,0.25025797662750593,0.5549239180230994,0.4680673650819627,0.026975583854026222,1.5342877201692218,-0.5314226949678803,0.20076102070505436,0.5999533295957317,-0.02494656784499865,-0.46233227050734227,0.28990637486927423,0.1389026713815973,0.1333467071061946,-0.8778678986219834,-0.015250347094834093,1.5709800068884274,0.2663090043694418,2.4290088869208213,3.343858621601887,1.5246216941594855,-1.072575189497046,2.619638556024303,3.679047079756618,-1.0875970111219644,-3.2051354639247327
0.13114264509860862,-0.8573115549946407,0.286483115649122,0.481856769137357,1.3687056458786515,-1.130688366068361,-0.060800191120026895,-1.5585907890293664,0.5247837730394102,-1.5814009609063928,0.4672858488528349,-0.5340763901967988,-0.9252833769273366,-0.015050554935262575,-2.12970416008089,-0.29526790492063065,0.9492073325049651,-0.25843119511872037,2.352839593339401,-2.2509543113349038,7.696138440972416,3.3351641715156184,-7.942651396086632,-0.09540473144819624,-0.24624134973072814,-2.808868730227746,0.24102893125363434,-3.566083887761356
-0.38164023915125606,-0.1313627684043554,1.0382261329984406,1.0121825848418553,-0.6693540191471689,-0.5364459037538294,-0.24195444091410598,-0.0816449110079714,-0.3815751261992033,-0.8548727251744195,-0.260072015046946,-0.028682279888719867,0.33617819631368295,-0.631844985961621,-0.7544094319108922,0.3471356747258704,-1.4757689726289989,-0.40605209576988366,-0.10633273945982608,5.912409217653643,5.005794683052261,4.126731550643557,3.1616474679808078,0.26798892584895806,-2.6113171510393887,0.7532280035022689,2.9333789881851935,-3.539179336721447
0.9622174494294286,0.9100605335304655,1.2595986968246031,-1.7771038441755826,-0.18365789303019175,0.03004247157097412,1.3959257956632414,0.02693890501301206,0.4519601338344807,-0.2202353522541333,0.754698651342684,0.28781903763081784,2.5333261341947853,0.530181158923653,-0.7253752147985927,-0.18055457220447643,0.256610485634515,-0.9149160640203792,-1.4464952489744303,-3.6770091423369635,-1.165955920313938,-1.819921732081749,7.407543281123595,-2.2689802441121216,2.001107737827037,-2.8206494651496175,1.6693009930077076,-1.6507938569816298
0.38726983107951407,1.1550243992134839,0.6300991586482136,-0.48281217126805615,-1.8791715038638914,-0.7888594076501728,0.6199807455751112,-0.044359173319854034,1.4152408172644417,0.0004091002212968103,0.34830546422601183,0.19641368365730233,0.43593878181374174,0.15272392081409747,-0.6210760376917335,1.2617175235722693,-0.12819449408379055,-0.7791235737016888,0.9973006508861264,1.9352219802607646,1.84725967804028,-3.865750153924993,1.723329582519774,-4.269531852862344,-2.7386621595221343,0.967927674010347,8.869545900282246,2.6258482618612766
-0.6629297666673875,-0.19907955463227264,0.19352536527492264,0.07594907137738842,-0.6258079855711554,-0.3599149748227665,0.010498733515628404,0.5600236793320523,2.3084324644042358,-1.5128194534218304,1.5587093273454924,-0.3471706464360837,-1.334891681109044,0.71778783629427,0.18591704342161483,0.16498474045991499,-0.8495096250268847,0.3138486554787509,0.3640727353356893,-0.9576696898867654,2.540778059279703,3.2130281096073023,-3.085332928509774,-0.5071236455464054,-0.6795437542313894,-3.778437207655384,3.055076183592362,-4.583525921071061
-0.9728658243904014,-0.37490372681345885,0.6773831929839409,0.4215256390770699,-2.244335845281041,-0.22229059212873845,0.20807154175895434,-1.0214678371834243,-0.5342631886798066,-0.23808269408811764,2.0708152001859315,-2.2497200949744305,0.6640113610009387,1.663221937006235,-0.5832353924787173,0.45423148133617036,1.977919953128081,-1.4707189432277457,0.18754934055532388,-5.768524562004041,1.6589267252839672,0.7714854008504002,5.969758270178131,-4.121640583997528,-0.8139285561290858,-4.531723198624148,13.690340375862345,-2.370129021981563
-0.7562046556628713,-1.335089714502782,-0.47771246948353374,-1.9689619606205297,1.105733222897761,-0.6009276437254459,0.8223508393940239,-1.6557250506184011,0.265085558758535,-2.701971631247547,2.4989542402575196,0.4376901218579992,0.09005461891688747,-0.9607441078236624,-0.6352595939057851,0.27323530510707233,0.2585200693773612,0.4768866693023533,0.6783317278612118,-3.697048160748806,1.7047865244018798,6.586474579434109,-0.8258665842598039,-2.5130561998282177,4.4555432349624855,-2.96083420553903,2.4580440302088338,-5.263782716658228
-0.5417166805705741,0.7007312484775523,0.45818725907854574,-0.5381802779334274,-1.436365491413509,-0.7990582642041097,0.7264397018461272,1.073447658347136,0.8499540268092581,-0.7865783041412456,0.32470414691469757,0.6574134114556756,-1.252012094749889,-0.6250945751166169,0.6450021547561346,1.8549705764260198,-0.7234108926614632,-0.9520320156437334,0.5288954378468875,4.265077264040616,-0.04424524278650983,2.888673423460652,0.15427191505095536,-4.652032229618185,-0.17223064231479007,6.968647795313578,5.9171517868204875,1.3967396773290226
-0.48563230999230017,1.7787597845293681,-1.0797663718766888,0.6167060313976521,-0.596440260657096,-1.461136543186508,1.7804781042499316,-0.6661843166318325,0.03542589502225852,-2.523078431439569,-0.2991348514778609,-0.010435856617008516,0.37503259742975703,0.13213867803492613,-1.4684498876227376,-0.9988421518237405,-0.7978326924862867,-0.31343202737145226,-0.9043156509989653,-4.93961822880955,-0.1947864983320611,0.030795441447176324,1.6554960859411725,-4.481816612119309,-0.278585495661343,3.5413019832139603,4.012806914565817,-0.022147113289769545
-0.2970726755248088,-3.60770234759826,1.0054284791318955,-1.7085535435345673,-2.0383051554808205,-0.35813386739068315,-1.040253498839235,0.1736210770082469,0.3875186149558311,-1.0123710696398516,-0.4510672127356151,-0.6127018276032049,1.0422514990705098,1.105096988389003,-0.014731676119577477,-0.4658772209123649,0.16680765187322255,-0.5784785843733883,-1.9409442905254182,3.1974892907322934,1.3019236725463272,-0.06018763917275831,5.3258536474414475,6.26769951914996,-2.754210233015228,-9.477820019860749,-2.6044453896832964,-4.782407590414396
-0.4428123310055417,1.2099209962775794,1.2209164923442721,0.8009998990066943,-0.13601634920829603,-0.87540014732235,2.7765950215076898,-0.029879859416772517,-1.5718864562827577,-2.491036453951524,-0.6706321125986927,0.9958583685303538,-0.6918488863794443,-0.43385051523097157,0.8328385641684863,1.314210051702247,-0.5114922126388561,0.49165896039136214,-0.9719781493747246,0.3172018038239212,1.412540275245126,7.34407050494078,-0.36041906330536166,-5.299600904976673,7.807573339429306,12.642258738736269,-1.8240788561704224,0.838682976776697
0.21270355696169338,2.4704419192159452,-0.0948142732635341,0.24044007604400588,1.1552027358883177,0.30288322859134975,-0.8763246191784098,-1.6755428735280484,0.29471931547373387,-1.0327305323326568,0.1921740654547243,0.7356066080873761,0.1988610621944207,0.27331210026608865,-2.3682266484892582,1.4358688168655631,0.2772036673587815,-0.6156365973504268,-0.07382306680053809,0.27203323993291967,2.3261779633647652,-3.7184078808079466,-1.2464451410282718,-2.1895167226092087,-1.2941281474245923,-2.4002220120242246,6.518400852641109,1.9074720010550603
1.5742332258296678,-0.8247555494315357,-0.04123590081331682,-0.6476366074839729,-1.5724187053311987,0.672557685231151,1.7635600881623774,1.6194006879017302,0.5809511836560795,0.0533427638966556,0.3699936566233669,0.5388042843917933,0.837069584041241,2.8973604342889208,1.4553669472161042,-1.7494214272560111,0.2649773758865556,0.31870982008631343,0.542996610259593,-9.100275276239241,-0.9437435094197067,-4.480731251375149,1.904160182610584,-0.4536120028198707,3.9618296277281546,-0.9867953549506456,-7.949048186448496,2.529618638869353
-1.4115835418697693,1.166046647358384,-1.583753861301433,0.4277709016328636,2.303220873820771,-1.2404235019135685,-0.15463560053594405,-0.32691884825024115,-0.12128515183509754,1.27609437464173,0.2602733504760625,0.5748370515624983,-0.26745003852449234,-0.36851959116964267,1.1510039506079026,1.4150965499061046,-0.4486694883629382,-0.6690372988251206,0.0359519201014263,1.3835288759038225,-9.311986321609483,7.811990027635857,-3.3179248275146196,-7.884229816302358,0.17190087813558594,5.851610119343557,3.0352456420527774,5.782259682248628
-1.6493459059291828,0.21386202651023833,2.611016606987967,-1.1313861551746285,-0.05150488844416376,-1.2575884903617445,1.43512864271776,1.2915128900694817,-0.42183988929256433,-1.028337119725105,0.4177713442036908,0.6732905784360756,-0.987247808953834,-0.6124148917241753,-0.9025931010378777,-1.1198454033065381,-0.6417702678298512,-2.0360892978007255,-0.7323312567458181,0.6183263587421712,4.486014073799212,13.412510989380593,6.425097611574859,0.9968989392915125,0.34901867259675046,3.482377747278088,-3.9754731568687642,-6.806968616645091
-1.667606024807804,-1.1132512540046617,0.3623118628688873,-0.6243714027033775,-0.1717807720292163,0.16535906464952252,0.5437535146272123,-1.3933280866705988,-0.9072266236313704,-1.209892209442149,1.3868356590808495,-0.47620838505237423,-1.1659026518200737,0.5390702210787675,-0.022585571433740646,0.8330077992656844,0.34457828676063906,2.182537193796015,-0.08260449812719771,-4.287887691915462,2.1131391548963556,5.248249518591029,-0.7609052977913876,1.0397055574288252,5.137655458244856,-2.4142079601787305,0.8866050753510525,-5.09333051589513
1.8088063546251443,0.23999129338743558,-0.7334580776337604,0.42175547305633393,1.4370934857394235,0.23206915271308962,-0.7743605116160244,1.1482107922444043,0.11631978618382546,0.34914534425772625,0.9443526710966268,-0.27735568730303617,-0.2708361837840596,-0.030861137193026997,2.4063764036782667,2.1053994153460267,1.3905277763357125,-0.7378797970897626,0.8524312643515761,2.2871471292760472,-5.881619936632367,-0.5015332347584739,-3.894762131737892,-6.943296886434689,4.717973657422974,7.233117704868254,3.705064178792562,5.690861051224661
-0.5408865391460951,-0.8589156220354912,1.4759883997946548,0.05288293037381877,0.4510518448965438,0.39785853377430885,0.12376203084773353,0.9884192857505996,0.20308834092261677,1.698523688131911,-0.6901711675743144,-0.28883580613901794,-0.21022056192242386,1.1027987762210347,0.11496939777894812,-2.7265366142387277,-0.3090881094890426,0.9907945339670159,1.4952247912106278,-2.5344432854138508,4.3360327584599965,2.58616145374106,-0.5307851089925525,7.083914703454312,-0.5897438554767361,-6.069373832874838,-11.676935336856248,-3.157921394484028
-0.04757931129932572,-0.8874233887894413,0.5448710224762011,1.0498429706924235,-2.100040552433516,0.5409793889567501,-0.24239364318523868,-0.3287544065280076,-0.21722036258634037,1.5955209928137353,0.6037126003449872,0.7283794803431655,-2.4078673142563383,1.2158227495075928,-1.105656387219779,0.34453951313844994,1.176480679097718,0.33945466753345954,1.3609780953696795,-3.042002300924499,7.0715966315766625,-2.9191801624803335,-4.089367543777591,3.532091890306798,-5.279300074422854,-0.03905481358900231,-1.942390053610773,1.0786964003790955
0.1460322062678848,1.150080645391288,-0.09770559300163534,-1.487282008906313,0.45453564846136135,-0.06710089698467739,-3.0461226878112577,-1.0587335238944022,-1.212039322162737,-0.6935485021834593,0.24618351443082565,-1.1409690323430088,0.07309167068555492,1.9287361284672566,0.3501750081897861,-0.5907641608630753,-0.2508680795220782,0.0953658451476902,1.1904315372981071,2.2728118773682557,-1.2980999853585131,-1.9759470001385162,11.627741731086939,1.710568895826539,6.000911737322504,-4.307761094053394,5.023448190861918,3.456934537025513
-1.2690999891532766,0.04938680696963237,-0.9378465008949562,-0.2651003494090048,-1.238984952869254,-0.9752520601076821,-0.8982142399288232,0.7901044569499234,-0.14684722235522032,-0.15144519077439653,1.234391485244028,0.0825642219265187,-1.015825775868277,1.3599827155857338,1.0690135899764712,1.855564339052301,1.6521550743117763,-0.5408675917589955,0.5808464918587609,0.8806357838339034,-4.838432076559841,1.502231288346341,0.9875281559836817,-6.538033974016653,-0.8971624372634552,3.412518004479329,8.143972243746184,6.286422437381892
0.9841543010913093,-0.008230112883889269,1.7936506728826829,-0.3848208890836124,-0.9523550423736705,0.011986116319332671,0.37743203049065416,1.9418873087328374,1.4753168358491988,0.290286781225179,-0.10698424353765423,-0.1917511349468137,-0.4765227571710148,0.0845776840619794,0.3942123486592518,-1.1865126662651242,-3.1298669515074486,0.8651813449867433,-2.106727466951082,2.454986112725737,2.3242912426692697,2.023657135014659,5.778297613901251,6.397636782298248,-0.012490359943542029,-0.9433270441290047,-6.185710252537151,-8.441461230884824
-0.12695831555216466,0.8858602022244452,1.384755252770754,0.3634788111253818,0.6158047543585667,0.693075581346723,0.20786086576978755,1.2499983270356358,0.6327598209336961,-0.029210070600110646,-1.752265042746138,-1.6992045565683882,-0.9775269733253176,2.0819419735579947,-0.8780587618715853,0.6488063982725015,0.764140311999547,2.2050032555874206,-0.2510903290191304,-3.645163461660927,1.6703316174021552,-4.261261485493516,-6.620509781756867,3.9338361361040475,3.082036207942591,-3.746223892914741,-3.4241189650447663,-4.088125335528925
0.11441064263454029,1.245676706722464,-0.5804818781980844,0.12385026273018875,0.7803345350510332,0.6022456290524383,-1.0914939431578132,1.105100468732745,-0.43500442188477434,0.7875229254463749,1.5356749918999923,0.04077927007596179,0.3843970269290505,-0.30438993078745424,1.3787311320016213,-1.4764824769186886,-0.7857959486128099,0.2929436672730312,-0.9665816509638938,0.2030114762601836,-4.463095878748696,1.7306787143766775,8.213143290195754,0.2653652423329743,0.7900775064441576,0.2495526970053789,-0.3063219409674519,0.12015529590706626
-1.655919504368577,0.7473114753318528,-1.170776772060785,0.035693114756196825,-2.7490447580110686,1.2429479278225009,-1.6050817185811068,-0.18639536868035372,-1.0451664084634231,0.685493418264075,0.6894386303057627,0.343608589499379,-0.27552604332476444,-0.4598182016948607,1.404158485515598,0.6413089379645863,-0.010462730500304943,1.1728710872602799,0.194961689818417,4.535354631313978,-2.088133278870034,-5.751520716974744,7.433621109386996,0.6385024939984573,-2.584889496039534,-0.6797710541004576,8.413737752913496,5.5619527367469495
-0.29006095460329845,0.8751135912830861,-0.3619891493050097,-0.10487975512760443,-1.7993894740260328,0.45190702340150696,0.3146964228716177,-1.9053581314855255,-0.7803186191484185,-2.141536895065284,0.050189479960191116,-0.726322925005681,-1.4978432967340793,-0.2529904613871942,-0.9474140036613518,0.12871361493108757,2.0954747037546313,1.2557940283363458,1.7624137468552057,-3.8994489415753955,5.836994172415626,-8.145564657138955,-2.0220248665190694,1.0690573358410704,3.0727475722218327,0.7863738701409,6.642382480634938,2.6268494304278187
-0.4937216389894697,0.19015547927798662,0.37790372588775895,0.35986098039431363,-1.1060896271720306,0.9673888531596925,-0.0706624538022081,2.224207076899722,0.8754730035234108,0.782716217438499,-1.569771294681096,-2.0454171645380947,-1.6540448375290973,-0.7372830738395357,-0.9982666292768466,0.7262134233227509,0.36054194092182446,1.360248365817529,-0.49608638953275047,0.7214518338499416,1.2886982967779768,-6.536059575836032,-5.222970273146158,5.175970653734009,-3.48691902753391,-0.4886071698290746,2.213056388692078,-6.643436823125306
1.1862368163430954,-0.08354044194842894,0.13853384285605008,1.0397811047453365,1.0982651578319504,-0.047435202679571194,0.8516508858540139,0.37768310480605366,1.5259047080731325,-1.1454168075331248,-0.5140624400527526,0.6100177376017573,0.8032623079096389,1.5806915415540201,-0.7745856328441134,-1.0509425946431084,1.1372438780861347,-1.2094392974827681,-0.6402321185141127,-5.026114043488468,1.1685865481841704,-1.694436383716747,-7.953916631892097,-0.5825374249019459,-1.8221735144594717,-3.8188319417328946,-7.082511217448328,0.9555603908364014
0.7091691808132583,-1.6406791919418313,-0.08536519746231895,-0.3127906399440577,0.06361047464217495,1.5196442559868117,-0.2951826448764006,0.6771178391458161,1.1959598710621764,0.1822456278665534,-1.2120218095682116,-0.8241194660907359,0.15179630271560232,-2.1007855254608776,0.159709117190431,1.5627690468148652,-1.1259608951578466,-0.10907059570384174,0.28721037035044483,5.73783285651843,1.1898637839513293,-3.7896918630415555,-6.367536652039452,3.454634691963256,-1.2182873808340364,-1.9976260622370647,1.9641272878004061,-6.043118811880738
2.7055416751491346,1.066699282145008,-2.217596858913903,-0.037569665944268464,-0.37032112690677643,0.28398037874687554,-0.34372500111538495,-1.489880142274944,-0.5018173224726634,0.4813549690800548,-0.4205346868435151,-1.6320126443921903,0.10530954970428809,-1.3282338736010222,0.4392389844144537,-1.351541935491383,-0.6675985263277353,2.275646011007344,0.5524302082968222,-2.8813892919600312,-2.209264650653664,-13.09822145644279,2.882658337069336,2.076249214114633,4.183723714407912,3.5833475403346053,3.3191887371774547,2.6942554037212747
-0.9142404424854479,-0.4856094112187549,-0.6522778653182073,-0.0391418618330425,0.9004597785219111,0.7194130350446465,0.34645087796206064,-0.3485730923736896,-2.1439018638888445,0.4709628123167082,-1.1707137468819269,0.7404038826524514,0.2986886393147085,0.5032014635633493,-0.11857295945313337,0.9481687540684807,-1.6087687765226457,0.8879577714570832,-1.967515930467399,-0.8621560720199619,-3.9078717115155714,3.6446462164590008,2.049676058991225,1.0846773340055917,2.69838497851855,2.088630001418722,-5.123629714898948,-1.7405229865885674
0.23118459009309597,0.3904444500281538,0.006910306760137162,0.24611861455031248,-0.6281280276624844,-0.09949400556441615,-0.20217284706199343,1.2944223267383552,0.26457411543127085,0.5950860234518938,-1.4676662133807767,-0.7332173152879863,1.4215842534017797,0.9106388198533248,-0.8529172738259307,-1.923803581233323,0.0921122416711435,-0.22402378106309298,-0.11240573834910891,-0.9463858382455246,-0.18999571730613818,-5.402097891093744,3.1517626577504863,2.4956481177162746,-4.231138096007495,-4.071954945138321,-2.1985517873013145,0.30229477272698513
1.0046745168466895,-0.30109101406670835,-0.3327419370552807,1.7905922474644254,-0.6035093940059211,1.8024874871689287,-0.14697234207041976,1.7453329177775891,1.0223057966776348,0.2335065957220886,-0.7591549855986911,-0.14528474091526106,0.41652731948030824,0.46436124802188783,0.5737246059898351,0.5864817927589958,0.6290913266084274,0.029608009236442082,-0.6358349086339885,0.41835470182188633,-0.33617307158511484,-7.273283851494578,-6.793366430337393,1.1768194418114448,-3.489877996356907,-1.9325932519434001,-1.478720938842845,0.021917743913435317
1.3429813901478034,0.30494439338430124,0.4665801281423124,-0.35455550328253665,0.01735669750631698,-0.2590770670174324,-0.7783132305168974,-0.6934690022892468,1.0985919926853702,0.8038588829010455,0.6455093586762474,-0.5243330643871517,1.7300532753637408,0.9025016423630551,-1.47789085592153,-0.028430744096892387,1.3755596669262142,0.9909850129812887,-0.9787350025958111,-1.7561407957181105,0.22954092851547447,-7.601437287431052,0.9973269348359985,0.8573979912887105,-3.3479634161747978,-7.905162952223445,2.050636755636763,-0.06302975525342155
0.6950153028513081,0.0017507164401008202,0.2728708760803113,-1.2392599238610729,0.5342562145697629,1.5350863194063973,-0.14768576228350644,0.3936800992508136,-0.8543311033964206,-1.12512012857522,0.4556651457250927,0.3560347563572131,0.7985280507777786,0.7767792288655564,-1.0845612803544944,-0.0683721509089983,-1.9978296617662779,-1.094613595089086,-0.4574029092958131,-2.0360339295876995,2.0574360124633952,1.4101133343767915,7.6748888705789,2.0347124979926603,3.7441570670055326,-2.204762781734737,-0.4346947697441437,-6.962978904881773
0.5344479331736548,0.004910209402486076,0.9614927260890208,-0.3264758201211586,-0.6339624027371649,0.34468388518882953,1.3562958499894429,-0.723205533798547,-1.2583773163737555,0.20161054131808184,1.9139215290514158,0.4120175487049333,0.06771526408370253,-0.5866895890679954,-0.31000211470222555,1.2801717386965636,-0.3697313083898913,1.074409236281936,0.11252346887580947,-2.293421254163276,3.493349549017739,2.915210844798964,4.400358151780341,-2.485638463333511,3.845385536614382,4.461566437648753,3.2926170766385554,-3.824703097618096
-0.993219568196184,-0.36539525931813893,-0.1342037707085957,-1.0149184897454053,0.9037598463511388,0.2846370000019563,0.7332360259399644,-1.3461857329486682,-0.646008905429953,-0.45734726637129575,-1.0302212584165025,-0.019904885424263937,-0.10098792332025382,-0.7132490898557192,0.21939356946464228,-0.4056433992938481,1.9247577092239527,0.1074560152260975,-1.2334284504967237,-3.3310749633741694,-2.9115657771874743,-0.3031633164869173,-3.8966547268786953,2.3804674363835465,2.8950577154408563,-1.487636615980699,-4.536579240145022,1.8305711651636787
0.7300071462714878,0.6135151876282329,-0.05883222184496651,0.7440183439885043,0.7150703126619855,0.7647300153749004,-0.8346775933861867,0.3826934869645249,-0.09935001468211659,-1.2525331632795378,1.172266435143996,-1.5150502447432321,1.3247360413784808,-1.239786888205022,-0.27547407747844643,-0.3468267666981188,-1.239641584744881,0.5429592623349953,1.6494453218041165,3.110514681768755,3.9343341105631855,-0.3208661105692467,4.319414088529573,-1.2242679801913714,1.7926518022698525,-1.9370711926280533,7.882162654017164,-6.420717900867589
-0.3626680308870343,-0.8858496138813483,-0.21892221788022942,-0.7114405384959572,0.13278993989823254,-0.9200994689705276,0.21412528532632927,-0.10237278560680384,0.44679591536345786,0.7318502475296172,0.01018391016858071,-0.4929102486362087,1.5320986963958203,-1.6658537659768287,-0.7300297201595574,-0.3631429472327823,-0.18403627711564816,1.2472844256530422,-0.985679489775437,1.9652469934648267,-1.595703560195423,-0.1609704227822158,0.9386053660774041,0.8383065749684481,-3.764246203525625,-3.0412247843822993,0.8244401716388707,-3.5450033549266444
1.025891895979468,0.25969209237612045,0.07122841169915425,-1.6809993018879041,0.07699553049909413,0.5327066655921805,0.8497592860007873,1.3935926017542715,0.32977804366754393,-0.5652405232731511,-1.0945947652451622,0.14504743109780352,0.07239488874530167,0.08926598927146566,0.3465538899806428,0.3194612288512308,-2.4283891551935697,-2.136446018935959,-1.8744672637545583,-0.14765632900620235,-3.9360131611341194,1.1513649599225806,4.92787239745147,0.35300247274432517,3.725968396179285,4.226103280824655,-1.8921980943640369,-3.8777543406565673
0.7914660946159167,-1.1104014433612452,-1.2973603384323316,1.2656404656159503,-1.0752664001973793,0.11599499408487356,-1.9224735650058402,0.44286187709324354,-0.43741938287328197,-0.5562541823302075,-0.7881807857457795,-0.24999399694463256,-0.5060559541625765,0.21173851859650317,1.2047510935615806,0.9065416234832113,1.1596336701847507,-0.01860715988361445,-0.03755956512115419,5.4662091673532345,-1.5693267670457247,-5.9314346819728625,-2.808262377799301,0.12430431965483094,-2.3545277334382395,2.0027238539293424,2.0322589975621486,5.792976487440155
0.4578285316177709,1.3317186173621456,-0.09383458911123932,-0.328873492003343,0.1146302500863396,0.8563516280289617,-0.19344158401279737,-0.617729649317884,-0.4463712672419079,-1.707713303963479,-0.5240317419808505,1.191579651048725,-0.051128951011226845,-0.4861788649151404,-1.6509015983517528,0.3575035015629694,0.4597605287018905,0.789811337852819,0.4571767851442055,0.629039673373959,4.5280482679007035,-6.4419649007346935,-1.0740830153835832,1.5329519820683,0.5577502522471742,0.021731547451894664,-0.21298061375442828,1.4966614275356727
1.846088738338834,-2.444768354194568,0.5216597287501145,-0.8347086504258103,-1.3904439571387799,1.1570218077775947,-0.33510384345207317,-1.0217160194740584,0.8155751143010451,0.9645983651899007,-0.306227574784216,-0.09246025254818238,0.8650885480443837,1.2060429081210933,0.2740955931708519,-0.9761242423545968,-0.20682468055006537,-1.0420638844808399,1.5468758213648692,-1.6808466132745385,4.422407591603185,-6.184850455474197,-0.05469166738194437,5.227233768117759,-0.5842232116531627,-7.751417864739781,-4.010377985151525,0.24369343115736916
0.4639874709384773,-0.9496821150917153,0.7821873528402068,0.8386449121318783,-0.8543522354756717,1.3601005210140205,-0.33075915669425965,-0.7674454449869231,-0.20763888237590292,-0.3561038144689901,-0.751073474465652,-2.3106280293211205,1.2957023506742182,0.956753479068278,0.38505871956814647,1.05045939905871,0.5103405522984521,0.16253699798005752,0.36109509735495326,0.33832311598337117,2.4267248037785984,-4.874800945795174,-1.054395555175171,1.2149237397144454,2.389027338097963,-5.75822064037532,6.191653226299552,-2.682330186770895
-0.5958611257986086,0.32556231794992013,-0.09447000025139464,1.4626166002927752,-0.2557687035269211,0.5464611796349935,1.96164186454058,0.05653156688304381,-1.474966204075317,-0.18679577005614562,1.0592813903209162,0.13104157410090728,-1.4017738881234059,-2.439218940195085,0.5603284438360758,0.07297162049355821,0.1465190261866254,0.6402763844703975,-0.5000997306531543,-2.8567076597741217,1.6518338549542793,4.860099948944581,-1.6478833696497888,-1.2759818729968004,1.82549377236112,9.606317709853847,0.4056735705381398,-3.520012223784885
0.4567346367248636,0.15512428561594296,0.5591705889911321,0.32856761186090566,-0.7495933575353073,-0.9179340520005924,0.28705811618828814,-1.1265769288393126,-0.960249466294307,-0.21298744441086356,0.17313036946925547,-0.6868499081657924,-0.5376110681475941,1.162493057360945,1.1014271023607323,0.59438307172577,-0.13400057846653357,-0.28190622623595407,0.9607711399387806,-0.3439057674954963,0.5806412067615097,2.576795132591378,3.074306536012215,-3.1923514737467396,5.170962575401473,4.969544638740223,3.718042980496323,3.3126374815953388
-0.10576406945017207,-1.3394574983986218,-0.4574612622732145,-0.4071467436947903,-2.0556118052844825,-2.4413323627032555,0.8483797321421436,0.5584639626647299,-1.2996944104499932,0.8791285345082873,-0.5770592864594635,-0.21173489508602955,-0.26435117943740205,0.20376443645727998,-0.3038392560262424,-0.05465247531021979,1.1414967374635479,-1.0725982096335271,0.3102369502434551,-0.48409619876652665,-2.1420021756965673,1.1947039940205806,3.4899677325614697,-3.836162829387957,-3.35830992885138,8.255691466124235,1.6631029150495515,3.8614071084184536
-1.1993130577733817,1.5427283648960386,-0.12705652424430525,0.1308266160979202,0.5392136401140726,1.2333633772668542,-0.7317026126048962,0.6513143668169844,1.4063018891537922,1.670907914091017,-1.695538023264862,1.377801507793419,-0.4893478420732785,0.5953225684649421,-0.863495267194323,-0.15204255430076105,0.21666960241264788,-0.9288317850666336,3.3083724393524916,1.737053879916033,2.2671510519305467,-4.828726993496231,-7.773817054888594,1.3765702810919287,-5.508292377851626,-4.733560435484365,-2.529006390234789,6.3464288122840475
0.5740457273144335,0.8942394712352242,-0.7162666255172806,1.4896135923689058,0.0027020059817708026,-0.5540483497336216,-0.7590157186373941,3.0026760909615793,0.10081727546059403,0.06147973055809441,0.4003178033419772,-0.9161470522813746,0.3365649257434201,-2.8614635230379886,0.2827333666448119,-0.667974718415754,0.28165392373202397,0.16582549539423275,0.08117054288413703,6.845862658934195,-1.1696840015388283,-1.314256246059905,1.8666628859073575,-2.320681029907146,-5.3171113444337585,6.506681330065451,4.91886803409906,-1.667506993085384
1.6715975493544286,2.3539647700736985,0.6847737604849367,-1.2861476021489375,1.1439387651335895,0.16892394329818355,-0.5295360602208457,1.4159680335934242,-1.4745319580721834,-0.4455707751030628,-0.9626976582879352,0.23794864215726907,0.19862903532777604,1.4357926474759173,0.7701019885216774,-0.18931568161307777,0.16592394741638639,1.4917771048349,-1.34626304627023,-0.07385545422534223,-4.266481332442764,-4.058175501453915,8.162210601599037,1.0294300302130912,9.013831031456665,5.4478952531113585,-5.6503161179327135,3.9469584548383496
0.0016549603144755517,0.6375675364481751,0.5283746594374781,0.33061926682357984,0.313214698335636,0.3797496402772238,0.1121622370009923,-0.7699418114898955,0.19871282582033228,-0.9109768714655123,-0.705140529984976,-1.0347151623274713,0.48304924987411485,0.2825036591869311,-0.1673878292763041,1.8669322054459727,0.1154420036721762,-1.5208109591695673,-0.021253979352352344,1.2689437750212003,-0.12167867968369017,-0.14961319756583727,-2.1549303722323763,-3.05306813084067,2.3429384289284263,-0.20350957619116417,7.569464313364803,-0.5605892738611603
0.7269887695270428,0.6986385663115823,1.43381890504688,0.13730838431051162,0.7808990817546904,0.6083850589817423,1.193466860721828,-0.4270775780652948,-0.6788663063629228,-0.48798329673080754,1.038814381554845,0.6100951339307003,-0.7661636520368802,1.2779240125019002,0.25630629969174745,-0.6968408983524443,0.007502342750643016,-1.8294922491235366,-0.004858083925747924,-6.351737197075944,2.853465496667543,6.138113089291615,2.1688020914774193,-0.3587045954245108,5.763701644359784,2.8681532403435286,-4.314595787010637,-1.1690162299958833
0.7002973395013833,0.03420258389063667,-1.9174827502923149,-1.755077076173048,-1.0001994192690773,0.17260569850856616,0.5646149507242603,-1.385256744557251,0.13262516528881246,-0.49978575299103944,-0.7582382451391941,2.104562721989991,-0.993329071705156,1.1341705967177778,-1.9806450209450008,-0.5780266851236202,-1.843953882966737,-2.211204735518463,0.8784855123469409,-5.633693785908596,1.0445434272715222,-4.463219125937256,0.9916816865040902,0.8366198878229825,-1.4202092237165258,1.364311834533762,-2.5241247532437696,2.979684887712517
0.28255002061257384,0.713848281057798,0.11875881043174043,-0.9954255259635321,-0.020126167137180993,-0.368848896559057,2.3689340661135025,-0.08762969800157376,-0.742752452554067,1.707248862135301,0.4689457732448306,0.9561306361220299,0.10688433293544049,0.8423180045383168,-1.4162576109144,-0.2429251191951664,0.9835361115443754,0.7268265137743325,-1.292881456264407,-10.312642295782062,-2.497758891676323,-0.7463771773172323,0.7902374177235992,-1.6221051535625557,0.3477843162362411,3.255415653418124,-4.82307409502679,0.2133712714285182
-1.2240859094588965,-1.8163202487031729,-0.11246687676729034,-1.070980590676163,0.6025834873675405,-1.5317560497226743,0.10311369753722356,0.45860344179757406,-0.9997780517997868,0.052604133992459244,0.06688333105809313,-0.4914133717230754,0.057601278827052016,-1.5562826010645991,0.5499734900291576,-0.2548436951576797,1.6713408660982048,0.49858370117837664,0.19666076344178382,2.299780983622295,-2.873156993667137,5.886495157285036,-0.20900762958609004,-0.782224982119663,0.2078094549006402,2.692194168280764,-1.4574194223976273,-0.5908411996138082
-0.4977530776684142,-0.3433690608529144,1.0153904586163713,1.358505398507335,1.0960857911823914,0.2533187270306586,1.6887580110926252,-0.7332201238235199,-1.0355367496162615,0.6446565779623278,-1.2416988366138002,0.0824669376812792,0.9936454085992875,1.4594183345698466,0.4464005916354267,-0.7830996093035792,1.5896025566790348,-0.1384003021403274,0.7209390432274382,-5.664594401487533,1.1240076825846328,3.1545752910032974,-6.034582394212521,-1.1866670995154922,2.846063513460714,-1.030469315526723,-7.827445054238718,3.2530765036561906
0.00691675323194876,0.3234252020147774,-0.6383142195544825,-0.6042283121344427,0.8288954681609598,-0.9639946298239022,-0.0669751223913277,-0.28309844243512905,-0.12318363038459249,0.2096138789480458,-0.13770955353154354,-0.33644921076329365,-1.7980166331854077,0.014839193282416771,-1.1668470338554016,1.022314098764712,0.5273381589333411,0.3825001234065761,-0.6393577724724547,-2.3934365466579037,-2.3027363749644403,0.5020273862628777,-3.4417664139443738,-0.5507250436263151,0.5330313672009841,3.806569683716982,0.7082803808864896,-0.885210201112205
-0.015271869152457944,-1.4309564546502318,0.6898672273342389,-0.9493718952353615,-1.6290345059966014,-0.15019791264408497,0.5412479946367842,-1.259672562974649,-1.124119429295528,1.0397848751647778,0.957626947090831,-0.9935340890934639,-0.6044183953675482,-0.6132099437722803,1.529936673387909,2.099366440257776,0.9215664982981254,-0.6331748921713762,0.043937975587294044,0.6473217643883812,-1.5282699655224925,2.4225163435028767,3.1819954393082406,-2.525140832761408,3.869262952947171,4.916443886674687,7.613975083685998,0.48619626840948976
-1.3984263856629722,-0.3338886250162385,0.7182186307093752,0.6806870145539031,1.5397133750590473,0.698199046805064,1.0648683852758534,-0.9637024483424267,0.9418483001363818,0.1722371665594955,-0.8991229338011151,-0.6303300701507257,1.5148989006428322,-0.46105495292378573,1.4966267854694377,-1.296410331093438,-1.451882540279305,0.9915580693224253,1.5393513074574532,0.30414202915358857,1.4353490787706038,5.183491798977229,-5.107222545927486,1.2873965849267441,3.1384094455198723,-7.048545450169096,-4.711674613910443,-2.0452109893248793
0.8987752325057871,1.0272320094808534,-0.7939927805636753,-0.6359881964794926,1.5785389906601939,-0.5086841869821035,-0.4478403828479825,-1.2077874423553538,-1.5927631921221737,0.6607860697346042,0.15630330997286054,-0.5281579116679087,-0.38782842509508214,-1.3812602635827813,-0.9901344783554543,-0.1971612054823001,-1.5819278658918237,1.3816877788319175,1.6155423858007039,0.19905111096522,0.7428682413985985,0.7776165119189871,4.5146910294987395,0.11018182886351655,4.373876685601122,5.080946312565974,2.0872757296433804,-1.7680139612348518
1.0213623286626616,2.0329559929841743,-1.202607301285689,1.5166155027116117,-0.1218757173894095,-1.2631288607933673,-2.5508035436397063,0.7077583557288256,-1.9088816773594808,1.1726608553776028,-0.7875283893536774,-0.41518768960573293,-2.5358890062255743,0.938195657722002,-0.1930568565684599,-0.15086842343885895,0.7192360993405548,-0.22363385198879393,0.3910653472975204,2.9474281490150127,-2.349344884743907,-3.688119526874965,4.218677572590263,-0.5398262343128845,-1.468537304757984,10.444774371720332,2.1348706854163897,8.315055098867566
0.748450112248463,-0.6074086416900257,0.7396448655075756,0.9528282757874805,-1.4436665113096052,-0.8105695309646472,-0.044934239707561774,1.6578781362541324,-1.4936235812132783,-0.3784186064006559,-0.9166699245507932,0.5642224089249019,-0.7267014059506275,-1.2042130123974712,1.2032915320551576,-1.3997267566168377,0.7701903689011919,-0.2297237208511006,0.3582456319507477,5.880298945640191,3.2182477679063672,0.5087560027986123,3.486726305811481,1.7926798526469425,-1.1163896796752177,9.243652756266727,-5.767325593899713,3.5820493183408884
-0.6843978523757798,-0.1649201563883708,-1.1317526188695008,0.41191596382238527,1.0484583764265085,-1.28973990889822,-0.5713588900356327,-1.2947523635933338,-1.7413865322269355,0.4646868706279268,0.05804334317357099,0.3153786212132511,1.0673590306028968,0.40032121947315147,-0.33995568924401864,0.42712190857388915,-0.23015862180586594,0.9107928186158036,-1.0159391102901882,0.5808056616873593,-4.280864268603347,3.7076532657776444,3.046653355891104,-3.404965120368521,-0.1278242774574565,1.3117865943726204,0.512822606214158,2.8283295108481696
0.8362113485361073,-0.6473385241120304,-0.10730727202173272,-1.2823557065488096,-2.4014608063608365,-0.03179246225884106,-0.18888726935644515,-0.8238919782632458,1.5346431721000886,-1.091341448759779,-0.42088210228568934,1.0963324559512746,-0.22364055091184992,-0.08721065325259486,0.014349019450747564,0.022240775357166318,-2.198326724715931,0.2939613762108148,0.06550640872326662,4.073186000559286,3.4835557173491285,-5.561615172559474,2.618071009770461,3.4071418496631076,-1.3587864438308104,-2.721147392746638,0.0207981840792949,0.7325234707877065
